route,split_id,target_scale,model,cohort_scope,model_head,n_cohort,n_predicted,n_unestimated,mae,rmse,r2,r2_status,source_run_id
M00,S1_CONDITION,neg_log10_mol_kg,MTL_FULL,full,ECx_Growth,239,239,0,0.5050744494214245,0.6287793791845389,0.6294113085350708,DEFINED,b6b89fac0765c8c68f2f9383
M00,S1_CONDITION,neg_log10_mol_kg,MTL_FULL,full,ECx_Mortality,244,244,0,0.5052500551542828,0.6770598092355657,0.5955153201992415,DEFINED,b6b89fac0765c8c68f2f9383
M00,S1_CONDITION,neg_log10_mol_kg,MTL_FULL,full,ECx_Reproduction,163,163,0,0.5034642984018796,0.7257528692476183,0.7394798820137041,DEFINED,b6b89fac0765c8c68f2f9383
M00,S1_CONDITION,neg_log10_mol_kg,MTL_FULL,full,LOEC_Biochemical,138,138,0,0.7691382778921728,1.0318735336704812,0.4860521289240729,DEFINED,b6b89fac0765c8c68f2f9383
M00,S1_CONDITION,neg_log10_mol_kg,MTL_FULL,full,LOEC_GeneticDamage,41,41,0,0.8097816598707279,0.9756927589655935,0.7261432566211314,DEFINED,b6b89fac0765c8c68f2f9383
M00,S1_CONDITION,neg_log10_mol_kg,MTL_FULL,full,LOEC_Growth,232,232,0,0.7027349706394461,0.9658250993252643,0.5517762650250178,DEFINED,b6b89fac0765c8c68f2f9383
M00,S1_CONDITION,neg_log10_mol_kg,MTL_FULL,full,LOEC_Mortality,44,44,0,0.563768914598201,0.7562169595059669,0.6161523722278435,DEFINED,b6b89fac0765c8c68f2f9383
M00,S1_CONDITION,neg_log10_mol_kg,MTL_FULL,full,LOEC_Physiology,41,41,0,0.8617453016051551,1.1867650511485908,0.19618699407909412,DEFINED,b6b89fac0765c8c68f2f9383
M00,S1_CONDITION,neg_log10_mol_kg,MTL_FULL,full,LOEC_Population,108,108,0,0.6025247327852592,0.8171117285086005,0.7314905843313189,DEFINED,b6b89fac0765c8c68f2f9383
M00,S1_CONDITION,neg_log10_mol_kg,MTL_FULL,full,LOEC_Reproduction,122,122,0,0.7105641932480898,0.91007416699492,0.4549651274309816,DEFINED,b6b89fac0765c8c68f2f9383
M00,S1_CONDITION,neg_log10_mol_kg,MTL_FULL,full,NOEC_Biochemical,117,117,0,0.7013059761874039,0.9338589575506656,0.43993221790320236,DEFINED,b6b89fac0765c8c68f2f9383
M00,S1_CONDITION,neg_log10_mol_kg,MTL_FULL,full,NOEC_Growth,313,313,0,0.6188710317371608,0.8157750089294014,0.653469078614521,DEFINED,b6b89fac0765c8c68f2f9383
M00,S1_CONDITION,neg_log10_mol_kg,MTL_FULL,full,NOEC_Mortality,73,73,0,0.7840468336800327,1.0166637547776467,0.5323151699662783,DEFINED,b6b89fac0765c8c68f2f9383
M00,S1_CONDITION,neg_log10_mol_kg,MTL_FULL,full,NOEC_Physiology,40,40,0,0.6107643080930417,0.8896408779506811,0.6294446234310687,DEFINED,b6b89fac0765c8c68f2f9383
M00,S1_CONDITION,neg_log10_mol_kg,MTL_FULL,full,NOEC_Population,111,111,0,0.680132002331346,0.9472693596322316,0.6085607301071018,DEFINED,b6b89fac0765c8c68f2f9383
M00,S1_CONDITION,neg_log10_mol_kg,MTL_FULL,full,NOEC_Reproduction,150,150,0,0.6265688230198251,0.8519387088963626,0.6223858783981339,DEFINED,b6b89fac0765c8c68f2f9383
M00,S1_CONDITION,neg_log10_mol_kg,MTL_FULL,locked_common,ECx_Growth,239,239,0,0.5050744494214245,0.6287793791845389,0.6294113085350708,DEFINED,b6b89fac0765c8c68f2f9383
M00,S1_CONDITION,neg_log10_mol_kg,MTL_FULL,locked_common,ECx_Mortality,244,244,0,0.5052500551542828,0.6770598092355657,0.5955153201992415,DEFINED,b6b89fac0765c8c68f2f9383
M00,S1_CONDITION,neg_log10_mol_kg,MTL_FULL,locked_common,ECx_Reproduction,163,163,0,0.5034642984018796,0.7257528692476183,0.7394798820137041,DEFINED,b6b89fac0765c8c68f2f9383
M00,S1_CONDITION,neg_log10_mol_kg,MTL_FULL,locked_common,LOEC_Biochemical,138,138,0,0.7691382778921728,1.0318735336704812,0.4860521289240729,DEFINED,b6b89fac0765c8c68f2f9383
M00,S1_CONDITION,neg_log10_mol_kg,MTL_FULL,locked_common,LOEC_GeneticDamage,41,41,0,0.8097816598707279,0.9756927589655935,0.7261432566211314,DEFINED,b6b89fac0765c8c68f2f9383
M00,S1_CONDITION,neg_log10_mol_kg,MTL_FULL,locked_common,LOEC_Growth,232,232,0,0.7027349706394461,0.9658250993252643,0.5517762650250178,DEFINED,b6b89fac0765c8c68f2f9383
M00,S1_CONDITION,neg_log10_mol_kg,MTL_FULL,locked_common,LOEC_Mortality,44,44,0,0.563768914598201,0.7562169595059669,0.6161523722278435,DEFINED,b6b89fac0765c8c68f2f9383
M00,S1_CONDITION,neg_log10_mol_kg,MTL_FULL,locked_common,LOEC_Physiology,41,41,0,0.8617453016051551,1.1867650511485908,0.19618699407909412,DEFINED,b6b89fac0765c8c68f2f9383
M00,S1_CONDITION,neg_log10_mol_kg,MTL_FULL,locked_common,LOEC_Population,108,108,0,0.6025247327852592,0.8171117285086005,0.7314905843313189,DEFINED,b6b89fac0765c8c68f2f9383
M00,S1_CONDITION,neg_log10_mol_kg,MTL_FULL,locked_common,LOEC_Reproduction,122,122,0,0.7105641932480898,0.91007416699492,0.4549651274309816,DEFINED,b6b89fac0765c8c68f2f9383
M00,S1_CONDITION,neg_log10_mol_kg,MTL_FULL,locked_common,NOEC_Biochemical,117,117,0,0.7013059761874039,0.9338589575506656,0.43993221790320236,DEFINED,b6b89fac0765c8c68f2f9383
M00,S1_CONDITION,neg_log10_mol_kg,MTL_FULL,locked_common,NOEC_Growth,313,313,0,0.6188710317371608,0.8157750089294014,0.653469078614521,DEFINED,b6b89fac0765c8c68f2f9383
M00,S1_CONDITION,neg_log10_mol_kg,MTL_FULL,locked_common,NOEC_Mortality,73,73,0,0.7840468336800327,1.0166637547776467,0.5323151699662783,DEFINED,b6b89fac0765c8c68f2f9383
M00,S1_CONDITION,neg_log10_mol_kg,MTL_FULL,locked_common,NOEC_Physiology,40,40,0,0.6107643080930417,0.8896408779506811,0.6294446234310687,DEFINED,b6b89fac0765c8c68f2f9383
M00,S1_CONDITION,neg_log10_mol_kg,MTL_FULL,locked_common,NOEC_Population,111,111,0,0.680132002331346,0.9472693596322316,0.6085607301071018,DEFINED,b6b89fac0765c8c68f2f9383
M00,S1_CONDITION,neg_log10_mol_kg,MTL_FULL,locked_common,NOEC_Reproduction,150,150,0,0.6265688230198251,0.8519387088963626,0.6223858783981339,DEFINED,b6b89fac0765c8c68f2f9383
M00,S1_CONDITION,neg_log10_mol_kg,MTL_MOL,full,ECx_Growth,239,239,0,0.594632359032698,0.7774651188457316,0.43342499886241037,DEFINED,db8704f6fa421872333c11ab
M00,S1_CONDITION,neg_log10_mol_kg,MTL_MOL,full,ECx_Mortality,244,244,0,0.6972317858540429,0.9189278433369732,0.25490640611065984,DEFINED,db8704f6fa421872333c11ab
M00,S1_CONDITION,neg_log10_mol_kg,MTL_MOL,full,ECx_Reproduction,163,163,0,0.702546516035893,1.001510373984245,0.5038938079009572,DEFINED,db8704f6fa421872333c11ab
M00,S1_CONDITION,neg_log10_mol_kg,MTL_MOL,full,LOEC_Biochemical,138,138,0,0.9504611765061192,1.2080157547835109,0.2956130177769496,DEFINED,db8704f6fa421872333c11ab
M00,S1_CONDITION,neg_log10_mol_kg,MTL_MOL,full,LOEC_GeneticDamage,41,41,0,1.0914563774653199,1.3893775763374139,0.44468699268512646,DEFINED,db8704f6fa421872333c11ab
M00,S1_CONDITION,neg_log10_mol_kg,MTL_MOL,full,LOEC_Growth,232,232,0,0.8715235617774596,1.1622871321141695,0.35088038210564476,DEFINED,db8704f6fa421872333c11ab
M00,S1_CONDITION,neg_log10_mol_kg,MTL_MOL,full,LOEC_Mortality,44,44,0,0.8205965331769082,1.0213902302104354,0.29975593935238554,DEFINED,db8704f6fa421872333c11ab
M00,S1_CONDITION,neg_log10_mol_kg,MTL_MOL,full,LOEC_Physiology,41,41,0,0.9238427961374417,1.2380644887858925,0.12519336935623993,DEFINED,db8704f6fa421872333c11ab
M00,S1_CONDITION,neg_log10_mol_kg,MTL_MOL,full,LOEC_Population,108,108,0,0.8004005826366403,1.1225431599756057,0.4932395340162472,DEFINED,db8704f6fa421872333c11ab
M00,S1_CONDITION,neg_log10_mol_kg,MTL_MOL,full,LOEC_Reproduction,122,122,0,0.8030269815671844,1.0733464850770642,0.24185793557837765,DEFINED,db8704f6fa421872333c11ab
M00,S1_CONDITION,neg_log10_mol_kg,MTL_MOL,full,NOEC_Biochemical,117,117,0,0.8643835995986553,1.1067137691562425,0.2134096043580418,DEFINED,db8704f6fa421872333c11ab
M00,S1_CONDITION,neg_log10_mol_kg,MTL_MOL,full,NOEC_Growth,313,313,0,0.8204053267626512,1.0939544844489555,0.37683980318113797,DEFINED,db8704f6fa421872333c11ab
M00,S1_CONDITION,neg_log10_mol_kg,MTL_MOL,full,NOEC_Mortality,73,73,0,1.0251963683245269,1.3455843082751955,0.18074249308701484,DEFINED,db8704f6fa421872333c11ab
M00,S1_CONDITION,neg_log10_mol_kg,MTL_MOL,full,NOEC_Physiology,40,40,0,0.7344189991908314,1.0413546312500173,0.492283865777253,DEFINED,db8704f6fa421872333c11ab
M00,S1_CONDITION,neg_log10_mol_kg,MTL_MOL,full,NOEC_Population,111,111,0,0.6579877506183391,1.022377551098824,0.5440260596112447,DEFINED,db8704f6fa421872333c11ab
M00,S1_CONDITION,neg_log10_mol_kg,MTL_MOL,full,NOEC_Reproduction,150,150,0,0.8853078067896376,1.3015459709780075,0.11864565752946643,DEFINED,db8704f6fa421872333c11ab
M00,S1_CONDITION,neg_log10_mol_kg,MTL_MOL,locked_common,ECx_Growth,239,239,0,0.594632359032698,0.7774651188457316,0.43342499886241037,DEFINED,db8704f6fa421872333c11ab
M00,S1_CONDITION,neg_log10_mol_kg,MTL_MOL,locked_common,ECx_Mortality,244,244,0,0.6972317858540429,0.9189278433369732,0.25490640611065984,DEFINED,db8704f6fa421872333c11ab
M00,S1_CONDITION,neg_log10_mol_kg,MTL_MOL,locked_common,ECx_Reproduction,163,163,0,0.702546516035893,1.001510373984245,0.5038938079009572,DEFINED,db8704f6fa421872333c11ab
M00,S1_CONDITION,neg_log10_mol_kg,MTL_MOL,locked_common,LOEC_Biochemical,138,138,0,0.9504611765061192,1.2080157547835109,0.2956130177769496,DEFINED,db8704f6fa421872333c11ab
M00,S1_CONDITION,neg_log10_mol_kg,MTL_MOL,locked_common,LOEC_GeneticDamage,41,41,0,1.0914563774653199,1.3893775763374139,0.44468699268512646,DEFINED,db8704f6fa421872333c11ab
M00,S1_CONDITION,neg_log10_mol_kg,MTL_MOL,locked_common,LOEC_Growth,232,232,0,0.8715235617774596,1.1622871321141695,0.35088038210564476,DEFINED,db8704f6fa421872333c11ab
M00,S1_CONDITION,neg_log10_mol_kg,MTL_MOL,locked_common,LOEC_Mortality,44,44,0,0.8205965331769082,1.0213902302104354,0.29975593935238554,DEFINED,db8704f6fa421872333c11ab
M00,S1_CONDITION,neg_log10_mol_kg,MTL_MOL,locked_common,LOEC_Physiology,41,41,0,0.9238427961374417,1.2380644887858925,0.12519336935623993,DEFINED,db8704f6fa421872333c11ab
M00,S1_CONDITION,neg_log10_mol_kg,MTL_MOL,locked_common,LOEC_Population,108,108,0,0.8004005826366403,1.1225431599756057,0.4932395340162472,DEFINED,db8704f6fa421872333c11ab
M00,S1_CONDITION,neg_log10_mol_kg,MTL_MOL,locked_common,LOEC_Reproduction,122,122,0,0.8030269815671844,1.0733464850770642,0.24185793557837765,DEFINED,db8704f6fa421872333c11ab
M00,S1_CONDITION,neg_log10_mol_kg,MTL_MOL,locked_common,NOEC_Biochemical,117,117,0,0.8643835995986553,1.1067137691562425,0.2134096043580418,DEFINED,db8704f6fa421872333c11ab
M00,S1_CONDITION,neg_log10_mol_kg,MTL_MOL,locked_common,NOEC_Growth,313,313,0,0.8204053267626512,1.0939544844489555,0.37683980318113797,DEFINED,db8704f6fa421872333c11ab
M00,S1_CONDITION,neg_log10_mol_kg,MTL_MOL,locked_common,NOEC_Mortality,73,73,0,1.0251963683245269,1.3455843082751955,0.18074249308701484,DEFINED,db8704f6fa421872333c11ab
M00,S1_CONDITION,neg_log10_mol_kg,MTL_MOL,locked_common,NOEC_Physiology,40,40,0,0.7344189991908314,1.0413546312500173,0.492283865777253,DEFINED,db8704f6fa421872333c11ab
M00,S1_CONDITION,neg_log10_mol_kg,MTL_MOL,locked_common,NOEC_Population,111,111,0,0.6579877506183391,1.022377551098824,0.5440260596112447,DEFINED,db8704f6fa421872333c11ab
M00,S1_CONDITION,neg_log10_mol_kg,MTL_MOL,locked_common,NOEC_Reproduction,150,150,0,0.8853078067896376,1.3015459709780075,0.11864565752946643,DEFINED,db8704f6fa421872333c11ab
M00,S1_CONDITION,neg_log10_mol_kg,STL_FULL,full,ECx_Growth,239,239,0,0.5552825451349142,0.6937776907210716,0.5488341259474825,DEFINED,e3579741964f5aa4bb0c1a33
M00,S1_CONDITION,neg_log10_mol_kg,STL_FULL,full,ECx_Mortality,244,244,0,0.544184607356087,0.7441291195830875,0.5114099621085069,DEFINED,e3579741964f5aa4bb0c1a33
M00,S1_CONDITION,neg_log10_mol_kg,STL_FULL,full,ECx_Reproduction,163,163,0,0.6328023250384284,0.9072020541504657,0.5929274731246696,DEFINED,e3579741964f5aa4bb0c1a33
M00,S1_CONDITION,neg_log10_mol_kg,STL_FULL,full,LOEC_Biochemical,138,138,0,0.9905978628417726,1.275179726741929,0.2151097692927959,DEFINED,e3579741964f5aa4bb0c1a33
M00,S1_CONDITION,neg_log10_mol_kg,STL_FULL,full,LOEC_GeneticDamage,41,41,0,0.9274214793178791,1.1627985722997454,0.6110388233829409,DEFINED,e3579741964f5aa4bb0c1a33
M00,S1_CONDITION,neg_log10_mol_kg,STL_FULL,full,LOEC_Growth,232,232,0,0.8103902659193911,1.0901723068296558,0.428931550777805,DEFINED,e3579741964f5aa4bb0c1a33
M00,S1_CONDITION,neg_log10_mol_kg,STL_FULL,full,LOEC_Mortality,44,44,0,0.8627039069758896,1.0556411858525558,0.2520050138047958,DEFINED,e3579741964f5aa4bb0c1a33
M00,S1_CONDITION,neg_log10_mol_kg,STL_FULL,full,LOEC_Physiology,41,41,0,0.874657241356484,1.1594421759140479,0.232773277923082,DEFINED,e3579741964f5aa4bb0c1a33
M00,S1_CONDITION,neg_log10_mol_kg,STL_FULL,full,LOEC_Population,108,108,0,0.728706777560731,1.0717469988545192,0.5380646661465835,DEFINED,e3579741964f5aa4bb0c1a33
M00,S1_CONDITION,neg_log10_mol_kg,STL_FULL,full,LOEC_Reproduction,122,122,0,0.833534965661974,1.0643885263207304,0.2544597664099698,DEFINED,e3579741964f5aa4bb0c1a33
M00,S1_CONDITION,neg_log10_mol_kg,STL_FULL,full,NOEC_Biochemical,117,117,0,0.9079163297250044,1.1800287280567932,0.1057413005922041,DEFINED,e3579741964f5aa4bb0c1a33
M00,S1_CONDITION,neg_log10_mol_kg,STL_FULL,full,NOEC_Growth,313,313,0,0.7165886821958957,0.9527821800557624,0.5272968985214956,DEFINED,e3579741964f5aa4bb0c1a33
M00,S1_CONDITION,neg_log10_mol_kg,STL_FULL,full,NOEC_Mortality,73,73,0,0.9654589610095217,1.2887482709985203,0.2484899496356192,DEFINED,e3579741964f5aa4bb0c1a33
M00,S1_CONDITION,neg_log10_mol_kg,STL_FULL,full,NOEC_Physiology,40,40,0,0.7616425461872327,1.0762142607064056,0.4577230508970148,DEFINED,e3579741964f5aa4bb0c1a33
M00,S1_CONDITION,neg_log10_mol_kg,STL_FULL,full,NOEC_Population,111,111,0,0.77609606209225,1.1553612566157088,0.41769165627182314,DEFINED,e3579741964f5aa4bb0c1a33
M00,S1_CONDITION,neg_log10_mol_kg,STL_FULL,full,NOEC_Reproduction,150,150,0,0.8366477810916956,1.1215083270201267,0.3456101878839891,DEFINED,e3579741964f5aa4bb0c1a33
M00,S1_CONDITION,neg_log10_mol_kg,STL_FULL,locked_common,ECx_Growth,239,239,0,0.5552825451349142,0.6937776907210716,0.5488341259474825,DEFINED,e3579741964f5aa4bb0c1a33
M00,S1_CONDITION,neg_log10_mol_kg,STL_FULL,locked_common,ECx_Mortality,244,244,0,0.544184607356087,0.7441291195830875,0.5114099621085069,DEFINED,e3579741964f5aa4bb0c1a33
M00,S1_CONDITION,neg_log10_mol_kg,STL_FULL,locked_common,ECx_Reproduction,163,163,0,0.6328023250384284,0.9072020541504657,0.5929274731246696,DEFINED,e3579741964f5aa4bb0c1a33
M00,S1_CONDITION,neg_log10_mol_kg,STL_FULL,locked_common,LOEC_Biochemical,138,138,0,0.9905978628417726,1.275179726741929,0.2151097692927959,DEFINED,e3579741964f5aa4bb0c1a33
M00,S1_CONDITION,neg_log10_mol_kg,STL_FULL,locked_common,LOEC_GeneticDamage,41,41,0,0.9274214793178791,1.1627985722997454,0.6110388233829409,DEFINED,e3579741964f5aa4bb0c1a33
M00,S1_CONDITION,neg_log10_mol_kg,STL_FULL,locked_common,LOEC_Growth,232,232,0,0.8103902659193911,1.0901723068296558,0.428931550777805,DEFINED,e3579741964f5aa4bb0c1a33
M00,S1_CONDITION,neg_log10_mol_kg,STL_FULL,locked_common,LOEC_Mortality,44,44,0,0.8627039069758896,1.0556411858525558,0.2520050138047958,DEFINED,e3579741964f5aa4bb0c1a33
M00,S1_CONDITION,neg_log10_mol_kg,STL_FULL,locked_common,LOEC_Physiology,41,41,0,0.874657241356484,1.1594421759140479,0.232773277923082,DEFINED,e3579741964f5aa4bb0c1a33
M00,S1_CONDITION,neg_log10_mol_kg,STL_FULL,locked_common,LOEC_Population,108,108,0,0.728706777560731,1.0717469988545192,0.5380646661465835,DEFINED,e3579741964f5aa4bb0c1a33
M00,S1_CONDITION,neg_log10_mol_kg,STL_FULL,locked_common,LOEC_Reproduction,122,122,0,0.833534965661974,1.0643885263207304,0.2544597664099698,DEFINED,e3579741964f5aa4bb0c1a33
M00,S1_CONDITION,neg_log10_mol_kg,STL_FULL,locked_common,NOEC_Biochemical,117,117,0,0.9079163297250044,1.1800287280567932,0.1057413005922041,DEFINED,e3579741964f5aa4bb0c1a33
M00,S1_CONDITION,neg_log10_mol_kg,STL_FULL,locked_common,NOEC_Growth,313,313,0,0.7165886821958957,0.9527821800557624,0.5272968985214956,DEFINED,e3579741964f5aa4bb0c1a33
M00,S1_CONDITION,neg_log10_mol_kg,STL_FULL,locked_common,NOEC_Mortality,73,73,0,0.9654589610095217,1.2887482709985203,0.2484899496356192,DEFINED,e3579741964f5aa4bb0c1a33
M00,S1_CONDITION,neg_log10_mol_kg,STL_FULL,locked_common,NOEC_Physiology,40,40,0,0.7616425461872327,1.0762142607064056,0.4577230508970148,DEFINED,e3579741964f5aa4bb0c1a33
M00,S1_CONDITION,neg_log10_mol_kg,STL_FULL,locked_common,NOEC_Population,111,111,0,0.77609606209225,1.1553612566157088,0.41769165627182314,DEFINED,e3579741964f5aa4bb0c1a33
M00,S1_CONDITION,neg_log10_mol_kg,STL_FULL,locked_common,NOEC_Reproduction,150,150,0,0.8366477810916956,1.1215083270201267,0.3456101878839891,DEFINED,e3579741964f5aa4bb0c1a33
M00,S1_CONDITION,neg_log10_mol_kg,STL_MOL,full,ECx_Growth,239,239,0,0.5868205754156688,0.778034624156733,0.4325946448211059,DEFINED,0b9f54f6be36bc59edb5930c
M00,S1_CONDITION,neg_log10_mol_kg,STL_MOL,full,ECx_Mortality,244,244,0,0.7233624964919187,0.9589018501180135,0.18867226761108535,DEFINED,0b9f54f6be36bc59edb5930c
M00,S1_CONDITION,neg_log10_mol_kg,STL_MOL,full,ECx_Reproduction,163,163,0,0.7676117558846148,1.0466342210341435,0.45818178133374654,DEFINED,0b9f54f6be36bc59edb5930c
M00,S1_CONDITION,neg_log10_mol_kg,STL_MOL,full,LOEC_Biochemical,138,138,0,1.0345653338703757,1.3026622890284327,0.18091342796296317,DEFINED,0b9f54f6be36bc59edb5930c
M00,S1_CONDITION,neg_log10_mol_kg,STL_MOL,full,LOEC_GeneticDamage,41,41,0,1.2206999194368047,1.5774163389568865,0.2842028820510327,DEFINED,0b9f54f6be36bc59edb5930c
M00,S1_CONDITION,neg_log10_mol_kg,STL_MOL,full,LOEC_Growth,232,232,0,0.8932841361023585,1.1957454639253013,0.3129705410653545,DEFINED,0b9f54f6be36bc59edb5930c
M00,S1_CONDITION,neg_log10_mol_kg,STL_MOL,full,LOEC_Mortality,44,44,0,0.8570937236382918,1.0669592081740857,0.23587982450561762,DEFINED,0b9f54f6be36bc59edb5930c
M00,S1_CONDITION,neg_log10_mol_kg,STL_MOL,full,LOEC_Physiology,41,41,0,0.9531936964018737,1.2137704512439806,0.15918848008980935,DEFINED,0b9f54f6be36bc59edb5930c
M00,S1_CONDITION,neg_log10_mol_kg,STL_MOL,full,LOEC_Population,108,108,0,0.8828937387426372,1.2080542310185605,0.41309272553777054,DEFINED,0b9f54f6be36bc59edb5930c
M00,S1_CONDITION,neg_log10_mol_kg,STL_MOL,full,LOEC_Reproduction,122,122,0,0.8504552760793392,1.1228682068654037,0.17028625003885678,DEFINED,0b9f54f6be36bc59edb5930c
M00,S1_CONDITION,neg_log10_mol_kg,STL_MOL,full,NOEC_Biochemical,117,117,0,0.9608697188612184,1.2287336115063996,0.030398029122963965,DEFINED,0b9f54f6be36bc59edb5930c
M00,S1_CONDITION,neg_log10_mol_kg,STL_MOL,full,NOEC_Growth,313,313,0,0.8847191966094542,1.204702342053632,0.24428035957231042,DEFINED,0b9f54f6be36bc59edb5930c
M00,S1_CONDITION,neg_log10_mol_kg,STL_MOL,full,NOEC_Mortality,73,73,0,1.03905968380665,1.3460528876290152,0.18017180570268188,DEFINED,0b9f54f6be36bc59edb5930c
M00,S1_CONDITION,neg_log10_mol_kg,STL_MOL,full,NOEC_Physiology,40,40,0,0.7964516033652327,1.0897455378121568,0.4440011954915719,DEFINED,0b9f54f6be36bc59edb5930c
M00,S1_CONDITION,neg_log10_mol_kg,STL_MOL,full,NOEC_Population,111,111,0,0.7745825564791993,1.1494776872423735,0.42360725729024673,DEFINED,0b9f54f6be36bc59edb5930c
M00,S1_CONDITION,neg_log10_mol_kg,STL_MOL,full,NOEC_Reproduction,150,150,0,0.9163888382967953,1.3071755646399448,0.11100490213230163,DEFINED,0b9f54f6be36bc59edb5930c
M00,S1_CONDITION,neg_log10_mol_kg,STL_MOL,locked_common,ECx_Growth,239,239,0,0.5868205754156688,0.778034624156733,0.4325946448211059,DEFINED,0b9f54f6be36bc59edb5930c
M00,S1_CONDITION,neg_log10_mol_kg,STL_MOL,locked_common,ECx_Mortality,244,244,0,0.7233624964919187,0.9589018501180135,0.18867226761108535,DEFINED,0b9f54f6be36bc59edb5930c
M00,S1_CONDITION,neg_log10_mol_kg,STL_MOL,locked_common,ECx_Reproduction,163,163,0,0.7676117558846148,1.0466342210341435,0.45818178133374654,DEFINED,0b9f54f6be36bc59edb5930c
M00,S1_CONDITION,neg_log10_mol_kg,STL_MOL,locked_common,LOEC_Biochemical,138,138,0,1.0345653338703757,1.3026622890284327,0.18091342796296317,DEFINED,0b9f54f6be36bc59edb5930c
M00,S1_CONDITION,neg_log10_mol_kg,STL_MOL,locked_common,LOEC_GeneticDamage,41,41,0,1.2206999194368047,1.5774163389568865,0.2842028820510327,DEFINED,0b9f54f6be36bc59edb5930c
M00,S1_CONDITION,neg_log10_mol_kg,STL_MOL,locked_common,LOEC_Growth,232,232,0,0.8932841361023585,1.1957454639253013,0.3129705410653545,DEFINED,0b9f54f6be36bc59edb5930c
M00,S1_CONDITION,neg_log10_mol_kg,STL_MOL,locked_common,LOEC_Mortality,44,44,0,0.8570937236382918,1.0669592081740857,0.23587982450561762,DEFINED,0b9f54f6be36bc59edb5930c
M00,S1_CONDITION,neg_log10_mol_kg,STL_MOL,locked_common,LOEC_Physiology,41,41,0,0.9531936964018737,1.2137704512439806,0.15918848008980935,DEFINED,0b9f54f6be36bc59edb5930c
M00,S1_CONDITION,neg_log10_mol_kg,STL_MOL,locked_common,LOEC_Population,108,108,0,0.8828937387426372,1.2080542310185605,0.41309272553777054,DEFINED,0b9f54f6be36bc59edb5930c
M00,S1_CONDITION,neg_log10_mol_kg,STL_MOL,locked_common,LOEC_Reproduction,122,122,0,0.8504552760793392,1.1228682068654037,0.17028625003885678,DEFINED,0b9f54f6be36bc59edb5930c
M00,S1_CONDITION,neg_log10_mol_kg,STL_MOL,locked_common,NOEC_Biochemical,117,117,0,0.9608697188612184,1.2287336115063996,0.030398029122963965,DEFINED,0b9f54f6be36bc59edb5930c
M00,S1_CONDITION,neg_log10_mol_kg,STL_MOL,locked_common,NOEC_Growth,313,313,0,0.8847191966094542,1.204702342053632,0.24428035957231042,DEFINED,0b9f54f6be36bc59edb5930c
M00,S1_CONDITION,neg_log10_mol_kg,STL_MOL,locked_common,NOEC_Mortality,73,73,0,1.03905968380665,1.3460528876290152,0.18017180570268188,DEFINED,0b9f54f6be36bc59edb5930c
M00,S1_CONDITION,neg_log10_mol_kg,STL_MOL,locked_common,NOEC_Physiology,40,40,0,0.7964516033652327,1.0897455378121568,0.4440011954915719,DEFINED,0b9f54f6be36bc59edb5930c
M00,S1_CONDITION,neg_log10_mol_kg,STL_MOL,locked_common,NOEC_Population,111,111,0,0.7745825564791993,1.1494776872423735,0.42360725729024673,DEFINED,0b9f54f6be36bc59edb5930c
M00,S1_CONDITION,neg_log10_mol_kg,STL_MOL,locked_common,NOEC_Reproduction,150,150,0,0.9163888382967953,1.3071755646399448,0.11100490213230163,DEFINED,0b9f54f6be36bc59edb5930c
M00,S2_COMBINATION,neg_log10_mol_kg,MTL_FULL,full,ECx_Growth,239,239,0,0.5274923867871572,0.7233183235649506,0.5274576081457323,DEFINED,95d79eeeb85287536ae14da4
M00,S2_COMBINATION,neg_log10_mol_kg,MTL_FULL,full,ECx_Mortality,244,244,0,0.548007499132656,0.7913195961118751,0.6120095659084707,DEFINED,95d79eeeb85287536ae14da4
M00,S2_COMBINATION,neg_log10_mol_kg,MTL_FULL,full,ECx_Reproduction,163,163,0,0.644548969706382,0.9204305314517917,0.2556818132004782,DEFINED,95d79eeeb85287536ae14da4
M00,S2_COMBINATION,neg_log10_mol_kg,MTL_FULL,full,LOEC_Biochemical,138,138,0,0.9657646146801704,1.3086184345364646,0.12225787266632404,DEFINED,95d79eeeb85287536ae14da4
M00,S2_COMBINATION,neg_log10_mol_kg,MTL_FULL,full,LOEC_GeneticDamage,41,41,0,0.8710989841383698,0.9980670686531719,0.38528044734937117,DEFINED,95d79eeeb85287536ae14da4
M00,S2_COMBINATION,neg_log10_mol_kg,MTL_FULL,full,LOEC_Growth,232,232,0,0.7020086397186343,0.9627572578600299,0.5480914888156079,DEFINED,95d79eeeb85287536ae14da4
M00,S2_COMBINATION,neg_log10_mol_kg,MTL_FULL,full,LOEC_Mortality,44,44,0,0.6298187598454299,0.8918130629156201,0.5957341797405058,DEFINED,95d79eeeb85287536ae14da4
M00,S2_COMBINATION,neg_log10_mol_kg,MTL_FULL,full,LOEC_Physiology,41,41,0,0.8253664324151593,1.0361434625176782,0.3582621598167025,DEFINED,95d79eeeb85287536ae14da4
M00,S2_COMBINATION,neg_log10_mol_kg,MTL_FULL,full,LOEC_Population,108,108,0,0.6364669610852961,0.8494723686467438,0.5901471551825783,DEFINED,95d79eeeb85287536ae14da4
M00,S2_COMBINATION,neg_log10_mol_kg,MTL_FULL,full,LOEC_Reproduction,122,122,0,0.7269133137994889,0.9650213695628398,0.47081617606780324,DEFINED,95d79eeeb85287536ae14da4
M00,S2_COMBINATION,neg_log10_mol_kg,MTL_FULL,full,NOEC_Biochemical,117,117,0,0.7136290443620033,1.0220300019196022,0.4516335453809175,DEFINED,95d79eeeb85287536ae14da4
M00,S2_COMBINATION,neg_log10_mol_kg,MTL_FULL,full,NOEC_Growth,313,313,0,0.7643442341918985,1.0044019018967252,0.5674616835615655,DEFINED,95d79eeeb85287536ae14da4
M00,S2_COMBINATION,neg_log10_mol_kg,MTL_FULL,full,NOEC_Mortality,73,73,0,0.7736158210483904,1.021106037795642,0.598130575805708,DEFINED,95d79eeeb85287536ae14da4
M00,S2_COMBINATION,neg_log10_mol_kg,MTL_FULL,full,NOEC_Physiology,40,40,0,0.48884537522745236,0.7033483679009622,0.6127000962562982,DEFINED,95d79eeeb85287536ae14da4
M00,S2_COMBINATION,neg_log10_mol_kg,MTL_FULL,full,NOEC_Population,111,111,0,0.6452617963600634,0.9136790967543602,0.635285852490872,DEFINED,95d79eeeb85287536ae14da4
M00,S2_COMBINATION,neg_log10_mol_kg,MTL_FULL,full,NOEC_Reproduction,150,150,0,0.6003969531956964,0.7775091511523645,0.6170735442316497,DEFINED,95d79eeeb85287536ae14da4
M00,S2_COMBINATION,neg_log10_mol_kg,MTL_FULL,locked_common,ECx_Growth,239,239,0,0.5274923867871572,0.7233183235649506,0.5274576081457323,DEFINED,95d79eeeb85287536ae14da4
M00,S2_COMBINATION,neg_log10_mol_kg,MTL_FULL,locked_common,ECx_Mortality,244,244,0,0.548007499132656,0.7913195961118751,0.6120095659084707,DEFINED,95d79eeeb85287536ae14da4
M00,S2_COMBINATION,neg_log10_mol_kg,MTL_FULL,locked_common,ECx_Reproduction,163,163,0,0.644548969706382,0.9204305314517917,0.2556818132004782,DEFINED,95d79eeeb85287536ae14da4
M00,S2_COMBINATION,neg_log10_mol_kg,MTL_FULL,locked_common,LOEC_Biochemical,138,138,0,0.9657646146801704,1.3086184345364646,0.12225787266632404,DEFINED,95d79eeeb85287536ae14da4
M00,S2_COMBINATION,neg_log10_mol_kg,MTL_FULL,locked_common,LOEC_GeneticDamage,41,41,0,0.8710989841383698,0.9980670686531719,0.38528044734937117,DEFINED,95d79eeeb85287536ae14da4
M00,S2_COMBINATION,neg_log10_mol_kg,MTL_FULL,locked_common,LOEC_Growth,232,232,0,0.7020086397186343,0.9627572578600299,0.5480914888156079,DEFINED,95d79eeeb85287536ae14da4
M00,S2_COMBINATION,neg_log10_mol_kg,MTL_FULL,locked_common,LOEC_Mortality,44,44,0,0.6298187598454299,0.8918130629156201,0.5957341797405058,DEFINED,95d79eeeb85287536ae14da4
M00,S2_COMBINATION,neg_log10_mol_kg,MTL_FULL,locked_common,LOEC_Physiology,41,41,0,0.8253664324151593,1.0361434625176782,0.3582621598167025,DEFINED,95d79eeeb85287536ae14da4
M00,S2_COMBINATION,neg_log10_mol_kg,MTL_FULL,locked_common,LOEC_Population,108,108,0,0.6364669610852961,0.8494723686467438,0.5901471551825783,DEFINED,95d79eeeb85287536ae14da4
M00,S2_COMBINATION,neg_log10_mol_kg,MTL_FULL,locked_common,LOEC_Reproduction,122,122,0,0.7269133137994889,0.9650213695628398,0.47081617606780324,DEFINED,95d79eeeb85287536ae14da4
M00,S2_COMBINATION,neg_log10_mol_kg,MTL_FULL,locked_common,NOEC_Biochemical,117,117,0,0.7136290443620033,1.0220300019196022,0.4516335453809175,DEFINED,95d79eeeb85287536ae14da4
M00,S2_COMBINATION,neg_log10_mol_kg,MTL_FULL,locked_common,NOEC_Growth,313,313,0,0.7643442341918985,1.0044019018967252,0.5674616835615655,DEFINED,95d79eeeb85287536ae14da4
M00,S2_COMBINATION,neg_log10_mol_kg,MTL_FULL,locked_common,NOEC_Mortality,73,73,0,0.7736158210483904,1.021106037795642,0.598130575805708,DEFINED,95d79eeeb85287536ae14da4
M00,S2_COMBINATION,neg_log10_mol_kg,MTL_FULL,locked_common,NOEC_Physiology,40,40,0,0.48884537522745236,0.7033483679009622,0.6127000962562982,DEFINED,95d79eeeb85287536ae14da4
M00,S2_COMBINATION,neg_log10_mol_kg,MTL_FULL,locked_common,NOEC_Population,111,111,0,0.6452617963600634,0.9136790967543602,0.635285852490872,DEFINED,95d79eeeb85287536ae14da4
M00,S2_COMBINATION,neg_log10_mol_kg,MTL_FULL,locked_common,NOEC_Reproduction,150,150,0,0.6003969531956964,0.7775091511523645,0.6170735442316497,DEFINED,95d79eeeb85287536ae14da4
M00,S2_COMBINATION,neg_log10_mol_kg,MTL_MOL,full,ECx_Growth,239,239,0,0.6387866004869448,0.8196588994887419,0.39319638651192634,DEFINED,a4aec47aa40ccd8748806c22
M00,S2_COMBINATION,neg_log10_mol_kg,MTL_MOL,full,ECx_Mortality,244,244,0,0.7562243961491122,1.0314098768868099,0.34085684146746575,DEFINED,a4aec47aa40ccd8748806c22
M00,S2_COMBINATION,neg_log10_mol_kg,MTL_MOL,full,ECx_Reproduction,163,163,0,0.5220018009820686,0.8153349854176546,0.41595171311612,DEFINED,a4aec47aa40ccd8748806c22
M00,S2_COMBINATION,neg_log10_mol_kg,MTL_MOL,full,LOEC_Biochemical,138,138,0,1.093485170721739,1.3747326210902235,0.03132665058210471,DEFINED,a4aec47aa40ccd8748806c22
M00,S2_COMBINATION,neg_log10_mol_kg,MTL_MOL,full,LOEC_GeneticDamage,41,41,0,0.792401744487631,0.9680645585585278,0.42168265766883983,DEFINED,a4aec47aa40ccd8748806c22
M00,S2_COMBINATION,neg_log10_mol_kg,MTL_MOL,full,LOEC_Growth,232,232,0,0.8368295880371048,1.1437803751636046,0.3621740277994957,DEFINED,a4aec47aa40ccd8748806c22
M00,S2_COMBINATION,neg_log10_mol_kg,MTL_MOL,full,LOEC_Mortality,44,44,0,0.8774451490032548,1.2056043352844223,0.26119646044382316,DEFINED,a4aec47aa40ccd8748806c22
M00,S2_COMBINATION,neg_log10_mol_kg,MTL_MOL,full,LOEC_Physiology,41,41,0,0.9998749653155393,1.220863766242347,0.10905216855487965,DEFINED,a4aec47aa40ccd8748806c22
M00,S2_COMBINATION,neg_log10_mol_kg,MTL_MOL,full,LOEC_Population,108,108,0,0.7558631843055009,1.0285882395034882,0.3990856861168851,DEFINED,a4aec47aa40ccd8748806c22
M00,S2_COMBINATION,neg_log10_mol_kg,MTL_MOL,full,LOEC_Reproduction,122,122,0,0.8294887560454033,1.1274390607114921,0.27769794014790294,DEFINED,a4aec47aa40ccd8748806c22
M00,S2_COMBINATION,neg_log10_mol_kg,MTL_MOL,full,NOEC_Biochemical,117,117,0,0.8605657096673149,1.2133569797680415,0.2271045056049782,DEFINED,a4aec47aa40ccd8748806c22
M00,S2_COMBINATION,neg_log10_mol_kg,MTL_MOL,full,NOEC_Growth,313,313,0,0.9583868588840698,1.2216202603157682,0.36014438371982804,DEFINED,a4aec47aa40ccd8748806c22
M00,S2_COMBINATION,neg_log10_mol_kg,MTL_MOL,full,NOEC_Mortality,73,73,0,1.0624544757059207,1.3573737185740682,0.2898629878710608,DEFINED,a4aec47aa40ccd8748806c22
M00,S2_COMBINATION,neg_log10_mol_kg,MTL_MOL,full,NOEC_Physiology,40,40,0,0.69473177276203,0.8952683279284959,0.37250125394662237,DEFINED,a4aec47aa40ccd8748806c22
M00,S2_COMBINATION,neg_log10_mol_kg,MTL_MOL,full,NOEC_Population,111,111,0,0.746512488371461,1.0530236252773166,0.5155583643560648,DEFINED,a4aec47aa40ccd8748806c22
M00,S2_COMBINATION,neg_log10_mol_kg,MTL_MOL,full,NOEC_Reproduction,150,150,0,0.8422163088162034,1.1646553672842925,0.14079020686036214,DEFINED,a4aec47aa40ccd8748806c22
M00,S2_COMBINATION,neg_log10_mol_kg,MTL_MOL,locked_common,ECx_Growth,239,239,0,0.6387866004869448,0.8196588994887419,0.39319638651192634,DEFINED,a4aec47aa40ccd8748806c22
M00,S2_COMBINATION,neg_log10_mol_kg,MTL_MOL,locked_common,ECx_Mortality,244,244,0,0.7562243961491122,1.0314098768868099,0.34085684146746575,DEFINED,a4aec47aa40ccd8748806c22
M00,S2_COMBINATION,neg_log10_mol_kg,MTL_MOL,locked_common,ECx_Reproduction,163,163,0,0.5220018009820686,0.8153349854176546,0.41595171311612,DEFINED,a4aec47aa40ccd8748806c22
M00,S2_COMBINATION,neg_log10_mol_kg,MTL_MOL,locked_common,LOEC_Biochemical,138,138,0,1.093485170721739,1.3747326210902235,0.03132665058210471,DEFINED,a4aec47aa40ccd8748806c22
M00,S2_COMBINATION,neg_log10_mol_kg,MTL_MOL,locked_common,LOEC_GeneticDamage,41,41,0,0.792401744487631,0.9680645585585278,0.42168265766883983,DEFINED,a4aec47aa40ccd8748806c22
M00,S2_COMBINATION,neg_log10_mol_kg,MTL_MOL,locked_common,LOEC_Growth,232,232,0,0.8368295880371048,1.1437803751636046,0.3621740277994957,DEFINED,a4aec47aa40ccd8748806c22
M00,S2_COMBINATION,neg_log10_mol_kg,MTL_MOL,locked_common,LOEC_Mortality,44,44,0,0.8774451490032548,1.2056043352844223,0.26119646044382316,DEFINED,a4aec47aa40ccd8748806c22
M00,S2_COMBINATION,neg_log10_mol_kg,MTL_MOL,locked_common,LOEC_Physiology,41,41,0,0.9998749653155393,1.220863766242347,0.10905216855487965,DEFINED,a4aec47aa40ccd8748806c22
M00,S2_COMBINATION,neg_log10_mol_kg,MTL_MOL,locked_common,LOEC_Population,108,108,0,0.7558631843055009,1.0285882395034882,0.3990856861168851,DEFINED,a4aec47aa40ccd8748806c22
M00,S2_COMBINATION,neg_log10_mol_kg,MTL_MOL,locked_common,LOEC_Reproduction,122,122,0,0.8294887560454033,1.1274390607114921,0.27769794014790294,DEFINED,a4aec47aa40ccd8748806c22
M00,S2_COMBINATION,neg_log10_mol_kg,MTL_MOL,locked_common,NOEC_Biochemical,117,117,0,0.8605657096673149,1.2133569797680415,0.2271045056049782,DEFINED,a4aec47aa40ccd8748806c22
M00,S2_COMBINATION,neg_log10_mol_kg,MTL_MOL,locked_common,NOEC_Growth,313,313,0,0.9583868588840698,1.2216202603157682,0.36014438371982804,DEFINED,a4aec47aa40ccd8748806c22
M00,S2_COMBINATION,neg_log10_mol_kg,MTL_MOL,locked_common,NOEC_Mortality,73,73,0,1.0624544757059207,1.3573737185740682,0.2898629878710608,DEFINED,a4aec47aa40ccd8748806c22
M00,S2_COMBINATION,neg_log10_mol_kg,MTL_MOL,locked_common,NOEC_Physiology,40,40,0,0.69473177276203,0.8952683279284959,0.37250125394662237,DEFINED,a4aec47aa40ccd8748806c22
M00,S2_COMBINATION,neg_log10_mol_kg,MTL_MOL,locked_common,NOEC_Population,111,111,0,0.746512488371461,1.0530236252773166,0.5155583643560648,DEFINED,a4aec47aa40ccd8748806c22
M00,S2_COMBINATION,neg_log10_mol_kg,MTL_MOL,locked_common,NOEC_Reproduction,150,150,0,0.8422163088162034,1.1646553672842925,0.14079020686036214,DEFINED,a4aec47aa40ccd8748806c22
M00,S2_COMBINATION,neg_log10_mol_kg,STL_FULL,full,ECx_Growth,239,239,0,0.6854692741713604,0.9087013849950221,0.25419683673004745,DEFINED,8b57e6cf4848de813e0ecf65
M00,S2_COMBINATION,neg_log10_mol_kg,STL_FULL,full,ECx_Mortality,244,244,0,0.6806803048616872,0.9086837248370112,0.4883856985295516,DEFINED,8b57e6cf4848de813e0ecf65
M00,S2_COMBINATION,neg_log10_mol_kg,STL_FULL,full,ECx_Reproduction,163,163,0,0.6797753795681906,0.885267290397263,0.3114659311563943,DEFINED,8b57e6cf4848de813e0ecf65
M00,S2_COMBINATION,neg_log10_mol_kg,STL_FULL,full,LOEC_Biochemical,138,138,0,1.097820664559488,1.3819417912090708,0.02114046406780956,DEFINED,8b57e6cf4848de813e0ecf65
M00,S2_COMBINATION,neg_log10_mol_kg,STL_FULL,full,LOEC_GeneticDamage,41,41,0,0.8456305398590815,0.9460093632813655,0.4477338249944921,DEFINED,8b57e6cf4848de813e0ecf65
M00,S2_COMBINATION,neg_log10_mol_kg,STL_FULL,full,LOEC_Growth,232,232,0,0.8334288479626294,1.1477482682653253,0.35774098247311004,DEFINED,8b57e6cf4848de813e0ecf65
M00,S2_COMBINATION,neg_log10_mol_kg,STL_FULL,full,LOEC_Mortality,44,44,0,0.8490748525953834,1.2210777382836608,0.24211032136865274,DEFINED,8b57e6cf4848de813e0ecf65
M00,S2_COMBINATION,neg_log10_mol_kg,STL_FULL,full,LOEC_Physiology,41,41,0,0.9889532458817099,1.2616021550185212,0.048600956956161734,DEFINED,8b57e6cf4848de813e0ecf65
M00,S2_COMBINATION,neg_log10_mol_kg,STL_FULL,full,LOEC_Population,108,108,0,0.7280518161993578,1.050332983885027,0.37341001643519833,DEFINED,8b57e6cf4848de813e0ecf65
M00,S2_COMBINATION,neg_log10_mol_kg,STL_FULL,full,LOEC_Reproduction,122,122,0,0.8515718048495418,1.1451081201935127,0.2548809139824211,DEFINED,8b57e6cf4848de813e0ecf65
M00,S2_COMBINATION,neg_log10_mol_kg,STL_FULL,full,NOEC_Biochemical,117,117,0,0.9396991536430027,1.2388573288643978,0.19427622490510799,DEFINED,8b57e6cf4848de813e0ecf65
M00,S2_COMBINATION,neg_log10_mol_kg,STL_FULL,full,NOEC_Growth,313,313,0,0.871608159180041,1.1547425865778471,0.42828459012640263,DEFINED,8b57e6cf4848de813e0ecf65
M00,S2_COMBINATION,neg_log10_mol_kg,STL_FULL,full,NOEC_Mortality,73,73,0,1.039123884542246,1.36363075997876,0.2833009072513637,DEFINED,8b57e6cf4848de813e0ecf65
M00,S2_COMBINATION,neg_log10_mol_kg,STL_FULL,full,NOEC_Physiology,40,40,0,0.7704031284504984,0.9585012012386452,0.28073033575838213,DEFINED,8b57e6cf4848de813e0ecf65
M00,S2_COMBINATION,neg_log10_mol_kg,STL_FULL,full,NOEC_Population,111,111,0,0.8209124306448792,1.169064990674443,0.40290622686905275,DEFINED,8b57e6cf4848de813e0ecf65
M00,S2_COMBINATION,neg_log10_mol_kg,STL_FULL,full,NOEC_Reproduction,150,150,0,0.8832895665321577,1.0882058061722193,0.2498874510308774,DEFINED,8b57e6cf4848de813e0ecf65
M00,S2_COMBINATION,neg_log10_mol_kg,STL_FULL,locked_common,ECx_Growth,239,239,0,0.6854692741713604,0.9087013849950221,0.25419683673004745,DEFINED,8b57e6cf4848de813e0ecf65
M00,S2_COMBINATION,neg_log10_mol_kg,STL_FULL,locked_common,ECx_Mortality,244,244,0,0.6806803048616872,0.9086837248370112,0.4883856985295516,DEFINED,8b57e6cf4848de813e0ecf65
M00,S2_COMBINATION,neg_log10_mol_kg,STL_FULL,locked_common,ECx_Reproduction,163,163,0,0.6797753795681906,0.885267290397263,0.3114659311563943,DEFINED,8b57e6cf4848de813e0ecf65
M00,S2_COMBINATION,neg_log10_mol_kg,STL_FULL,locked_common,LOEC_Biochemical,138,138,0,1.097820664559488,1.3819417912090708,0.02114046406780956,DEFINED,8b57e6cf4848de813e0ecf65
M00,S2_COMBINATION,neg_log10_mol_kg,STL_FULL,locked_common,LOEC_GeneticDamage,41,41,0,0.8456305398590815,0.9460093632813655,0.4477338249944921,DEFINED,8b57e6cf4848de813e0ecf65
M00,S2_COMBINATION,neg_log10_mol_kg,STL_FULL,locked_common,LOEC_Growth,232,232,0,0.8334288479626294,1.1477482682653253,0.35774098247311004,DEFINED,8b57e6cf4848de813e0ecf65
M00,S2_COMBINATION,neg_log10_mol_kg,STL_FULL,locked_common,LOEC_Mortality,44,44,0,0.8490748525953834,1.2210777382836608,0.24211032136865274,DEFINED,8b57e6cf4848de813e0ecf65
M00,S2_COMBINATION,neg_log10_mol_kg,STL_FULL,locked_common,LOEC_Physiology,41,41,0,0.9889532458817099,1.2616021550185212,0.048600956956161734,DEFINED,8b57e6cf4848de813e0ecf65
M00,S2_COMBINATION,neg_log10_mol_kg,STL_FULL,locked_common,LOEC_Population,108,108,0,0.7280518161993578,1.050332983885027,0.37341001643519833,DEFINED,8b57e6cf4848de813e0ecf65
M00,S2_COMBINATION,neg_log10_mol_kg,STL_FULL,locked_common,LOEC_Reproduction,122,122,0,0.8515718048495418,1.1451081201935127,0.2548809139824211,DEFINED,8b57e6cf4848de813e0ecf65
M00,S2_COMBINATION,neg_log10_mol_kg,STL_FULL,locked_common,NOEC_Biochemical,117,117,0,0.9396991536430027,1.2388573288643978,0.19427622490510799,DEFINED,8b57e6cf4848de813e0ecf65
M00,S2_COMBINATION,neg_log10_mol_kg,STL_FULL,locked_common,NOEC_Growth,313,313,0,0.871608159180041,1.1547425865778471,0.42828459012640263,DEFINED,8b57e6cf4848de813e0ecf65
M00,S2_COMBINATION,neg_log10_mol_kg,STL_FULL,locked_common,NOEC_Mortality,73,73,0,1.039123884542246,1.36363075997876,0.2833009072513637,DEFINED,8b57e6cf4848de813e0ecf65
M00,S2_COMBINATION,neg_log10_mol_kg,STL_FULL,locked_common,NOEC_Physiology,40,40,0,0.7704031284504984,0.9585012012386452,0.28073033575838213,DEFINED,8b57e6cf4848de813e0ecf65
M00,S2_COMBINATION,neg_log10_mol_kg,STL_FULL,locked_common,NOEC_Population,111,111,0,0.8209124306448792,1.169064990674443,0.40290622686905275,DEFINED,8b57e6cf4848de813e0ecf65
M00,S2_COMBINATION,neg_log10_mol_kg,STL_FULL,locked_common,NOEC_Reproduction,150,150,0,0.8832895665321577,1.0882058061722193,0.2498874510308774,DEFINED,8b57e6cf4848de813e0ecf65
M00,S2_COMBINATION,neg_log10_mol_kg,STL_MOL,full,ECx_Growth,239,239,0,0.7282318709672374,0.8910418207215898,0.28290281604281,DEFINED,752bc90a4150990bb5e2ac85
M00,S2_COMBINATION,neg_log10_mol_kg,STL_MOL,full,ECx_Mortality,244,244,0,0.7474894243948471,1.0224976436880704,0.35219870986563906,DEFINED,752bc90a4150990bb5e2ac85
M00,S2_COMBINATION,neg_log10_mol_kg,STL_MOL,full,ECx_Reproduction,163,163,0,0.6453622706425461,0.8649824458530518,0.34265829608214393,DEFINED,752bc90a4150990bb5e2ac85
M00,S2_COMBINATION,neg_log10_mol_kg,STL_MOL,full,LOEC_Biochemical,138,138,0,1.1757229198614667,1.4603404927301682,-0.09307290771317445,DEFINED,752bc90a4150990bb5e2ac85
M00,S2_COMBINATION,neg_log10_mol_kg,STL_MOL,full,LOEC_GeneticDamage,41,41,0,0.846703039852916,1.0757865623689413,0.2858165118739582,DEFINED,752bc90a4150990bb5e2ac85
M00,S2_COMBINATION,neg_log10_mol_kg,STL_MOL,full,LOEC_Growth,232,232,0,0.9409329328032032,1.2566529315181711,0.2300764289445476,DEFINED,752bc90a4150990bb5e2ac85
M00,S2_COMBINATION,neg_log10_mol_kg,STL_MOL,full,LOEC_Mortality,44,44,0,0.9163317863402327,1.2163237961834872,0.24800011846578673,DEFINED,752bc90a4150990bb5e2ac85
M00,S2_COMBINATION,neg_log10_mol_kg,STL_MOL,full,LOEC_Physiology,41,41,0,1.0478619270862604,1.2808647947506744,0.019326490795369855,DEFINED,752bc90a4150990bb5e2ac85
M00,S2_COMBINATION,neg_log10_mol_kg,STL_MOL,full,LOEC_Population,108,108,0,0.8139228671439832,1.1081089158573014,0.30258009454321255,DEFINED,752bc90a4150990bb5e2ac85
M00,S2_COMBINATION,neg_log10_mol_kg,STL_MOL,full,LOEC_Reproduction,122,122,0,0.8914740759529317,1.225220097474451,0.1469766425625092,DEFINED,752bc90a4150990bb5e2ac85
M00,S2_COMBINATION,neg_log10_mol_kg,STL_MOL,full,NOEC_Biochemical,117,117,0,0.9514574285014149,1.2937873576819499,0.12124178847749045,DEFINED,752bc90a4150990bb5e2ac85
M00,S2_COMBINATION,neg_log10_mol_kg,STL_MOL,full,NOEC_Growth,313,313,0,0.9698721147714918,1.2950674105933824,0.28089173163317716,DEFINED,752bc90a4150990bb5e2ac85
M00,S2_COMBINATION,neg_log10_mol_kg,STL_MOL,full,NOEC_Mortality,73,73,0,1.1795964170823796,1.5065331672100926,0.12521632251101245,DEFINED,752bc90a4150990bb5e2ac85
M00,S2_COMBINATION,neg_log10_mol_kg,STL_MOL,full,NOEC_Physiology,40,40,0,0.7314356641645249,0.9386918107266139,0.3101534779690648,DEFINED,752bc90a4150990bb5e2ac85
M00,S2_COMBINATION,neg_log10_mol_kg,STL_MOL,full,NOEC_Population,111,111,0,0.8244487028347395,1.1795163433554223,0.39218255936220725,DEFINED,752bc90a4150990bb5e2ac85
M00,S2_COMBINATION,neg_log10_mol_kg,STL_MOL,full,NOEC_Reproduction,150,150,0,0.9199744161281668,1.2021203735508417,0.08462242514669827,DEFINED,752bc90a4150990bb5e2ac85
M00,S2_COMBINATION,neg_log10_mol_kg,STL_MOL,locked_common,ECx_Growth,239,239,0,0.7282318709672374,0.8910418207215898,0.28290281604281,DEFINED,752bc90a4150990bb5e2ac85
M00,S2_COMBINATION,neg_log10_mol_kg,STL_MOL,locked_common,ECx_Mortality,244,244,0,0.7474894243948471,1.0224976436880704,0.35219870986563906,DEFINED,752bc90a4150990bb5e2ac85
M00,S2_COMBINATION,neg_log10_mol_kg,STL_MOL,locked_common,ECx_Reproduction,163,163,0,0.6453622706425461,0.8649824458530518,0.34265829608214393,DEFINED,752bc90a4150990bb5e2ac85
M00,S2_COMBINATION,neg_log10_mol_kg,STL_MOL,locked_common,LOEC_Biochemical,138,138,0,1.1757229198614667,1.4603404927301682,-0.09307290771317445,DEFINED,752bc90a4150990bb5e2ac85
M00,S2_COMBINATION,neg_log10_mol_kg,STL_MOL,locked_common,LOEC_GeneticDamage,41,41,0,0.846703039852916,1.0757865623689413,0.2858165118739582,DEFINED,752bc90a4150990bb5e2ac85
M00,S2_COMBINATION,neg_log10_mol_kg,STL_MOL,locked_common,LOEC_Growth,232,232,0,0.9409329328032032,1.2566529315181711,0.2300764289445476,DEFINED,752bc90a4150990bb5e2ac85
M00,S2_COMBINATION,neg_log10_mol_kg,STL_MOL,locked_common,LOEC_Mortality,44,44,0,0.9163317863402327,1.2163237961834872,0.24800011846578673,DEFINED,752bc90a4150990bb5e2ac85
M00,S2_COMBINATION,neg_log10_mol_kg,STL_MOL,locked_common,LOEC_Physiology,41,41,0,1.0478619270862604,1.2808647947506744,0.019326490795369855,DEFINED,752bc90a4150990bb5e2ac85
M00,S2_COMBINATION,neg_log10_mol_kg,STL_MOL,locked_common,LOEC_Population,108,108,0,0.8139228671439832,1.1081089158573014,0.30258009454321255,DEFINED,752bc90a4150990bb5e2ac85
M00,S2_COMBINATION,neg_log10_mol_kg,STL_MOL,locked_common,LOEC_Reproduction,122,122,0,0.8914740759529317,1.225220097474451,0.1469766425625092,DEFINED,752bc90a4150990bb5e2ac85
M00,S2_COMBINATION,neg_log10_mol_kg,STL_MOL,locked_common,NOEC_Biochemical,117,117,0,0.9514574285014149,1.2937873576819499,0.12124178847749045,DEFINED,752bc90a4150990bb5e2ac85
M00,S2_COMBINATION,neg_log10_mol_kg,STL_MOL,locked_common,NOEC_Growth,313,313,0,0.9698721147714918,1.2950674105933824,0.28089173163317716,DEFINED,752bc90a4150990bb5e2ac85
M00,S2_COMBINATION,neg_log10_mol_kg,STL_MOL,locked_common,NOEC_Mortality,73,73,0,1.1795964170823796,1.5065331672100926,0.12521632251101245,DEFINED,752bc90a4150990bb5e2ac85
M00,S2_COMBINATION,neg_log10_mol_kg,STL_MOL,locked_common,NOEC_Physiology,40,40,0,0.7314356641645249,0.9386918107266139,0.3101534779690648,DEFINED,752bc90a4150990bb5e2ac85
M00,S2_COMBINATION,neg_log10_mol_kg,STL_MOL,locked_common,NOEC_Population,111,111,0,0.8244487028347395,1.1795163433554223,0.39218255936220725,DEFINED,752bc90a4150990bb5e2ac85
M00,S2_COMBINATION,neg_log10_mol_kg,STL_MOL,locked_common,NOEC_Reproduction,150,150,0,0.9199744161281668,1.2021203735508417,0.08462242514669827,DEFINED,752bc90a4150990bb5e2ac85
M00,S3_PARENT,neg_log10_mol_kg,MTL_FULL,full,ECx_Growth,239,239,0,0.7437217946908395,1.0295060397960667,0.253013786075464,DEFINED,9c98fed3f8a06a5b3b6692c9
M00,S3_PARENT,neg_log10_mol_kg,MTL_FULL,full,ECx_Mortality,244,244,0,0.6310471868920006,0.8772620976457034,0.32909775161353283,DEFINED,9c98fed3f8a06a5b3b6692c9
M00,S3_PARENT,neg_log10_mol_kg,MTL_FULL,full,ECx_Reproduction,163,163,0,0.7479177752272769,0.992889452007404,0.3804329727573681,DEFINED,9c98fed3f8a06a5b3b6692c9
M00,S3_PARENT,neg_log10_mol_kg,MTL_FULL,full,LOEC_Biochemical,138,138,0,1.041011632602185,1.2778335876684548,0.025925462281225498,DEFINED,9c98fed3f8a06a5b3b6692c9
M00,S3_PARENT,neg_log10_mol_kg,MTL_FULL,full,LOEC_GeneticDamage,41,41,0,1.0460056545914465,1.2043933749777336,0.14181877037642565,DEFINED,9c98fed3f8a06a5b3b6692c9
M00,S3_PARENT,neg_log10_mol_kg,MTL_FULL,full,LOEC_Growth,232,232,0,0.927488978623493,1.1627335253214695,0.17351724016323056,DEFINED,9c98fed3f8a06a5b3b6692c9
M00,S3_PARENT,neg_log10_mol_kg,MTL_FULL,full,LOEC_Mortality,42,42,0,0.8539764716395323,1.1715158592690202,0.4272615577697235,DEFINED,9c98fed3f8a06a5b3b6692c9
M00,S3_PARENT,neg_log10_mol_kg,MTL_FULL,full,LOEC_Physiology,41,41,0,1.0820884538231739,1.3306266579643982,0.08525393217431398,DEFINED,9c98fed3f8a06a5b3b6692c9
M00,S3_PARENT,neg_log10_mol_kg,MTL_FULL,full,LOEC_Population,108,108,0,1.0901800165509061,1.3038376655792343,0.23902211177754107,DEFINED,9c98fed3f8a06a5b3b6692c9
M00,S3_PARENT,neg_log10_mol_kg,MTL_FULL,full,LOEC_Reproduction,123,123,0,0.7857611277583307,1.0448439234763904,0.3331673207053242,DEFINED,9c98fed3f8a06a5b3b6692c9
M00,S3_PARENT,neg_log10_mol_kg,MTL_FULL,full,NOEC_Biochemical,117,117,0,1.0024268414623358,1.2872833708269302,0.16751057849751105,DEFINED,9c98fed3f8a06a5b3b6692c9
M00,S3_PARENT,neg_log10_mol_kg,MTL_FULL,full,NOEC_Growth,313,313,0,1.026696701656776,1.2194934877649581,0.21718848970596938,DEFINED,9c98fed3f8a06a5b3b6692c9
M00,S3_PARENT,neg_log10_mol_kg,MTL_FULL,full,NOEC_Mortality,75,75,0,1.0114494785186368,1.269646440406507,0.3206314962102015,DEFINED,9c98fed3f8a06a5b3b6692c9
M00,S3_PARENT,neg_log10_mol_kg,MTL_FULL,full,NOEC_Physiology,40,40,0,0.8727199347652326,1.1844993012519671,0.19182525666534067,DEFINED,9c98fed3f8a06a5b3b6692c9
M00,S3_PARENT,neg_log10_mol_kg,MTL_FULL,full,NOEC_Population,111,111,0,1.110704055155296,1.427290896605498,0.1711173945825636,DEFINED,9c98fed3f8a06a5b3b6692c9
M00,S3_PARENT,neg_log10_mol_kg,MTL_FULL,full,NOEC_Reproduction,150,150,0,0.7870039165851578,1.0249588376230794,0.4060033208111785,DEFINED,9c98fed3f8a06a5b3b6692c9
M00,S3_PARENT,neg_log10_mol_kg,MTL_FULL,locked_common,ECx_Growth,239,239,0,0.7437217946908395,1.0295060397960667,0.253013786075464,DEFINED,9c98fed3f8a06a5b3b6692c9
M00,S3_PARENT,neg_log10_mol_kg,MTL_FULL,locked_common,ECx_Mortality,244,244,0,0.6310471868920006,0.8772620976457034,0.32909775161353283,DEFINED,9c98fed3f8a06a5b3b6692c9
M00,S3_PARENT,neg_log10_mol_kg,MTL_FULL,locked_common,ECx_Reproduction,163,163,0,0.7479177752272769,0.992889452007404,0.3804329727573681,DEFINED,9c98fed3f8a06a5b3b6692c9
M00,S3_PARENT,neg_log10_mol_kg,MTL_FULL,locked_common,LOEC_Biochemical,138,138,0,1.041011632602185,1.2778335876684548,0.025925462281225498,DEFINED,9c98fed3f8a06a5b3b6692c9
M00,S3_PARENT,neg_log10_mol_kg,MTL_FULL,locked_common,LOEC_GeneticDamage,41,41,0,1.0460056545914465,1.2043933749777336,0.14181877037642565,DEFINED,9c98fed3f8a06a5b3b6692c9
M00,S3_PARENT,neg_log10_mol_kg,MTL_FULL,locked_common,LOEC_Growth,232,232,0,0.927488978623493,1.1627335253214695,0.17351724016323056,DEFINED,9c98fed3f8a06a5b3b6692c9
M00,S3_PARENT,neg_log10_mol_kg,MTL_FULL,locked_common,LOEC_Mortality,42,42,0,0.8539764716395323,1.1715158592690202,0.4272615577697235,DEFINED,9c98fed3f8a06a5b3b6692c9
M00,S3_PARENT,neg_log10_mol_kg,MTL_FULL,locked_common,LOEC_Physiology,41,41,0,1.0820884538231739,1.3306266579643982,0.08525393217431398,DEFINED,9c98fed3f8a06a5b3b6692c9
M00,S3_PARENT,neg_log10_mol_kg,MTL_FULL,locked_common,LOEC_Population,108,108,0,1.0901800165509061,1.3038376655792343,0.23902211177754107,DEFINED,9c98fed3f8a06a5b3b6692c9
M00,S3_PARENT,neg_log10_mol_kg,MTL_FULL,locked_common,LOEC_Reproduction,123,123,0,0.7857611277583307,1.0448439234763904,0.3331673207053242,DEFINED,9c98fed3f8a06a5b3b6692c9
M00,S3_PARENT,neg_log10_mol_kg,MTL_FULL,locked_common,NOEC_Biochemical,117,117,0,1.0024268414623358,1.2872833708269302,0.16751057849751105,DEFINED,9c98fed3f8a06a5b3b6692c9
M00,S3_PARENT,neg_log10_mol_kg,MTL_FULL,locked_common,NOEC_Growth,313,313,0,1.026696701656776,1.2194934877649581,0.21718848970596938,DEFINED,9c98fed3f8a06a5b3b6692c9
M00,S3_PARENT,neg_log10_mol_kg,MTL_FULL,locked_common,NOEC_Mortality,75,75,0,1.0114494785186368,1.269646440406507,0.3206314962102015,DEFINED,9c98fed3f8a06a5b3b6692c9
M00,S3_PARENT,neg_log10_mol_kg,MTL_FULL,locked_common,NOEC_Physiology,40,40,0,0.8727199347652326,1.1844993012519671,0.19182525666534067,DEFINED,9c98fed3f8a06a5b3b6692c9
M00,S3_PARENT,neg_log10_mol_kg,MTL_FULL,locked_common,NOEC_Population,111,111,0,1.110704055155296,1.427290896605498,0.1711173945825636,DEFINED,9c98fed3f8a06a5b3b6692c9
M00,S3_PARENT,neg_log10_mol_kg,MTL_FULL,locked_common,NOEC_Reproduction,150,150,0,0.7870039165851578,1.0249588376230794,0.4060033208111785,DEFINED,9c98fed3f8a06a5b3b6692c9
M00,S3_PARENT,neg_log10_mol_kg,MTL_MOL,full,ECx_Growth,239,239,0,0.8173615435678432,1.1089813792695407,0.1332311461745852,DEFINED,5e7c3f81fc20d11573025ff7
M00,S3_PARENT,neg_log10_mol_kg,MTL_MOL,full,ECx_Mortality,244,244,0,0.7084022157536367,0.9908345250881385,0.14413990561989543,DEFINED,5e7c3f81fc20d11573025ff7
M00,S3_PARENT,neg_log10_mol_kg,MTL_MOL,full,ECx_Reproduction,163,163,0,0.9552754689496357,1.2034299208895594,0.08981827078406168,DEFINED,5e7c3f81fc20d11573025ff7
M00,S3_PARENT,neg_log10_mol_kg,MTL_MOL,full,LOEC_Biochemical,138,138,0,1.0315833191903567,1.3067624896151282,-0.018677964178164697,DEFINED,5e7c3f81fc20d11573025ff7
M00,S3_PARENT,neg_log10_mol_kg,MTL_MOL,full,LOEC_GeneticDamage,41,41,0,0.9311495579947877,1.2537657665095647,0.07001678457153304,DEFINED,5e7c3f81fc20d11573025ff7
M00,S3_PARENT,neg_log10_mol_kg,MTL_MOL,full,LOEC_Growth,232,232,0,0.965417336430734,1.195266133034252,0.12662121614935973,DEFINED,5e7c3f81fc20d11573025ff7
M00,S3_PARENT,neg_log10_mol_kg,MTL_MOL,full,LOEC_Mortality,42,42,0,0.9973511729587763,1.291899444526095,0.303505946959889,DEFINED,5e7c3f81fc20d11573025ff7
M00,S3_PARENT,neg_log10_mol_kg,MTL_MOL,full,LOEC_Physiology,41,41,0,1.0719599978547518,1.3214567489385378,0.0978182905930507,DEFINED,5e7c3f81fc20d11573025ff7
M00,S3_PARENT,neg_log10_mol_kg,MTL_MOL,full,LOEC_Population,108,108,0,1.1477782609100808,1.3820346420306504,0.14500642683911757,DEFINED,5e7c3f81fc20d11573025ff7
M00,S3_PARENT,neg_log10_mol_kg,MTL_MOL,full,LOEC_Reproduction,123,123,0,0.9906697724231782,1.234629342595575,0.06891952160428028,DEFINED,5e7c3f81fc20d11573025ff7
M00,S3_PARENT,neg_log10_mol_kg,MTL_MOL,full,NOEC_Biochemical,117,117,0,1.0868957302034636,1.3677345935085776,0.060202969472792245,DEFINED,5e7c3f81fc20d11573025ff7
M00,S3_PARENT,neg_log10_mol_kg,MTL_MOL,full,NOEC_Growth,313,313,0,1.0750657102125758,1.2978112712598868,0.11341308958696272,DEFINED,5e7c3f81fc20d11573025ff7
M00,S3_PARENT,neg_log10_mol_kg,MTL_MOL,full,NOEC_Mortality,75,75,0,1.086272490436495,1.4041192642253633,0.16910182423205444,DEFINED,5e7c3f81fc20d11573025ff7
M00,S3_PARENT,neg_log10_mol_kg,MTL_MOL,full,NOEC_Physiology,40,40,0,0.9377409079310481,1.2033515266868715,0.1658950801580562,DEFINED,5e7c3f81fc20d11573025ff7
M00,S3_PARENT,neg_log10_mol_kg,MTL_MOL,full,NOEC_Population,111,111,0,1.2046749348520625,1.512051495240582,0.06974674542011405,DEFINED,5e7c3f81fc20d11573025ff7
M00,S3_PARENT,neg_log10_mol_kg,MTL_MOL,full,NOEC_Reproduction,150,150,0,0.9533345879115684,1.1995443775163888,0.18641336256173668,DEFINED,5e7c3f81fc20d11573025ff7
M00,S3_PARENT,neg_log10_mol_kg,MTL_MOL,locked_common,ECx_Growth,239,239,0,0.8173615435678432,1.1089813792695407,0.1332311461745852,DEFINED,5e7c3f81fc20d11573025ff7
M00,S3_PARENT,neg_log10_mol_kg,MTL_MOL,locked_common,ECx_Mortality,244,244,0,0.7084022157536367,0.9908345250881385,0.14413990561989543,DEFINED,5e7c3f81fc20d11573025ff7
M00,S3_PARENT,neg_log10_mol_kg,MTL_MOL,locked_common,ECx_Reproduction,163,163,0,0.9552754689496357,1.2034299208895594,0.08981827078406168,DEFINED,5e7c3f81fc20d11573025ff7
M00,S3_PARENT,neg_log10_mol_kg,MTL_MOL,locked_common,LOEC_Biochemical,138,138,0,1.0315833191903567,1.3067624896151282,-0.018677964178164697,DEFINED,5e7c3f81fc20d11573025ff7
M00,S3_PARENT,neg_log10_mol_kg,MTL_MOL,locked_common,LOEC_GeneticDamage,41,41,0,0.9311495579947877,1.2537657665095647,0.07001678457153304,DEFINED,5e7c3f81fc20d11573025ff7
M00,S3_PARENT,neg_log10_mol_kg,MTL_MOL,locked_common,LOEC_Growth,232,232,0,0.965417336430734,1.195266133034252,0.12662121614935973,DEFINED,5e7c3f81fc20d11573025ff7
M00,S3_PARENT,neg_log10_mol_kg,MTL_MOL,locked_common,LOEC_Mortality,42,42,0,0.9973511729587763,1.291899444526095,0.303505946959889,DEFINED,5e7c3f81fc20d11573025ff7
M00,S3_PARENT,neg_log10_mol_kg,MTL_MOL,locked_common,LOEC_Physiology,41,41,0,1.0719599978547518,1.3214567489385378,0.0978182905930507,DEFINED,5e7c3f81fc20d11573025ff7
M00,S3_PARENT,neg_log10_mol_kg,MTL_MOL,locked_common,LOEC_Population,108,108,0,1.1477782609100808,1.3820346420306504,0.14500642683911757,DEFINED,5e7c3f81fc20d11573025ff7
M00,S3_PARENT,neg_log10_mol_kg,MTL_MOL,locked_common,LOEC_Reproduction,123,123,0,0.9906697724231782,1.234629342595575,0.06891952160428028,DEFINED,5e7c3f81fc20d11573025ff7
M00,S3_PARENT,neg_log10_mol_kg,MTL_MOL,locked_common,NOEC_Biochemical,117,117,0,1.0868957302034636,1.3677345935085776,0.060202969472792245,DEFINED,5e7c3f81fc20d11573025ff7
M00,S3_PARENT,neg_log10_mol_kg,MTL_MOL,locked_common,NOEC_Growth,313,313,0,1.0750657102125758,1.2978112712598868,0.11341308958696272,DEFINED,5e7c3f81fc20d11573025ff7
M00,S3_PARENT,neg_log10_mol_kg,MTL_MOL,locked_common,NOEC_Mortality,75,75,0,1.086272490436495,1.4041192642253633,0.16910182423205444,DEFINED,5e7c3f81fc20d11573025ff7
M00,S3_PARENT,neg_log10_mol_kg,MTL_MOL,locked_common,NOEC_Physiology,40,40,0,0.9377409079310481,1.2033515266868715,0.1658950801580562,DEFINED,5e7c3f81fc20d11573025ff7
M00,S3_PARENT,neg_log10_mol_kg,MTL_MOL,locked_common,NOEC_Population,111,111,0,1.2046749348520625,1.512051495240582,0.06974674542011405,DEFINED,5e7c3f81fc20d11573025ff7
M00,S3_PARENT,neg_log10_mol_kg,MTL_MOL,locked_common,NOEC_Reproduction,150,150,0,0.9533345879115684,1.1995443775163888,0.18641336256173668,DEFINED,5e7c3f81fc20d11573025ff7
M00,S3_PARENT,neg_log10_mol_kg,STL_FULL,full,ECx_Growth,239,239,0,0.7936445443946774,1.0547528423931414,0.21592754352527532,DEFINED,a55d5b8806598a20b75992b4
M00,S3_PARENT,neg_log10_mol_kg,STL_FULL,full,ECx_Mortality,244,244,0,0.6322370589928629,0.8756848812590088,0.3315079932041236,DEFINED,a55d5b8806598a20b75992b4
M00,S3_PARENT,neg_log10_mol_kg,STL_FULL,full,ECx_Reproduction,163,163,0,0.8060715142789785,1.0189082129503257,0.3475358880092958,DEFINED,a55d5b8806598a20b75992b4
M00,S3_PARENT,neg_log10_mol_kg,STL_FULL,full,LOEC_Biochemical,138,138,0,1.0669450559232474,1.3576882268213852,-0.09962269975083093,DEFINED,a55d5b8806598a20b75992b4
M00,S3_PARENT,neg_log10_mol_kg,STL_FULL,full,LOEC_GeneticDamage,41,41,0,1.013707868362549,1.2163695530230065,0.12466684813259443,DEFINED,a55d5b8806598a20b75992b4
M00,S3_PARENT,neg_log10_mol_kg,STL_FULL,full,LOEC_Growth,232,232,0,0.9666692923611224,1.2142113776828352,0.09871528590811218,DEFINED,a55d5b8806598a20b75992b4
M00,S3_PARENT,neg_log10_mol_kg,STL_FULL,full,LOEC_Mortality,42,42,0,1.02270791812476,1.3253915862582948,0.2669250014217962,DEFINED,a55d5b8806598a20b75992b4
M00,S3_PARENT,neg_log10_mol_kg,STL_FULL,full,LOEC_Physiology,41,41,0,1.2084284380360029,1.486046843638753,-0.14091452892281575,DEFINED,a55d5b8806598a20b75992b4
M00,S3_PARENT,neg_log10_mol_kg,STL_FULL,full,LOEC_Population,108,108,0,1.1438170476675944,1.3966826049906897,0.12678650197723962,DEFINED,a55d5b8806598a20b75992b4
M00,S3_PARENT,neg_log10_mol_kg,STL_FULL,full,LOEC_Reproduction,123,123,0,0.9188384384077066,1.162908731148571,0.17395197945595287,DEFINED,a55d5b8806598a20b75992b4
M00,S3_PARENT,neg_log10_mol_kg,STL_FULL,full,NOEC_Biochemical,117,117,0,1.0833054093319319,1.389531465385658,0.030010179100728673,DEFINED,a55d5b8806598a20b75992b4
M00,S3_PARENT,neg_log10_mol_kg,STL_FULL,full,NOEC_Growth,313,313,0,1.0807794107340327,1.2690869940712302,0.15222419365197903,DEFINED,a55d5b8806598a20b75992b4
M00,S3_PARENT,neg_log10_mol_kg,STL_FULL,full,NOEC_Mortality,75,75,0,1.0000602148193372,1.2603695818067473,0.3305230386428799,DEFINED,a55d5b8806598a20b75992b4
M00,S3_PARENT,neg_log10_mol_kg,STL_FULL,full,NOEC_Physiology,40,40,0,1.0600632318673455,1.3039306999121327,0.020634779182538754,DEFINED,a55d5b8806598a20b75992b4
M00,S3_PARENT,neg_log10_mol_kg,STL_FULL,full,NOEC_Population,111,111,0,1.165452060377753,1.4733060752815488,0.11681030408093585,DEFINED,a55d5b8806598a20b75992b4
M00,S3_PARENT,neg_log10_mol_kg,STL_FULL,full,NOEC_Reproduction,150,150,0,0.867713956199075,1.1096641983014235,0.3037674604896423,DEFINED,a55d5b8806598a20b75992b4
M00,S3_PARENT,neg_log10_mol_kg,STL_FULL,locked_common,ECx_Growth,239,239,0,0.7936445443946774,1.0547528423931414,0.21592754352527532,DEFINED,a55d5b8806598a20b75992b4
M00,S3_PARENT,neg_log10_mol_kg,STL_FULL,locked_common,ECx_Mortality,244,244,0,0.6322370589928629,0.8756848812590088,0.3315079932041236,DEFINED,a55d5b8806598a20b75992b4
M00,S3_PARENT,neg_log10_mol_kg,STL_FULL,locked_common,ECx_Reproduction,163,163,0,0.8060715142789785,1.0189082129503257,0.3475358880092958,DEFINED,a55d5b8806598a20b75992b4
M00,S3_PARENT,neg_log10_mol_kg,STL_FULL,locked_common,LOEC_Biochemical,138,138,0,1.0669450559232474,1.3576882268213852,-0.09962269975083093,DEFINED,a55d5b8806598a20b75992b4
M00,S3_PARENT,neg_log10_mol_kg,STL_FULL,locked_common,LOEC_GeneticDamage,41,41,0,1.013707868362549,1.2163695530230065,0.12466684813259443,DEFINED,a55d5b8806598a20b75992b4
M00,S3_PARENT,neg_log10_mol_kg,STL_FULL,locked_common,LOEC_Growth,232,232,0,0.9666692923611224,1.2142113776828352,0.09871528590811218,DEFINED,a55d5b8806598a20b75992b4
M00,S3_PARENT,neg_log10_mol_kg,STL_FULL,locked_common,LOEC_Mortality,42,42,0,1.02270791812476,1.3253915862582948,0.2669250014217962,DEFINED,a55d5b8806598a20b75992b4
M00,S3_PARENT,neg_log10_mol_kg,STL_FULL,locked_common,LOEC_Physiology,41,41,0,1.2084284380360029,1.486046843638753,-0.14091452892281575,DEFINED,a55d5b8806598a20b75992b4
M00,S3_PARENT,neg_log10_mol_kg,STL_FULL,locked_common,LOEC_Population,108,108,0,1.1438170476675944,1.3966826049906897,0.12678650197723962,DEFINED,a55d5b8806598a20b75992b4
M00,S3_PARENT,neg_log10_mol_kg,STL_FULL,locked_common,LOEC_Reproduction,123,123,0,0.9188384384077066,1.162908731148571,0.17395197945595287,DEFINED,a55d5b8806598a20b75992b4
M00,S3_PARENT,neg_log10_mol_kg,STL_FULL,locked_common,NOEC_Biochemical,117,117,0,1.0833054093319319,1.389531465385658,0.030010179100728673,DEFINED,a55d5b8806598a20b75992b4
M00,S3_PARENT,neg_log10_mol_kg,STL_FULL,locked_common,NOEC_Growth,313,313,0,1.0807794107340327,1.2690869940712302,0.15222419365197903,DEFINED,a55d5b8806598a20b75992b4
M00,S3_PARENT,neg_log10_mol_kg,STL_FULL,locked_common,NOEC_Mortality,75,75,0,1.0000602148193372,1.2603695818067473,0.3305230386428799,DEFINED,a55d5b8806598a20b75992b4
M00,S3_PARENT,neg_log10_mol_kg,STL_FULL,locked_common,NOEC_Physiology,40,40,0,1.0600632318673455,1.3039306999121327,0.020634779182538754,DEFINED,a55d5b8806598a20b75992b4
M00,S3_PARENT,neg_log10_mol_kg,STL_FULL,locked_common,NOEC_Population,111,111,0,1.165452060377753,1.4733060752815488,0.11681030408093585,DEFINED,a55d5b8806598a20b75992b4
M00,S3_PARENT,neg_log10_mol_kg,STL_FULL,locked_common,NOEC_Reproduction,150,150,0,0.867713956199075,1.1096641983014235,0.3037674604896423,DEFINED,a55d5b8806598a20b75992b4
M00,S3_PARENT,neg_log10_mol_kg,STL_MOL,full,ECx_Growth,239,239,0,0.8437103835745572,1.1202847860775733,0.11547183684816287,DEFINED,c652319dc5ac0c2721da5d21
M00,S3_PARENT,neg_log10_mol_kg,STL_MOL,full,ECx_Mortality,244,244,0,0.7709430055152207,1.011772918326743,0.10758550279574364,DEFINED,c652319dc5ac0c2721da5d21
M00,S3_PARENT,neg_log10_mol_kg,STL_MOL,full,ECx_Reproduction,163,163,0,0.9655997677477686,1.192984150774846,0.10555044793019641,DEFINED,c652319dc5ac0c2721da5d21
M00,S3_PARENT,neg_log10_mol_kg,STL_MOL,full,LOEC_Biochemical,138,138,0,1.0574931596477541,1.3376894971313371,-0.0674664318960656,DEFINED,c652319dc5ac0c2721da5d21
M00,S3_PARENT,neg_log10_mol_kg,STL_MOL,full,LOEC_GeneticDamage,41,41,0,1.0206984994065798,1.3436068503967762,-0.06803802330237274,DEFINED,c652319dc5ac0c2721da5d21
M00,S3_PARENT,neg_log10_mol_kg,STL_MOL,full,LOEC_Growth,232,232,0,0.9587164896726679,1.191896708657729,0.13153834023962185,DEFINED,c652319dc5ac0c2721da5d21
M00,S3_PARENT,neg_log10_mol_kg,STL_MOL,full,LOEC_Mortality,42,42,0,1.0636406199052193,1.3584271076566097,0.2299256314574103,DEFINED,c652319dc5ac0c2721da5d21
M00,S3_PARENT,neg_log10_mol_kg,STL_MOL,full,LOEC_Physiology,41,41,0,1.2309656696637963,1.5064629911747822,-0.17247892564807876,DEFINED,c652319dc5ac0c2721da5d21
M00,S3_PARENT,neg_log10_mol_kg,STL_MOL,full,LOEC_Population,108,108,0,1.1576861538603744,1.4025463477087945,0.11943902354483682,DEFINED,c652319dc5ac0c2721da5d21
M00,S3_PARENT,neg_log10_mol_kg,STL_MOL,full,LOEC_Reproduction,123,123,0,1.019224270766689,1.2566598365481214,0.03539501392568134,DEFINED,c652319dc5ac0c2721da5d21
M00,S3_PARENT,neg_log10_mol_kg,STL_MOL,full,NOEC_Biochemical,117,117,0,1.0907610498668878,1.3814835957477616,0.04121358897152194,DEFINED,c652319dc5ac0c2721da5d21
M00,S3_PARENT,neg_log10_mol_kg,STL_MOL,full,NOEC_Growth,313,313,0,1.1377476157558675,1.3442415177657419,0.048841613857103394,DEFINED,c652319dc5ac0c2721da5d21
M00,S3_PARENT,neg_log10_mol_kg,STL_MOL,full,NOEC_Mortality,75,75,0,1.069427042059026,1.3917084286702432,0.18372532099593597,DEFINED,c652319dc5ac0c2721da5d21
M00,S3_PARENT,neg_log10_mol_kg,STL_MOL,full,NOEC_Physiology,40,40,0,1.0545768438555332,1.2906421270044879,0.040494807579114944,DEFINED,c652319dc5ac0c2721da5d21
M00,S3_PARENT,neg_log10_mol_kg,STL_MOL,full,NOEC_Population,111,111,0,1.2765686129574332,1.5811883931501869,-0.017267733829412046,DEFINED,c652319dc5ac0c2721da5d21
M00,S3_PARENT,neg_log10_mol_kg,STL_MOL,full,NOEC_Reproduction,150,150,0,0.9681264824891036,1.2367036144120713,0.13522638942611165,DEFINED,c652319dc5ac0c2721da5d21
M00,S3_PARENT,neg_log10_mol_kg,STL_MOL,locked_common,ECx_Growth,239,239,0,0.8437103835745572,1.1202847860775733,0.11547183684816287,DEFINED,c652319dc5ac0c2721da5d21
M00,S3_PARENT,neg_log10_mol_kg,STL_MOL,locked_common,ECx_Mortality,244,244,0,0.7709430055152207,1.011772918326743,0.10758550279574364,DEFINED,c652319dc5ac0c2721da5d21
M00,S3_PARENT,neg_log10_mol_kg,STL_MOL,locked_common,ECx_Reproduction,163,163,0,0.9655997677477686,1.192984150774846,0.10555044793019641,DEFINED,c652319dc5ac0c2721da5d21
M00,S3_PARENT,neg_log10_mol_kg,STL_MOL,locked_common,LOEC_Biochemical,138,138,0,1.0574931596477541,1.3376894971313371,-0.0674664318960656,DEFINED,c652319dc5ac0c2721da5d21
M00,S3_PARENT,neg_log10_mol_kg,STL_MOL,locked_common,LOEC_GeneticDamage,41,41,0,1.0206984994065798,1.3436068503967762,-0.06803802330237274,DEFINED,c652319dc5ac0c2721da5d21
M00,S3_PARENT,neg_log10_mol_kg,STL_MOL,locked_common,LOEC_Growth,232,232,0,0.9587164896726679,1.191896708657729,0.13153834023962185,DEFINED,c652319dc5ac0c2721da5d21
M00,S3_PARENT,neg_log10_mol_kg,STL_MOL,locked_common,LOEC_Mortality,42,42,0,1.0636406199052193,1.3584271076566097,0.2299256314574103,DEFINED,c652319dc5ac0c2721da5d21
M00,S3_PARENT,neg_log10_mol_kg,STL_MOL,locked_common,LOEC_Physiology,41,41,0,1.2309656696637963,1.5064629911747822,-0.17247892564807876,DEFINED,c652319dc5ac0c2721da5d21
M00,S3_PARENT,neg_log10_mol_kg,STL_MOL,locked_common,LOEC_Population,108,108,0,1.1576861538603744,1.4025463477087945,0.11943902354483682,DEFINED,c652319dc5ac0c2721da5d21
M00,S3_PARENT,neg_log10_mol_kg,STL_MOL,locked_common,LOEC_Reproduction,123,123,0,1.019224270766689,1.2566598365481214,0.03539501392568134,DEFINED,c652319dc5ac0c2721da5d21
M00,S3_PARENT,neg_log10_mol_kg,STL_MOL,locked_common,NOEC_Biochemical,117,117,0,1.0907610498668878,1.3814835957477616,0.04121358897152194,DEFINED,c652319dc5ac0c2721da5d21
M00,S3_PARENT,neg_log10_mol_kg,STL_MOL,locked_common,NOEC_Growth,313,313,0,1.1377476157558675,1.3442415177657419,0.048841613857103394,DEFINED,c652319dc5ac0c2721da5d21
M00,S3_PARENT,neg_log10_mol_kg,STL_MOL,locked_common,NOEC_Mortality,75,75,0,1.069427042059026,1.3917084286702432,0.18372532099593597,DEFINED,c652319dc5ac0c2721da5d21
M00,S3_PARENT,neg_log10_mol_kg,STL_MOL,locked_common,NOEC_Physiology,40,40,0,1.0545768438555332,1.2906421270044879,0.040494807579114944,DEFINED,c652319dc5ac0c2721da5d21
M00,S3_PARENT,neg_log10_mol_kg,STL_MOL,locked_common,NOEC_Population,111,111,0,1.2765686129574332,1.5811883931501869,-0.017267733829412046,DEFINED,c652319dc5ac0c2721da5d21
M00,S3_PARENT,neg_log10_mol_kg,STL_MOL,locked_common,NOEC_Reproduction,150,150,0,0.9681264824891036,1.2367036144120713,0.13522638942611165,DEFINED,c652319dc5ac0c2721da5d21
M00,S_SOURCE,neg_log10_mol_kg,MTL_FULL,full,ECx_Growth,239,239,0,0.49972999577998706,0.6680234113746383,0.6658842271690089,DEFINED,292e7549208b0951a1f395c2
M00,S_SOURCE,neg_log10_mol_kg,MTL_FULL,full,ECx_Mortality,244,244,0,0.5703625214305599,0.7826615934619642,0.5312321618905501,DEFINED,292e7549208b0951a1f395c2
M00,S_SOURCE,neg_log10_mol_kg,MTL_FULL,full,ECx_Reproduction,163,163,0,0.5235887746544596,0.680625533448556,0.7054831060389098,DEFINED,292e7549208b0951a1f395c2
M00,S_SOURCE,neg_log10_mol_kg,MTL_FULL,full,LOEC_Biochemical,138,138,0,0.7862013257928332,1.0817408173711502,0.2083658200170989,DEFINED,292e7549208b0951a1f395c2
M00,S_SOURCE,neg_log10_mol_kg,MTL_FULL,full,LOEC_GeneticDamage,41,41,0,0.8249550228212951,1.1938259867009031,0.6004448098372606,DEFINED,292e7549208b0951a1f395c2
M00,S_SOURCE,neg_log10_mol_kg,MTL_FULL,full,LOEC_Growth,232,232,0,0.766426600055682,1.0442527740459786,0.37784857022914053,DEFINED,292e7549208b0951a1f395c2
M00,S_SOURCE,neg_log10_mol_kg,MTL_FULL,full,LOEC_Mortality,44,44,0,0.6440094495839727,0.8630765366301568,0.5447786097850631,DEFINED,292e7549208b0951a1f395c2
M00,S_SOURCE,neg_log10_mol_kg,MTL_FULL,full,LOEC_Physiology,41,41,0,0.793322755330538,1.0492338961875651,0.1370632183230458,DEFINED,292e7549208b0951a1f395c2
M00,S_SOURCE,neg_log10_mol_kg,MTL_FULL,full,LOEC_Population,108,108,0,0.6398970975881008,0.8821261184578876,0.6429187610156202,DEFINED,292e7549208b0951a1f395c2
M00,S_SOURCE,neg_log10_mol_kg,MTL_FULL,full,LOEC_Reproduction,122,122,0,0.5933097477010526,0.847736854528521,0.5825624110224685,DEFINED,292e7549208b0951a1f395c2
M00,S_SOURCE,neg_log10_mol_kg,MTL_FULL,full,NOEC_Biochemical,117,117,0,0.7766549641000393,1.0854110958157788,0.21550799527714504,DEFINED,292e7549208b0951a1f395c2
M00,S_SOURCE,neg_log10_mol_kg,MTL_FULL,full,NOEC_Growth,313,313,0,0.7208550783931219,0.969201412310751,0.551461433858198,DEFINED,292e7549208b0951a1f395c2
M00,S_SOURCE,neg_log10_mol_kg,MTL_FULL,full,NOEC_Mortality,73,73,0,0.5771663062226468,0.7784382997683791,0.7046128215435143,DEFINED,292e7549208b0951a1f395c2
M00,S_SOURCE,neg_log10_mol_kg,MTL_FULL,full,NOEC_Physiology,40,40,0,0.6592447822308486,0.8279563899069922,0.5269175437713411,DEFINED,292e7549208b0951a1f395c2
M00,S_SOURCE,neg_log10_mol_kg,MTL_FULL,full,NOEC_Population,111,111,0,0.6809255719372431,0.942502856825547,0.5840855406357068,DEFINED,292e7549208b0951a1f395c2
M00,S_SOURCE,neg_log10_mol_kg,MTL_FULL,full,NOEC_Reproduction,150,150,0,0.6050352822040426,0.8436466219354181,0.6753387843146432,DEFINED,292e7549208b0951a1f395c2
M00,S_SOURCE,neg_log10_mol_kg,MTL_FULL,locked_common,ECx_Growth,239,239,0,0.49972999577998706,0.6680234113746383,0.6658842271690089,DEFINED,292e7549208b0951a1f395c2
M00,S_SOURCE,neg_log10_mol_kg,MTL_FULL,locked_common,ECx_Mortality,244,244,0,0.5703625214305599,0.7826615934619642,0.5312321618905501,DEFINED,292e7549208b0951a1f395c2
M00,S_SOURCE,neg_log10_mol_kg,MTL_FULL,locked_common,ECx_Reproduction,163,163,0,0.5235887746544596,0.680625533448556,0.7054831060389098,DEFINED,292e7549208b0951a1f395c2
M00,S_SOURCE,neg_log10_mol_kg,MTL_FULL,locked_common,LOEC_Biochemical,138,138,0,0.7862013257928332,1.0817408173711502,0.2083658200170989,DEFINED,292e7549208b0951a1f395c2
M00,S_SOURCE,neg_log10_mol_kg,MTL_FULL,locked_common,LOEC_GeneticDamage,41,41,0,0.8249550228212951,1.1938259867009031,0.6004448098372606,DEFINED,292e7549208b0951a1f395c2
M00,S_SOURCE,neg_log10_mol_kg,MTL_FULL,locked_common,LOEC_Growth,232,232,0,0.766426600055682,1.0442527740459786,0.37784857022914053,DEFINED,292e7549208b0951a1f395c2
M00,S_SOURCE,neg_log10_mol_kg,MTL_FULL,locked_common,LOEC_Mortality,44,44,0,0.6440094495839727,0.8630765366301568,0.5447786097850631,DEFINED,292e7549208b0951a1f395c2
M00,S_SOURCE,neg_log10_mol_kg,MTL_FULL,locked_common,LOEC_Physiology,41,41,0,0.793322755330538,1.0492338961875651,0.1370632183230458,DEFINED,292e7549208b0951a1f395c2
M00,S_SOURCE,neg_log10_mol_kg,MTL_FULL,locked_common,LOEC_Population,108,108,0,0.6398970975881008,0.8821261184578876,0.6429187610156202,DEFINED,292e7549208b0951a1f395c2
M00,S_SOURCE,neg_log10_mol_kg,MTL_FULL,locked_common,LOEC_Reproduction,122,122,0,0.5933097477010526,0.847736854528521,0.5825624110224685,DEFINED,292e7549208b0951a1f395c2
M00,S_SOURCE,neg_log10_mol_kg,MTL_FULL,locked_common,NOEC_Biochemical,117,117,0,0.7766549641000393,1.0854110958157788,0.21550799527714504,DEFINED,292e7549208b0951a1f395c2
M00,S_SOURCE,neg_log10_mol_kg,MTL_FULL,locked_common,NOEC_Growth,313,313,0,0.7208550783931219,0.969201412310751,0.551461433858198,DEFINED,292e7549208b0951a1f395c2
M00,S_SOURCE,neg_log10_mol_kg,MTL_FULL,locked_common,NOEC_Mortality,73,73,0,0.5771663062226468,0.7784382997683791,0.7046128215435143,DEFINED,292e7549208b0951a1f395c2
M00,S_SOURCE,neg_log10_mol_kg,MTL_FULL,locked_common,NOEC_Physiology,40,40,0,0.6592447822308486,0.8279563899069922,0.5269175437713411,DEFINED,292e7549208b0951a1f395c2
M00,S_SOURCE,neg_log10_mol_kg,MTL_FULL,locked_common,NOEC_Population,111,111,0,0.6809255719372431,0.942502856825547,0.5840855406357068,DEFINED,292e7549208b0951a1f395c2
M00,S_SOURCE,neg_log10_mol_kg,MTL_FULL,locked_common,NOEC_Reproduction,150,150,0,0.6050352822040426,0.8436466219354181,0.6753387843146432,DEFINED,292e7549208b0951a1f395c2
M00,S_SOURCE,neg_log10_mol_kg,STL_FULL,full,ECx_Growth,239,239,0,0.516235274593399,0.7122995183331547,0.6201265739397582,DEFINED,ddf3ef982b9a5a8dfadedcff
M00,S_SOURCE,neg_log10_mol_kg,STL_FULL,full,ECx_Mortality,244,244,0,0.6299855523670412,0.839569039762851,0.46058553070805397,DEFINED,ddf3ef982b9a5a8dfadedcff
M00,S_SOURCE,neg_log10_mol_kg,STL_FULL,full,ECx_Reproduction,163,163,0,0.5946245419803258,0.7854846278683288,0.6077444319330689,DEFINED,ddf3ef982b9a5a8dfadedcff
M00,S_SOURCE,neg_log10_mol_kg,STL_FULL,full,LOEC_Biochemical,138,138,0,0.8338144762461999,1.1473650871314287,0.1094027205371153,DEFINED,ddf3ef982b9a5a8dfadedcff
M00,S_SOURCE,neg_log10_mol_kg,STL_FULL,full,LOEC_GeneticDamage,41,41,0,1.0192032472253214,1.4024154649495675,0.4486236875601618,DEFINED,ddf3ef982b9a5a8dfadedcff
M00,S_SOURCE,neg_log10_mol_kg,STL_FULL,full,LOEC_Growth,232,232,0,0.801043587186395,1.1239030628268807,0.2793198874005761,DEFINED,ddf3ef982b9a5a8dfadedcff
M00,S_SOURCE,neg_log10_mol_kg,STL_FULL,full,LOEC_Mortality,44,44,0,0.766008127043602,1.0047070368487983,0.3831168205818264,DEFINED,ddf3ef982b9a5a8dfadedcff
M00,S_SOURCE,neg_log10_mol_kg,STL_FULL,full,LOEC_Physiology,41,41,0,0.7833882304662007,1.049163982843206,0.13717821420069187,DEFINED,ddf3ef982b9a5a8dfadedcff
M00,S_SOURCE,neg_log10_mol_kg,STL_FULL,full,LOEC_Population,108,108,0,0.6804786639529413,0.9825696775865419,0.5569707648699084,DEFINED,ddf3ef982b9a5a8dfadedcff
M00,S_SOURCE,neg_log10_mol_kg,STL_FULL,full,LOEC_Reproduction,122,122,0,0.7899520303605627,1.0409511234869355,0.37059512598810374,DEFINED,ddf3ef982b9a5a8dfadedcff
M00,S_SOURCE,neg_log10_mol_kg,STL_FULL,full,NOEC_Biochemical,117,117,0,0.8281974050491223,1.153578327992419,0.11387664151433052,DEFINED,ddf3ef982b9a5a8dfadedcff
M00,S_SOURCE,neg_log10_mol_kg,STL_FULL,full,NOEC_Growth,313,313,0,0.7733623995284544,1.044047565095102,0.4795101276192121,DEFINED,ddf3ef982b9a5a8dfadedcff
M00,S_SOURCE,neg_log10_mol_kg,STL_FULL,full,NOEC_Mortality,73,73,0,0.7282359334966766,0.914144332643997,0.5926452433443596,DEFINED,ddf3ef982b9a5a8dfadedcff
M00,S_SOURCE,neg_log10_mol_kg,STL_FULL,full,NOEC_Physiology,40,40,0,0.7759256880394091,0.9711434030367424,0.34913840339321545,DEFINED,ddf3ef982b9a5a8dfadedcff
M00,S_SOURCE,neg_log10_mol_kg,STL_FULL,full,NOEC_Population,111,111,0,0.7945298389470046,1.084086353815366,0.4497419259276445,DEFINED,ddf3ef982b9a5a8dfadedcff
M00,S_SOURCE,neg_log10_mol_kg,STL_FULL,full,NOEC_Reproduction,150,150,0,0.794150974353208,1.0732488400933202,0.47457573868709735,DEFINED,ddf3ef982b9a5a8dfadedcff
M00,S_SOURCE,neg_log10_mol_kg,STL_FULL,locked_common,ECx_Growth,239,239,0,0.516235274593399,0.7122995183331547,0.6201265739397582,DEFINED,ddf3ef982b9a5a8dfadedcff
M00,S_SOURCE,neg_log10_mol_kg,STL_FULL,locked_common,ECx_Mortality,244,244,0,0.6299855523670412,0.839569039762851,0.46058553070805397,DEFINED,ddf3ef982b9a5a8dfadedcff
M00,S_SOURCE,neg_log10_mol_kg,STL_FULL,locked_common,ECx_Reproduction,163,163,0,0.5946245419803258,0.7854846278683288,0.6077444319330689,DEFINED,ddf3ef982b9a5a8dfadedcff
M00,S_SOURCE,neg_log10_mol_kg,STL_FULL,locked_common,LOEC_Biochemical,138,138,0,0.8338144762461999,1.1473650871314287,0.1094027205371153,DEFINED,ddf3ef982b9a5a8dfadedcff
M00,S_SOURCE,neg_log10_mol_kg,STL_FULL,locked_common,LOEC_GeneticDamage,41,41,0,1.0192032472253214,1.4024154649495675,0.4486236875601618,DEFINED,ddf3ef982b9a5a8dfadedcff
M00,S_SOURCE,neg_log10_mol_kg,STL_FULL,locked_common,LOEC_Growth,232,232,0,0.801043587186395,1.1239030628268807,0.2793198874005761,DEFINED,ddf3ef982b9a5a8dfadedcff
M00,S_SOURCE,neg_log10_mol_kg,STL_FULL,locked_common,LOEC_Mortality,44,44,0,0.766008127043602,1.0047070368487983,0.3831168205818264,DEFINED,ddf3ef982b9a5a8dfadedcff
M00,S_SOURCE,neg_log10_mol_kg,STL_FULL,locked_common,LOEC_Physiology,41,41,0,0.7833882304662007,1.049163982843206,0.13717821420069187,DEFINED,ddf3ef982b9a5a8dfadedcff
M00,S_SOURCE,neg_log10_mol_kg,STL_FULL,locked_common,LOEC_Population,108,108,0,0.6804786639529413,0.9825696775865419,0.5569707648699084,DEFINED,ddf3ef982b9a5a8dfadedcff
M00,S_SOURCE,neg_log10_mol_kg,STL_FULL,locked_common,LOEC_Reproduction,122,122,0,0.7899520303605627,1.0409511234869355,0.37059512598810374,DEFINED,ddf3ef982b9a5a8dfadedcff
M00,S_SOURCE,neg_log10_mol_kg,STL_FULL,locked_common,NOEC_Biochemical,117,117,0,0.8281974050491223,1.153578327992419,0.11387664151433052,DEFINED,ddf3ef982b9a5a8dfadedcff
M00,S_SOURCE,neg_log10_mol_kg,STL_FULL,locked_common,NOEC_Growth,313,313,0,0.7733623995284544,1.044047565095102,0.4795101276192121,DEFINED,ddf3ef982b9a5a8dfadedcff
M00,S_SOURCE,neg_log10_mol_kg,STL_FULL,locked_common,NOEC_Mortality,73,73,0,0.7282359334966766,0.914144332643997,0.5926452433443596,DEFINED,ddf3ef982b9a5a8dfadedcff
M00,S_SOURCE,neg_log10_mol_kg,STL_FULL,locked_common,NOEC_Physiology,40,40,0,0.7759256880394091,0.9711434030367424,0.34913840339321545,DEFINED,ddf3ef982b9a5a8dfadedcff
M00,S_SOURCE,neg_log10_mol_kg,STL_FULL,locked_common,NOEC_Population,111,111,0,0.7945298389470046,1.084086353815366,0.4497419259276445,DEFINED,ddf3ef982b9a5a8dfadedcff
M00,S_SOURCE,neg_log10_mol_kg,STL_FULL,locked_common,NOEC_Reproduction,150,150,0,0.794150974353208,1.0732488400933202,0.47457573868709735,DEFINED,ddf3ef982b9a5a8dfadedcff
W00,S1_CONDITION,neg_log10_mol_l,MTL_FULL,full,ACx_Development,60,60,0,1.5122469326188697,1.926082202977628,-0.06963884077422677,DEFINED,9f7cc023b2075b648d7b7191
W00,S1_CONDITION,neg_log10_mol_l,MTL_FULL,full,ACx_Growth,1,1,0,0.256921248878915,0.256921248878915,,N_LT_2,9f7cc023b2075b648d7b7191
W00,S1_CONDITION,neg_log10_mol_l,MTL_FULL,full,ACx_Immobilization,32,32,0,1.0290651847964927,1.5362028660660647,0.09156548614348514,DEFINED,9f7cc023b2075b648d7b7191
W00,S1_CONDITION,neg_log10_mol_l,MTL_FULL,full,ACx_Injury,72,72,0,1.1148241081324122,1.530387438665832,0.1221709921531664,DEFINED,9f7cc023b2075b648d7b7191
W00,S1_CONDITION,neg_log10_mol_l,MTL_FULL,full,ACx_Molting,104,104,0,0.4349337379211694,0.6447746314214908,0.4197012131298764,DEFINED,9f7cc023b2075b648d7b7191
W00,S1_CONDITION,neg_log10_mol_l,MTL_FULL,full,ACx_Mortality,59,59,0,1.1495005159183422,1.44824751378823,0.3783472281596173,DEFINED,9f7cc023b2075b648d7b7191
W00,S1_CONDITION,neg_log10_mol_l,MTL_FULL,full,ACx_Physiology,73,73,0,1.1073025023805207,1.4448449949073887,0.11540591899148567,DEFINED,9f7cc023b2075b648d7b7191
W00,S1_CONDITION,neg_log10_mol_l,MTL_FULL,full,BMCx_Behavior,1,1,0,0.31982808973856613,0.31982808973856613,,N_LT_2,9f7cc023b2075b648d7b7191
W00,S1_CONDITION,neg_log10_mol_l,MTL_FULL,full,BMCx_Biochemical,2,2,0,0.372506065513603,0.48804433550440535,-2.890732359567553,DEFINED,9f7cc023b2075b648d7b7191
W00,S1_CONDITION,neg_log10_mol_l,MTL_FULL,full,BMCx_Development,8,8,0,0.46751993400034053,0.5412238423536124,0.7587432595824548,DEFINED,9f7cc023b2075b648d7b7191
W00,S1_CONDITION,neg_log10_mol_l,MTL_FULL,full,BMCx_Immobilization,3,3,0,0.6497805299047309,0.6885673164100596,-0.3338738465239701,DEFINED,9f7cc023b2075b648d7b7191
W00,S1_CONDITION,neg_log10_mol_l,MTL_FULL,full,BMCx_Injury,10,10,0,0.3541855775765926,0.4747310126362949,0.39909781777262243,DEFINED,9f7cc023b2075b648d7b7191
W00,S1_CONDITION,neg_log10_mol_l,MTL_FULL,full,BMCx_Molting,19,19,0,0.48257635595137033,0.5980397700035115,-0.24162490195046038,DEFINED,9f7cc023b2075b648d7b7191
W00,S1_CONDITION,neg_log10_mol_l,MTL_FULL,full,BMCx_Mortality,8,8,0,0.3073903073014054,0.4450550221329611,0.1241106246391731,DEFINED,9f7cc023b2075b648d7b7191
W00,S1_CONDITION,neg_log10_mol_l,MTL_FULL,full,BMCx_Physiology,7,7,0,0.4466923311506135,0.5423488144964258,0.14335453564629463,DEFINED,9f7cc023b2075b648d7b7191
W00,S1_CONDITION,neg_log10_mol_l,MTL_FULL,full,BMDx_Behavior,34,34,0,2.1167304329660492,3.0317916114725016,-0.02102966061519318,DEFINED,9f7cc023b2075b648d7b7191
W00,S1_CONDITION,neg_log10_mol_l,MTL_FULL,full,BMDx_Development,48,48,0,1.055922847986969,1.2719085607037763,-0.05996072844465061,DEFINED,9f7cc023b2075b648d7b7191
W00,S1_CONDITION,neg_log10_mol_l,MTL_FULL,full,BMDx_Immobilization,8,8,0,0.23185277799688866,0.49583601202883487,0.027398066781255448,DEFINED,9f7cc023b2075b648d7b7191
W00,S1_CONDITION,neg_log10_mol_l,MTL_FULL,full,BMDx_Injury,13,13,0,1.5188508886378231,1.6968076381461188,-0.25891889555941705,DEFINED,9f7cc023b2075b648d7b7191
W00,S1_CONDITION,neg_log10_mol_l,MTL_FULL,full,BMDx_Molting,3,3,0,2.2450060571736183,2.3460300825531832,-10.866749439532768,DEFINED,9f7cc023b2075b648d7b7191
W00,S1_CONDITION,neg_log10_mol_l,MTL_FULL,full,BMDx_Morphology,6,6,0,0.7713918629858992,1.0808794156315833,-0.350072109010358,DEFINED,9f7cc023b2075b648d7b7191
W00,S1_CONDITION,neg_log10_mol_l,MTL_FULL,full,BMDx_Mortality,17,17,0,2.5342916921137504,3.805500027296529,-0.4380903611638227,DEFINED,9f7cc023b2075b648d7b7191
W00,S1_CONDITION,neg_log10_mol_l,MTL_FULL,full,BMDx_Physiology,10,10,0,0.7387739492812531,0.9517465992513714,0.182332978606621,DEFINED,9f7cc023b2075b648d7b7191
W00,S1_CONDITION,neg_log10_mol_l,MTL_FULL,full,ECx_Behavior,492,492,0,0.5990979255620452,0.8137864266354532,0.8525741463726467,DEFINED,9f7cc023b2075b648d7b7191
W00,S1_CONDITION,neg_log10_mol_l,MTL_FULL,full,ECx_Biochemical,240,240,0,0.6130095701987455,0.9038492258638143,0.8264109292882029,DEFINED,9f7cc023b2075b648d7b7191
W00,S1_CONDITION,neg_log10_mol_l,MTL_FULL,full,ECx_Development,504,504,0,0.7519809938492164,1.0498297840850686,0.7708647523863923,DEFINED,9f7cc023b2075b648d7b7191
W00,S1_CONDITION,neg_log10_mol_l,MTL_FULL,full,ECx_Feeding,40,40,0,0.6358937020684842,0.8460686785252709,0.5985119212978808,DEFINED,9f7cc023b2075b648d7b7191
W00,S1_CONDITION,neg_log10_mol_l,MTL_FULL,full,ECx_GeneticDamage,47,47,0,0.6329290432259896,0.8981372556459775,0.8854812575379072,DEFINED,9f7cc023b2075b648d7b7191
W00,S1_CONDITION,neg_log10_mol_l,MTL_FULL,full,ECx_Growth,725,725,0,0.5197913847211891,0.7067298316836367,0.8379763700402807,DEFINED,9f7cc023b2075b648d7b7191
W00,S1_CONDITION,neg_log10_mol_l,MTL_FULL,full,ECx_Immobilization,1566,1566,0,0.6466538661976853,0.8831551468808119,0.8224488822363132,DEFINED,9f7cc023b2075b648d7b7191
W00,S1_CONDITION,neg_log10_mol_l,MTL_FULL,full,ECx_Injury,65,65,0,0.7434436388177256,0.9982060640024752,0.7501180481136122,DEFINED,9f7cc023b2075b648d7b7191
W00,S1_CONDITION,neg_log10_mol_l,MTL_FULL,full,ECx_Molting,182,182,0,0.5532354859719261,0.7995312479257753,0.6783843229401955,DEFINED,9f7cc023b2075b648d7b7191
W00,S1_CONDITION,neg_log10_mol_l,MTL_FULL,full,ECx_Morphology,49,49,0,0.662316467492468,1.0957574141228463,0.668746543862388,DEFINED,9f7cc023b2075b648d7b7191
W00,S1_CONDITION,neg_log10_mol_l,MTL_FULL,full,ECx_Mortality,14822,14822,0,0.6906527495250578,0.9513095041891204,0.7392142847369483,DEFINED,9f7cc023b2075b648d7b7191
W00,S1_CONDITION,neg_log10_mol_l,MTL_FULL,full,ECx_Physiology,447,447,0,0.6075636002842245,0.8938496068028557,0.8045071340388564,DEFINED,9f7cc023b2075b648d7b7191
W00,S1_CONDITION,neg_log10_mol_l,MTL_FULL,full,ECx_Population,2104,2104,0,0.6295740213842631,0.8837850698031336,0.7358389919221052,DEFINED,9f7cc023b2075b648d7b7191
W00,S1_CONDITION,neg_log10_mol_l,MTL_FULL,full,ECx_Reproduction,208,208,0,0.46499462809988235,0.6540441831610162,0.8477459124435746,DEFINED,9f7cc023b2075b648d7b7191
W00,S1_CONDITION,neg_log10_mol_l,MTL_FULL,full,EDx_Development,5,5,0,1.25981665507789,1.4545795384751095,-2.3763733988859563,DEFINED,9f7cc023b2075b648d7b7191
W00,S1_CONDITION,neg_log10_mol_l,MTL_FULL,full,EDx_Growth,2,2,0,1.2784973584530666,1.2869639240597,-3.938060823328617,DEFINED,9f7cc023b2075b648d7b7191
W00,S1_CONDITION,neg_log10_mol_l,MTL_FULL,full,EDx_Molting,3,3,0,0.676814517429459,0.9319859946450104,-1.7469686396874557,DEFINED,9f7cc023b2075b648d7b7191
W00,S1_CONDITION,neg_log10_mol_l,MTL_FULL,full,EDx_Physiology,2,2,0,0.8099215066098102,0.8099887362341082,-44.98866199523947,DEFINED,9f7cc023b2075b648d7b7191
W00,S1_CONDITION,neg_log10_mol_l,MTL_FULL,full,EDx_Population,2,2,0,0.2958373216399832,0.2970571269485479,-121.01467000936222,DEFINED,9f7cc023b2075b648d7b7191
W00,S1_CONDITION,neg_log10_mol_l,MTL_FULL,full,EDx_Reproduction,1,1,0,0.8209969046652734,0.8209969046652734,,N_LT_2,9f7cc023b2075b648d7b7191
W00,S1_CONDITION,neg_log10_mol_l,MTL_FULL,full,ICx_Behavior,3,3,0,1.8539531915196676,2.427001202825856,-0.1736480474911306,DEFINED,9f7cc023b2075b648d7b7191
W00,S1_CONDITION,neg_log10_mol_l,MTL_FULL,full,ICx_Biochemical,171,171,0,0.8396444311079776,1.2305906105700926,0.43381585049452154,DEFINED,9f7cc023b2075b648d7b7191
W00,S1_CONDITION,neg_log10_mol_l,MTL_FULL,full,ICx_Development,29,29,0,0.4610578140157485,0.6155008850586471,0.8894243896479306,DEFINED,9f7cc023b2075b648d7b7191
W00,S1_CONDITION,neg_log10_mol_l,MTL_FULL,full,ICx_Feeding,3,3,0,0.12903971509402248,0.12999488870239126,-5.636840197447935,DEFINED,9f7cc023b2075b648d7b7191
W00,S1_CONDITION,neg_log10_mol_l,MTL_FULL,full,ICx_GeneticDamage,5,5,0,0.7779224739036562,1.1333963995377043,-1.0228228448620773,DEFINED,9f7cc023b2075b648d7b7191
W00,S1_CONDITION,neg_log10_mol_l,MTL_FULL,full,ICx_Growth,110,110,0,0.3704055772742763,0.5287154244262697,0.9265060030996642,DEFINED,9f7cc023b2075b648d7b7191
W00,S1_CONDITION,neg_log10_mol_l,MTL_FULL,full,ICx_Immobilization,62,62,0,0.24199359546383514,0.29305135035331487,0.5335744803189164,DEFINED,9f7cc023b2075b648d7b7191
W00,S1_CONDITION,neg_log10_mol_l,MTL_FULL,full,ICx_Molting,1,1,0,1.2126718456557084,1.2126718456557084,,N_LT_2,9f7cc023b2075b648d7b7191
W00,S1_CONDITION,neg_log10_mol_l,MTL_FULL,full,ICx_Morphology,2,2,0,0.6786807582878835,0.8557370071009278,-16.6576935408617,DEFINED,9f7cc023b2075b648d7b7191
W00,S1_CONDITION,neg_log10_mol_l,MTL_FULL,full,ICx_Mortality,23,23,0,0.7231864574548927,1.3056567132924364,0.4758925769884469,DEFINED,9f7cc023b2075b648d7b7191
W00,S1_CONDITION,neg_log10_mol_l,MTL_FULL,full,ICx_Physiology,164,164,0,0.5350814095503397,0.9143759328873777,0.8249931818393897,DEFINED,9f7cc023b2075b648d7b7191
W00,S1_CONDITION,neg_log10_mol_l,MTL_FULL,full,ICx_Population,289,289,0,0.6053093916660494,0.878621787560882,0.8014899176388786,DEFINED,9f7cc023b2075b648d7b7191
W00,S1_CONDITION,neg_log10_mol_l,MTL_FULL,full,ICx_Reproduction,66,66,0,0.6021049004455943,0.8251368961787324,0.9203180435973644,DEFINED,9f7cc023b2075b648d7b7191
W00,S1_CONDITION,neg_log10_mol_l,MTL_FULL,full,LDx_Injury,5,5,0,0.4592100792855486,0.546284764568035,0.6217984084763494,DEFINED,9f7cc023b2075b648d7b7191
W00,S1_CONDITION,neg_log10_mol_l,MTL_FULL,full,LDx_Mortality,239,239,0,0.6353959698665708,0.8331292282675506,0.7440970156686557,DEFINED,9f7cc023b2075b648d7b7191
W00,S1_CONDITION,neg_log10_mol_l,MTL_FULL,full,LDx_Physiology,8,8,0,0.40691875669840927,0.47527057181402266,0.5393236600946123,DEFINED,9f7cc023b2075b648d7b7191
W00,S1_CONDITION,neg_log10_mol_l,MTL_FULL,full,LDx_Reproduction,1,1,0,0.17829900822571165,0.17829900822571165,,N_LT_2,9f7cc023b2075b648d7b7191
W00,S1_CONDITION,neg_log10_mol_l,MTL_FULL,full,LOEC_Accumulation,45,45,0,0.7914213192140268,1.116709789102487,0.6791852297275804,DEFINED,9f7cc023b2075b648d7b7191
W00,S1_CONDITION,neg_log10_mol_l,MTL_FULL,full,LOEC_Behavior,332,332,0,0.7319752801384765,0.9988197801291514,0.6926566865049123,DEFINED,9f7cc023b2075b648d7b7191
W00,S1_CONDITION,neg_log10_mol_l,MTL_FULL,full,LOEC_Biochemical,1314,1314,0,0.7808141593647338,1.0666519677795407,0.6883732861240262,DEFINED,9f7cc023b2075b648d7b7191
W00,S1_CONDITION,neg_log10_mol_l,MTL_FULL,full,LOEC_Development,422,422,0,0.7881883749357952,1.0713422666098544,0.7152912178975319,DEFINED,9f7cc023b2075b648d7b7191
W00,S1_CONDITION,neg_log10_mol_l,MTL_FULL,full,LOEC_Feeding,30,30,0,0.504185911891193,0.6448707694872612,0.14330462724009096,DEFINED,9f7cc023b2075b648d7b7191
W00,S1_CONDITION,neg_log10_mol_l,MTL_FULL,full,LOEC_GeneticDamage,857,857,0,0.8396601187857333,1.1367895398675139,0.6529321289630553,DEFINED,9f7cc023b2075b648d7b7191
W00,S1_CONDITION,neg_log10_mol_l,MTL_FULL,full,LOEC_Growth,853,853,0,0.6330055386089185,0.871231338365004,0.7757537371890371,DEFINED,9f7cc023b2075b648d7b7191
W00,S1_CONDITION,neg_log10_mol_l,MTL_FULL,full,LOEC_Immobilization,61,61,0,0.6833947037850968,0.934473609599996,0.6729581786075581,DEFINED,9f7cc023b2075b648d7b7191
W00,S1_CONDITION,neg_log10_mol_l,MTL_FULL,full,LOEC_Injury,113,113,0,0.7626489670327905,0.979941548986715,0.6694255649537058,DEFINED,9f7cc023b2075b648d7b7191
W00,S1_CONDITION,neg_log10_mol_l,MTL_FULL,full,LOEC_Molting,24,24,0,0.5655772704751144,0.8648943874135755,0.7890794928670591,DEFINED,9f7cc023b2075b648d7b7191
W00,S1_CONDITION,neg_log10_mol_l,MTL_FULL,full,LOEC_Morphology,168,168,0,0.7105157876645259,0.9320974595144939,0.7557047569312323,DEFINED,9f7cc023b2075b648d7b7191
W00,S1_CONDITION,neg_log10_mol_l,MTL_FULL,full,LOEC_Mortality,831,831,0,0.6669347286626308,0.9545978583203315,0.7855611581177444,DEFINED,9f7cc023b2075b648d7b7191
W00,S1_CONDITION,neg_log10_mol_l,MTL_FULL,full,LOEC_Physiology,721,721,0,0.7862397306617723,1.1068170301139888,0.7067778783688448,DEFINED,9f7cc023b2075b648d7b7191
W00,S1_CONDITION,neg_log10_mol_l,MTL_FULL,full,LOEC_Population,936,936,0,0.6207673087957937,0.828355199221604,0.8232371652337946,DEFINED,9f7cc023b2075b648d7b7191
W00,S1_CONDITION,neg_log10_mol_l,MTL_FULL,full,LOEC_Reproduction,495,495,0,0.6216596471341755,0.8782191353407682,0.8003741001454947,DEFINED,9f7cc023b2075b648d7b7191
W00,S1_CONDITION,neg_log10_mol_l,MTL_FULL,full,MATC_Behavior,2,2,0,0.5477204084480745,0.575158852233998,-1.5219314846875083,DEFINED,9f7cc023b2075b648d7b7191
W00,S1_CONDITION,neg_log10_mol_l,MTL_FULL,full,MATC_Biochemical,6,6,0,1.25909135635233,1.3471397325980077,-5.754835050526868,DEFINED,9f7cc023b2075b648d7b7191
W00,S1_CONDITION,neg_log10_mol_l,MTL_FULL,full,MATC_Development,17,17,0,0.4839616939770713,0.6304881212039761,0.5363741257655531,DEFINED,9f7cc023b2075b648d7b7191
W00,S1_CONDITION,neg_log10_mol_l,MTL_FULL,full,MATC_Growth,56,56,0,0.5386664628343937,0.7092357446026093,0.9043993833642404,DEFINED,9f7cc023b2075b648d7b7191
W00,S1_CONDITION,neg_log10_mol_l,MTL_FULL,full,MATC_Immobilization,3,3,0,0.47700720010011893,0.47916134641759744,-17.88086095675009,DEFINED,9f7cc023b2075b648d7b7191
W00,S1_CONDITION,neg_log10_mol_l,MTL_FULL,full,MATC_Molting,7,7,0,0.8624705286979525,1.0967019940467044,0.1080168275039547,DEFINED,9f7cc023b2075b648d7b7191
W00,S1_CONDITION,neg_log10_mol_l,MTL_FULL,full,MATC_Mortality,92,92,0,0.4799424660229313,0.6230380353778386,0.910068970166921,DEFINED,9f7cc023b2075b648d7b7191
W00,S1_CONDITION,neg_log10_mol_l,MTL_FULL,full,MATC_Physiology,3,3,0,0.3721677177903831,0.39869022863929493,0.2908775912624949,DEFINED,9f7cc023b2075b648d7b7191
W00,S1_CONDITION,neg_log10_mol_l,MTL_FULL,full,MATC_Population,22,22,0,0.4692381203963523,0.6426465655046613,0.7233041063918741,DEFINED,9f7cc023b2075b648d7b7191
W00,S1_CONDITION,neg_log10_mol_l,MTL_FULL,full,MATC_Reproduction,37,37,0,0.6548914501518276,0.8762166585249611,0.7628307161167649,DEFINED,9f7cc023b2075b648d7b7191
W00,S1_CONDITION,neg_log10_mol_l,MTL_FULL,full,NOEC_Accumulation,30,30,0,0.8745854629709423,1.1879816759618738,0.6966811484448698,DEFINED,9f7cc023b2075b648d7b7191
W00,S1_CONDITION,neg_log10_mol_l,MTL_FULL,full,NOEC_Behavior,434,434,0,0.7077211415287088,0.9399830973583057,0.6915667467997136,DEFINED,9f7cc023b2075b648d7b7191
W00,S1_CONDITION,neg_log10_mol_l,MTL_FULL,full,NOEC_Biochemical,1258,1258,0,0.7410110875724026,1.0230261433713363,0.6978127117373756,DEFINED,9f7cc023b2075b648d7b7191
W00,S1_CONDITION,neg_log10_mol_l,MTL_FULL,full,NOEC_Development,593,593,0,0.7544059814266614,1.0562231545666858,0.6876944269660649,DEFINED,9f7cc023b2075b648d7b7191
W00,S1_CONDITION,neg_log10_mol_l,MTL_FULL,full,NOEC_Feeding,71,71,0,0.8209656748487545,1.0210432167228187,0.7802074713939529,DEFINED,9f7cc023b2075b648d7b7191
W00,S1_CONDITION,neg_log10_mol_l,MTL_FULL,full,NOEC_GeneticDamage,838,838,0,0.8104708360658183,1.1110294263894613,0.6520361638760053,DEFINED,9f7cc023b2075b648d7b7191
W00,S1_CONDITION,neg_log10_mol_l,MTL_FULL,full,NOEC_Growth,1168,1168,0,0.6490404244280026,0.8868689742166125,0.7520972366592491,DEFINED,9f7cc023b2075b648d7b7191
W00,S1_CONDITION,neg_log10_mol_l,MTL_FULL,full,NOEC_Immobilization,275,275,0,0.8187190539595945,1.1041538950689886,0.6132354729320966,DEFINED,9f7cc023b2075b648d7b7191
W00,S1_CONDITION,neg_log10_mol_l,MTL_FULL,full,NOEC_Injury,155,155,0,0.6574795641275818,0.8797857938282095,0.7121515388852387,DEFINED,9f7cc023b2075b648d7b7191
W00,S1_CONDITION,neg_log10_mol_l,MTL_FULL,full,NOEC_Molting,47,47,0,0.49217563867375597,0.6834569100815588,0.8421982776449032,DEFINED,9f7cc023b2075b648d7b7191
W00,S1_CONDITION,neg_log10_mol_l,MTL_FULL,full,NOEC_Morphology,281,281,0,0.7147084135659267,0.9725869769394957,0.7876508356636052,DEFINED,9f7cc023b2075b648d7b7191
W00,S1_CONDITION,neg_log10_mol_l,MTL_FULL,full,NOEC_Mortality,1793,1793,0,0.6926720784410054,0.9307079012942486,0.7771133111091446,DEFINED,9f7cc023b2075b648d7b7191
W00,S1_CONDITION,neg_log10_mol_l,MTL_FULL,full,NOEC_Physiology,798,798,0,0.7393646715627936,0.9809738082984226,0.7117122065514263,DEFINED,9f7cc023b2075b648d7b7191
W00,S1_CONDITION,neg_log10_mol_l,MTL_FULL,full,NOEC_Population,1386,1386,0,0.6751448192775061,0.9070916046466274,0.7279852938945749,DEFINED,9f7cc023b2075b648d7b7191
W00,S1_CONDITION,neg_log10_mol_l,MTL_FULL,full,NOEC_Reproduction,620,620,0,0.662358203311073,0.9173523831871222,0.7846543831625109,DEFINED,9f7cc023b2075b648d7b7191
W00,S1_CONDITION,neg_log10_mol_l,MTL_FULL,locked_common,ACx_Development,60,60,0,1.5122469326188697,1.926082202977628,-0.06963884077422677,DEFINED,9f7cc023b2075b648d7b7191
W00,S1_CONDITION,neg_log10_mol_l,MTL_FULL,locked_common,ACx_Growth,1,1,0,0.256921248878915,0.256921248878915,,N_LT_2,9f7cc023b2075b648d7b7191
W00,S1_CONDITION,neg_log10_mol_l,MTL_FULL,locked_common,ACx_Immobilization,32,32,0,1.0290651847964927,1.5362028660660647,0.09156548614348514,DEFINED,9f7cc023b2075b648d7b7191
W00,S1_CONDITION,neg_log10_mol_l,MTL_FULL,locked_common,ACx_Injury,72,72,0,1.1148241081324122,1.530387438665832,0.1221709921531664,DEFINED,9f7cc023b2075b648d7b7191
W00,S1_CONDITION,neg_log10_mol_l,MTL_FULL,locked_common,ACx_Molting,104,104,0,0.4349337379211694,0.6447746314214908,0.4197012131298764,DEFINED,9f7cc023b2075b648d7b7191
W00,S1_CONDITION,neg_log10_mol_l,MTL_FULL,locked_common,ACx_Mortality,59,59,0,1.1495005159183422,1.44824751378823,0.3783472281596173,DEFINED,9f7cc023b2075b648d7b7191
W00,S1_CONDITION,neg_log10_mol_l,MTL_FULL,locked_common,ACx_Physiology,73,73,0,1.1073025023805207,1.4448449949073887,0.11540591899148567,DEFINED,9f7cc023b2075b648d7b7191
W00,S1_CONDITION,neg_log10_mol_l,MTL_FULL,locked_common,BMCx_Behavior,1,1,0,0.31982808973856613,0.31982808973856613,,N_LT_2,9f7cc023b2075b648d7b7191
W00,S1_CONDITION,neg_log10_mol_l,MTL_FULL,locked_common,BMCx_Biochemical,2,2,0,0.372506065513603,0.48804433550440535,-2.890732359567553,DEFINED,9f7cc023b2075b648d7b7191
W00,S1_CONDITION,neg_log10_mol_l,MTL_FULL,locked_common,BMCx_Development,8,8,0,0.46751993400034053,0.5412238423536124,0.7587432595824548,DEFINED,9f7cc023b2075b648d7b7191
W00,S1_CONDITION,neg_log10_mol_l,MTL_FULL,locked_common,BMCx_Immobilization,3,3,0,0.6497805299047309,0.6885673164100596,-0.3338738465239701,DEFINED,9f7cc023b2075b648d7b7191
W00,S1_CONDITION,neg_log10_mol_l,MTL_FULL,locked_common,BMCx_Injury,10,10,0,0.3541855775765926,0.4747310126362949,0.39909781777262243,DEFINED,9f7cc023b2075b648d7b7191
W00,S1_CONDITION,neg_log10_mol_l,MTL_FULL,locked_common,BMCx_Molting,19,19,0,0.48257635595137033,0.5980397700035115,-0.24162490195046038,DEFINED,9f7cc023b2075b648d7b7191
W00,S1_CONDITION,neg_log10_mol_l,MTL_FULL,locked_common,BMCx_Mortality,8,8,0,0.3073903073014054,0.4450550221329611,0.1241106246391731,DEFINED,9f7cc023b2075b648d7b7191
W00,S1_CONDITION,neg_log10_mol_l,MTL_FULL,locked_common,BMCx_Physiology,7,7,0,0.4466923311506135,0.5423488144964258,0.14335453564629463,DEFINED,9f7cc023b2075b648d7b7191
W00,S1_CONDITION,neg_log10_mol_l,MTL_FULL,locked_common,BMDx_Behavior,34,34,0,2.1167304329660492,3.0317916114725016,-0.02102966061519318,DEFINED,9f7cc023b2075b648d7b7191
W00,S1_CONDITION,neg_log10_mol_l,MTL_FULL,locked_common,BMDx_Development,48,48,0,1.055922847986969,1.2719085607037763,-0.05996072844465061,DEFINED,9f7cc023b2075b648d7b7191
W00,S1_CONDITION,neg_log10_mol_l,MTL_FULL,locked_common,BMDx_Immobilization,8,8,0,0.23185277799688866,0.49583601202883487,0.027398066781255448,DEFINED,9f7cc023b2075b648d7b7191
W00,S1_CONDITION,neg_log10_mol_l,MTL_FULL,locked_common,BMDx_Injury,13,13,0,1.5188508886378231,1.6968076381461188,-0.25891889555941705,DEFINED,9f7cc023b2075b648d7b7191
W00,S1_CONDITION,neg_log10_mol_l,MTL_FULL,locked_common,BMDx_Molting,3,3,0,2.2450060571736183,2.3460300825531832,-10.866749439532768,DEFINED,9f7cc023b2075b648d7b7191
W00,S1_CONDITION,neg_log10_mol_l,MTL_FULL,locked_common,BMDx_Morphology,6,6,0,0.7713918629858992,1.0808794156315833,-0.350072109010358,DEFINED,9f7cc023b2075b648d7b7191
W00,S1_CONDITION,neg_log10_mol_l,MTL_FULL,locked_common,BMDx_Mortality,17,17,0,2.5342916921137504,3.805500027296529,-0.4380903611638227,DEFINED,9f7cc023b2075b648d7b7191
W00,S1_CONDITION,neg_log10_mol_l,MTL_FULL,locked_common,BMDx_Physiology,10,10,0,0.7387739492812531,0.9517465992513714,0.182332978606621,DEFINED,9f7cc023b2075b648d7b7191
W00,S1_CONDITION,neg_log10_mol_l,MTL_FULL,locked_common,ECx_Behavior,492,492,0,0.5990979255620452,0.8137864266354532,0.8525741463726467,DEFINED,9f7cc023b2075b648d7b7191
W00,S1_CONDITION,neg_log10_mol_l,MTL_FULL,locked_common,ECx_Biochemical,240,240,0,0.6130095701987455,0.9038492258638143,0.8264109292882029,DEFINED,9f7cc023b2075b648d7b7191
W00,S1_CONDITION,neg_log10_mol_l,MTL_FULL,locked_common,ECx_Development,504,504,0,0.7519809938492164,1.0498297840850686,0.7708647523863923,DEFINED,9f7cc023b2075b648d7b7191
W00,S1_CONDITION,neg_log10_mol_l,MTL_FULL,locked_common,ECx_Feeding,40,40,0,0.6358937020684842,0.8460686785252709,0.5985119212978808,DEFINED,9f7cc023b2075b648d7b7191
W00,S1_CONDITION,neg_log10_mol_l,MTL_FULL,locked_common,ECx_GeneticDamage,47,47,0,0.6329290432259896,0.8981372556459775,0.8854812575379072,DEFINED,9f7cc023b2075b648d7b7191
W00,S1_CONDITION,neg_log10_mol_l,MTL_FULL,locked_common,ECx_Growth,725,725,0,0.5197913847211891,0.7067298316836367,0.8379763700402807,DEFINED,9f7cc023b2075b648d7b7191
W00,S1_CONDITION,neg_log10_mol_l,MTL_FULL,locked_common,ECx_Immobilization,1566,1566,0,0.6466538661976853,0.8831551468808119,0.8224488822363132,DEFINED,9f7cc023b2075b648d7b7191
W00,S1_CONDITION,neg_log10_mol_l,MTL_FULL,locked_common,ECx_Injury,65,65,0,0.7434436388177256,0.9982060640024752,0.7501180481136122,DEFINED,9f7cc023b2075b648d7b7191
W00,S1_CONDITION,neg_log10_mol_l,MTL_FULL,locked_common,ECx_Molting,182,182,0,0.5532354859719261,0.7995312479257753,0.6783843229401955,DEFINED,9f7cc023b2075b648d7b7191
W00,S1_CONDITION,neg_log10_mol_l,MTL_FULL,locked_common,ECx_Morphology,49,49,0,0.662316467492468,1.0957574141228463,0.668746543862388,DEFINED,9f7cc023b2075b648d7b7191
W00,S1_CONDITION,neg_log10_mol_l,MTL_FULL,locked_common,ECx_Mortality,14822,14822,0,0.6906527495250578,0.9513095041891204,0.7392142847369483,DEFINED,9f7cc023b2075b648d7b7191
W00,S1_CONDITION,neg_log10_mol_l,MTL_FULL,locked_common,ECx_Physiology,447,447,0,0.6075636002842245,0.8938496068028557,0.8045071340388564,DEFINED,9f7cc023b2075b648d7b7191
W00,S1_CONDITION,neg_log10_mol_l,MTL_FULL,locked_common,ECx_Population,2104,2104,0,0.6295740213842631,0.8837850698031336,0.7358389919221052,DEFINED,9f7cc023b2075b648d7b7191
W00,S1_CONDITION,neg_log10_mol_l,MTL_FULL,locked_common,ECx_Reproduction,208,208,0,0.46499462809988235,0.6540441831610162,0.8477459124435746,DEFINED,9f7cc023b2075b648d7b7191
W00,S1_CONDITION,neg_log10_mol_l,MTL_FULL,locked_common,EDx_Development,5,5,0,1.25981665507789,1.4545795384751095,-2.3763733988859563,DEFINED,9f7cc023b2075b648d7b7191
W00,S1_CONDITION,neg_log10_mol_l,MTL_FULL,locked_common,EDx_Growth,2,2,0,1.2784973584530666,1.2869639240597,-3.938060823328617,DEFINED,9f7cc023b2075b648d7b7191
W00,S1_CONDITION,neg_log10_mol_l,MTL_FULL,locked_common,EDx_Molting,3,3,0,0.676814517429459,0.9319859946450104,-1.7469686396874557,DEFINED,9f7cc023b2075b648d7b7191
W00,S1_CONDITION,neg_log10_mol_l,MTL_FULL,locked_common,EDx_Physiology,2,2,0,0.8099215066098102,0.8099887362341082,-44.98866199523947,DEFINED,9f7cc023b2075b648d7b7191
W00,S1_CONDITION,neg_log10_mol_l,MTL_FULL,locked_common,EDx_Population,2,2,0,0.2958373216399832,0.2970571269485479,-121.01467000936222,DEFINED,9f7cc023b2075b648d7b7191
W00,S1_CONDITION,neg_log10_mol_l,MTL_FULL,locked_common,EDx_Reproduction,1,1,0,0.8209969046652734,0.8209969046652734,,N_LT_2,9f7cc023b2075b648d7b7191
W00,S1_CONDITION,neg_log10_mol_l,MTL_FULL,locked_common,ICx_Behavior,3,3,0,1.8539531915196676,2.427001202825856,-0.1736480474911306,DEFINED,9f7cc023b2075b648d7b7191
W00,S1_CONDITION,neg_log10_mol_l,MTL_FULL,locked_common,ICx_Biochemical,171,171,0,0.8396444311079776,1.2305906105700926,0.43381585049452154,DEFINED,9f7cc023b2075b648d7b7191
W00,S1_CONDITION,neg_log10_mol_l,MTL_FULL,locked_common,ICx_Development,29,29,0,0.4610578140157485,0.6155008850586471,0.8894243896479306,DEFINED,9f7cc023b2075b648d7b7191
W00,S1_CONDITION,neg_log10_mol_l,MTL_FULL,locked_common,ICx_Feeding,3,3,0,0.12903971509402248,0.12999488870239126,-5.636840197447935,DEFINED,9f7cc023b2075b648d7b7191
W00,S1_CONDITION,neg_log10_mol_l,MTL_FULL,locked_common,ICx_GeneticDamage,5,5,0,0.7779224739036562,1.1333963995377043,-1.0228228448620773,DEFINED,9f7cc023b2075b648d7b7191
W00,S1_CONDITION,neg_log10_mol_l,MTL_FULL,locked_common,ICx_Growth,110,110,0,0.3704055772742763,0.5287154244262697,0.9265060030996642,DEFINED,9f7cc023b2075b648d7b7191
W00,S1_CONDITION,neg_log10_mol_l,MTL_FULL,locked_common,ICx_Immobilization,62,62,0,0.24199359546383514,0.29305135035331487,0.5335744803189164,DEFINED,9f7cc023b2075b648d7b7191
W00,S1_CONDITION,neg_log10_mol_l,MTL_FULL,locked_common,ICx_Morphology,2,2,0,0.6786807582878835,0.8557370071009278,-16.6576935408617,DEFINED,9f7cc023b2075b648d7b7191
W00,S1_CONDITION,neg_log10_mol_l,MTL_FULL,locked_common,ICx_Mortality,23,23,0,0.7231864574548927,1.3056567132924364,0.4758925769884469,DEFINED,9f7cc023b2075b648d7b7191
W00,S1_CONDITION,neg_log10_mol_l,MTL_FULL,locked_common,ICx_Physiology,164,164,0,0.5350814095503397,0.9143759328873777,0.8249931818393897,DEFINED,9f7cc023b2075b648d7b7191
W00,S1_CONDITION,neg_log10_mol_l,MTL_FULL,locked_common,ICx_Population,289,289,0,0.6053093916660494,0.878621787560882,0.8014899176388786,DEFINED,9f7cc023b2075b648d7b7191
W00,S1_CONDITION,neg_log10_mol_l,MTL_FULL,locked_common,ICx_Reproduction,66,66,0,0.6021049004455943,0.8251368961787324,0.9203180435973644,DEFINED,9f7cc023b2075b648d7b7191
W00,S1_CONDITION,neg_log10_mol_l,MTL_FULL,locked_common,LDx_Injury,5,5,0,0.4592100792855486,0.546284764568035,0.6217984084763494,DEFINED,9f7cc023b2075b648d7b7191
W00,S1_CONDITION,neg_log10_mol_l,MTL_FULL,locked_common,LDx_Mortality,239,239,0,0.6353959698665708,0.8331292282675506,0.7440970156686557,DEFINED,9f7cc023b2075b648d7b7191
W00,S1_CONDITION,neg_log10_mol_l,MTL_FULL,locked_common,LDx_Physiology,8,8,0,0.40691875669840927,0.47527057181402266,0.5393236600946123,DEFINED,9f7cc023b2075b648d7b7191
W00,S1_CONDITION,neg_log10_mol_l,MTL_FULL,locked_common,LDx_Reproduction,1,1,0,0.17829900822571165,0.17829900822571165,,N_LT_2,9f7cc023b2075b648d7b7191
W00,S1_CONDITION,neg_log10_mol_l,MTL_FULL,locked_common,LOEC_Accumulation,45,45,0,0.7914213192140268,1.116709789102487,0.6791852297275804,DEFINED,9f7cc023b2075b648d7b7191
W00,S1_CONDITION,neg_log10_mol_l,MTL_FULL,locked_common,LOEC_Behavior,332,332,0,0.7319752801384765,0.9988197801291514,0.6926566865049123,DEFINED,9f7cc023b2075b648d7b7191
W00,S1_CONDITION,neg_log10_mol_l,MTL_FULL,locked_common,LOEC_Biochemical,1314,1314,0,0.7808141593647338,1.0666519677795407,0.6883732861240262,DEFINED,9f7cc023b2075b648d7b7191
W00,S1_CONDITION,neg_log10_mol_l,MTL_FULL,locked_common,LOEC_Development,422,422,0,0.7881883749357952,1.0713422666098544,0.7152912178975319,DEFINED,9f7cc023b2075b648d7b7191
W00,S1_CONDITION,neg_log10_mol_l,MTL_FULL,locked_common,LOEC_Feeding,30,30,0,0.504185911891193,0.6448707694872612,0.14330462724009096,DEFINED,9f7cc023b2075b648d7b7191
W00,S1_CONDITION,neg_log10_mol_l,MTL_FULL,locked_common,LOEC_GeneticDamage,857,857,0,0.8396601187857333,1.1367895398675139,0.6529321289630553,DEFINED,9f7cc023b2075b648d7b7191
W00,S1_CONDITION,neg_log10_mol_l,MTL_FULL,locked_common,LOEC_Growth,853,853,0,0.6330055386089185,0.871231338365004,0.7757537371890371,DEFINED,9f7cc023b2075b648d7b7191
W00,S1_CONDITION,neg_log10_mol_l,MTL_FULL,locked_common,LOEC_Immobilization,61,61,0,0.6833947037850968,0.934473609599996,0.6729581786075581,DEFINED,9f7cc023b2075b648d7b7191
W00,S1_CONDITION,neg_log10_mol_l,MTL_FULL,locked_common,LOEC_Injury,113,113,0,0.7626489670327905,0.979941548986715,0.6694255649537058,DEFINED,9f7cc023b2075b648d7b7191
W00,S1_CONDITION,neg_log10_mol_l,MTL_FULL,locked_common,LOEC_Molting,24,24,0,0.5655772704751144,0.8648943874135755,0.7890794928670591,DEFINED,9f7cc023b2075b648d7b7191
W00,S1_CONDITION,neg_log10_mol_l,MTL_FULL,locked_common,LOEC_Morphology,168,168,0,0.7105157876645259,0.9320974595144939,0.7557047569312323,DEFINED,9f7cc023b2075b648d7b7191
W00,S1_CONDITION,neg_log10_mol_l,MTL_FULL,locked_common,LOEC_Mortality,831,831,0,0.6669347286626308,0.9545978583203315,0.7855611581177444,DEFINED,9f7cc023b2075b648d7b7191
W00,S1_CONDITION,neg_log10_mol_l,MTL_FULL,locked_common,LOEC_Physiology,721,721,0,0.7862397306617723,1.1068170301139888,0.7067778783688448,DEFINED,9f7cc023b2075b648d7b7191
W00,S1_CONDITION,neg_log10_mol_l,MTL_FULL,locked_common,LOEC_Population,936,936,0,0.6207673087957937,0.828355199221604,0.8232371652337946,DEFINED,9f7cc023b2075b648d7b7191
W00,S1_CONDITION,neg_log10_mol_l,MTL_FULL,locked_common,LOEC_Reproduction,495,495,0,0.6216596471341755,0.8782191353407682,0.8003741001454947,DEFINED,9f7cc023b2075b648d7b7191
W00,S1_CONDITION,neg_log10_mol_l,MTL_FULL,locked_common,MATC_Behavior,2,2,0,0.5477204084480745,0.575158852233998,-1.5219314846875083,DEFINED,9f7cc023b2075b648d7b7191
W00,S1_CONDITION,neg_log10_mol_l,MTL_FULL,locked_common,MATC_Biochemical,6,6,0,1.25909135635233,1.3471397325980077,-5.754835050526868,DEFINED,9f7cc023b2075b648d7b7191
W00,S1_CONDITION,neg_log10_mol_l,MTL_FULL,locked_common,MATC_Development,17,17,0,0.4839616939770713,0.6304881212039761,0.5363741257655531,DEFINED,9f7cc023b2075b648d7b7191
W00,S1_CONDITION,neg_log10_mol_l,MTL_FULL,locked_common,MATC_Growth,56,56,0,0.5386664628343937,0.7092357446026093,0.9043993833642404,DEFINED,9f7cc023b2075b648d7b7191
W00,S1_CONDITION,neg_log10_mol_l,MTL_FULL,locked_common,MATC_Immobilization,3,3,0,0.47700720010011893,0.47916134641759744,-17.88086095675009,DEFINED,9f7cc023b2075b648d7b7191
W00,S1_CONDITION,neg_log10_mol_l,MTL_FULL,locked_common,MATC_Molting,7,7,0,0.8624705286979525,1.0967019940467044,0.1080168275039547,DEFINED,9f7cc023b2075b648d7b7191
W00,S1_CONDITION,neg_log10_mol_l,MTL_FULL,locked_common,MATC_Mortality,92,92,0,0.4799424660229313,0.6230380353778386,0.910068970166921,DEFINED,9f7cc023b2075b648d7b7191
W00,S1_CONDITION,neg_log10_mol_l,MTL_FULL,locked_common,MATC_Physiology,3,3,0,0.3721677177903831,0.39869022863929493,0.2908775912624949,DEFINED,9f7cc023b2075b648d7b7191
W00,S1_CONDITION,neg_log10_mol_l,MTL_FULL,locked_common,MATC_Population,22,22,0,0.4692381203963523,0.6426465655046613,0.7233041063918741,DEFINED,9f7cc023b2075b648d7b7191
W00,S1_CONDITION,neg_log10_mol_l,MTL_FULL,locked_common,MATC_Reproduction,37,37,0,0.6548914501518276,0.8762166585249611,0.7628307161167649,DEFINED,9f7cc023b2075b648d7b7191
W00,S1_CONDITION,neg_log10_mol_l,MTL_FULL,locked_common,NOEC_Accumulation,30,30,0,0.8745854629709423,1.1879816759618738,0.6966811484448698,DEFINED,9f7cc023b2075b648d7b7191
W00,S1_CONDITION,neg_log10_mol_l,MTL_FULL,locked_common,NOEC_Behavior,434,434,0,0.7077211415287088,0.9399830973583057,0.6915667467997136,DEFINED,9f7cc023b2075b648d7b7191
W00,S1_CONDITION,neg_log10_mol_l,MTL_FULL,locked_common,NOEC_Biochemical,1258,1258,0,0.7410110875724026,1.0230261433713363,0.6978127117373756,DEFINED,9f7cc023b2075b648d7b7191
W00,S1_CONDITION,neg_log10_mol_l,MTL_FULL,locked_common,NOEC_Development,593,593,0,0.7544059814266614,1.0562231545666858,0.6876944269660649,DEFINED,9f7cc023b2075b648d7b7191
W00,S1_CONDITION,neg_log10_mol_l,MTL_FULL,locked_common,NOEC_Feeding,71,71,0,0.8209656748487545,1.0210432167228187,0.7802074713939529,DEFINED,9f7cc023b2075b648d7b7191
W00,S1_CONDITION,neg_log10_mol_l,MTL_FULL,locked_common,NOEC_GeneticDamage,838,838,0,0.8104708360658183,1.1110294263894613,0.6520361638760053,DEFINED,9f7cc023b2075b648d7b7191
W00,S1_CONDITION,neg_log10_mol_l,MTL_FULL,locked_common,NOEC_Growth,1168,1168,0,0.6490404244280026,0.8868689742166125,0.7520972366592491,DEFINED,9f7cc023b2075b648d7b7191
W00,S1_CONDITION,neg_log10_mol_l,MTL_FULL,locked_common,NOEC_Immobilization,275,275,0,0.8187190539595945,1.1041538950689886,0.6132354729320966,DEFINED,9f7cc023b2075b648d7b7191
W00,S1_CONDITION,neg_log10_mol_l,MTL_FULL,locked_common,NOEC_Injury,155,155,0,0.6574795641275818,0.8797857938282095,0.7121515388852387,DEFINED,9f7cc023b2075b648d7b7191
W00,S1_CONDITION,neg_log10_mol_l,MTL_FULL,locked_common,NOEC_Molting,47,47,0,0.49217563867375597,0.6834569100815588,0.8421982776449032,DEFINED,9f7cc023b2075b648d7b7191
W00,S1_CONDITION,neg_log10_mol_l,MTL_FULL,locked_common,NOEC_Morphology,281,281,0,0.7147084135659267,0.9725869769394957,0.7876508356636052,DEFINED,9f7cc023b2075b648d7b7191
W00,S1_CONDITION,neg_log10_mol_l,MTL_FULL,locked_common,NOEC_Mortality,1793,1793,0,0.6926720784410054,0.9307079012942486,0.7771133111091446,DEFINED,9f7cc023b2075b648d7b7191
W00,S1_CONDITION,neg_log10_mol_l,MTL_FULL,locked_common,NOEC_Physiology,798,798,0,0.7393646715627936,0.9809738082984226,0.7117122065514263,DEFINED,9f7cc023b2075b648d7b7191
W00,S1_CONDITION,neg_log10_mol_l,MTL_FULL,locked_common,NOEC_Population,1386,1386,0,0.6751448192775061,0.9070916046466274,0.7279852938945749,DEFINED,9f7cc023b2075b648d7b7191
W00,S1_CONDITION,neg_log10_mol_l,MTL_FULL,locked_common,NOEC_Reproduction,620,620,0,0.662358203311073,0.9173523831871222,0.7846543831625109,DEFINED,9f7cc023b2075b648d7b7191
W00,S1_CONDITION,neg_log10_mol_l,MTL_MOL,full,ACx_Development,60,60,0,1.3847394989412576,1.855655524613874,0.0071531877055817095,DEFINED,b5dcec7210dffbbeaa851702
W00,S1_CONDITION,neg_log10_mol_l,MTL_MOL,full,ACx_Growth,1,1,0,0.23426746403218957,0.23426746403218957,,N_LT_2,b5dcec7210dffbbeaa851702
W00,S1_CONDITION,neg_log10_mol_l,MTL_MOL,full,ACx_Immobilization,32,32,0,0.9218426771193792,1.4142020669828104,0.23012641453257088,DEFINED,b5dcec7210dffbbeaa851702
W00,S1_CONDITION,neg_log10_mol_l,MTL_MOL,full,ACx_Injury,72,72,0,1.0847701082173584,1.4958423698464316,0.16135375992839973,DEFINED,b5dcec7210dffbbeaa851702
W00,S1_CONDITION,neg_log10_mol_l,MTL_MOL,full,ACx_Molting,104,104,0,0.42593933593335387,0.6365003370911079,0.4344994197208428,DEFINED,b5dcec7210dffbbeaa851702
W00,S1_CONDITION,neg_log10_mol_l,MTL_MOL,full,ACx_Mortality,59,59,0,1.4579163106662771,1.801335304237935,0.03827387692919515,DEFINED,b5dcec7210dffbbeaa851702
W00,S1_CONDITION,neg_log10_mol_l,MTL_MOL,full,ACx_Physiology,73,73,0,1.0458427489387812,1.4498029976272877,0.10932451251322728,DEFINED,b5dcec7210dffbbeaa851702
W00,S1_CONDITION,neg_log10_mol_l,MTL_MOL,full,BMCx_Behavior,1,1,0,0.5582833057817709,0.5582833057817709,,N_LT_2,b5dcec7210dffbbeaa851702
W00,S1_CONDITION,neg_log10_mol_l,MTL_MOL,full,BMCx_Biochemical,2,2,0,0.31480513746305405,0.40040156163822543,-1.6188120425387882,DEFINED,b5dcec7210dffbbeaa851702
W00,S1_CONDITION,neg_log10_mol_l,MTL_MOL,full,BMCx_Development,8,8,0,0.5600718748780611,0.6104421450304462,0.693087458907323,DEFINED,b5dcec7210dffbbeaa851702
W00,S1_CONDITION,neg_log10_mol_l,MTL_MOL,full,BMCx_Immobilization,3,3,0,0.6251279233398112,0.6622126905008151,-0.2337209698193874,DEFINED,b5dcec7210dffbbeaa851702
W00,S1_CONDITION,neg_log10_mol_l,MTL_MOL,full,BMCx_Injury,10,10,0,0.3548992480720113,0.4464407955613417,0.4685819266139244,DEFINED,b5dcec7210dffbbeaa851702
W00,S1_CONDITION,neg_log10_mol_l,MTL_MOL,full,BMCx_Molting,19,19,0,0.4439405122690378,0.5544992822011894,-0.0674124381938872,DEFINED,b5dcec7210dffbbeaa851702
W00,S1_CONDITION,neg_log10_mol_l,MTL_MOL,full,BMCx_Mortality,8,8,0,0.2908986441922601,0.4627740731493375,0.05297839823219719,DEFINED,b5dcec7210dffbbeaa851702
W00,S1_CONDITION,neg_log10_mol_l,MTL_MOL,full,BMCx_Physiology,7,7,0,0.41480177963135717,0.5408342760259098,0.14813231303004415,DEFINED,b5dcec7210dffbbeaa851702
W00,S1_CONDITION,neg_log10_mol_l,MTL_MOL,full,BMDx_Behavior,34,34,0,2.146794013864106,3.0562899545240856,-0.03759715524675067,DEFINED,b5dcec7210dffbbeaa851702
W00,S1_CONDITION,neg_log10_mol_l,MTL_MOL,full,BMDx_Development,48,48,0,0.967272150512367,1.196486277431466,0.062020302473017375,DEFINED,b5dcec7210dffbbeaa851702
W00,S1_CONDITION,neg_log10_mol_l,MTL_MOL,full,BMDx_Immobilization,8,8,0,0.27222141866016647,0.5246210221802113,-0.08880567357127256,DEFINED,b5dcec7210dffbbeaa851702
W00,S1_CONDITION,neg_log10_mol_l,MTL_MOL,full,BMDx_Injury,13,13,0,1.5520029507985087,1.6992306784684095,-0.26251693362873385,DEFINED,b5dcec7210dffbbeaa851702
W00,S1_CONDITION,neg_log10_mol_l,MTL_MOL,full,BMDx_Molting,3,3,0,1.8633581384003672,1.983912423329503,-7.486128685618203,DEFINED,b5dcec7210dffbbeaa851702
W00,S1_CONDITION,neg_log10_mol_l,MTL_MOL,full,BMDx_Morphology,6,6,0,0.7724157628079734,1.0876131263310782,-0.36694598525656685,DEFINED,b5dcec7210dffbbeaa851702
W00,S1_CONDITION,neg_log10_mol_l,MTL_MOL,full,BMDx_Mortality,17,17,0,2.490259477686744,3.7209968812755645,-0.37493234470464354,DEFINED,b5dcec7210dffbbeaa851702
W00,S1_CONDITION,neg_log10_mol_l,MTL_MOL,full,BMDx_Physiology,10,10,0,0.7817290069384295,1.0164669793844612,0.06734641435981492,DEFINED,b5dcec7210dffbbeaa851702
W00,S1_CONDITION,neg_log10_mol_l,MTL_MOL,full,ECx_Behavior,492,492,0,0.7698433097084434,1.0128528921572406,0.7716266027325109,DEFINED,b5dcec7210dffbbeaa851702
W00,S1_CONDITION,neg_log10_mol_l,MTL_MOL,full,ECx_Biochemical,240,240,0,0.872110719682031,1.2171718358318817,0.6852003892061544,DEFINED,b5dcec7210dffbbeaa851702
W00,S1_CONDITION,neg_log10_mol_l,MTL_MOL,full,ECx_Development,504,504,0,0.935677365304701,1.2531551828985352,0.6735145502066757,DEFINED,b5dcec7210dffbbeaa851702
W00,S1_CONDITION,neg_log10_mol_l,MTL_MOL,full,ECx_Feeding,40,40,0,0.8236896423124817,1.1138118784698268,0.3041989027565788,DEFINED,b5dcec7210dffbbeaa851702
W00,S1_CONDITION,neg_log10_mol_l,MTL_MOL,full,ECx_GeneticDamage,47,47,0,0.9994056474684029,1.4742974279995853,0.6914245559350818,DEFINED,b5dcec7210dffbbeaa851702
W00,S1_CONDITION,neg_log10_mol_l,MTL_MOL,full,ECx_Growth,725,725,0,0.6810276442100675,0.9484434347216463,0.7081938909268957,DEFINED,b5dcec7210dffbbeaa851702
W00,S1_CONDITION,neg_log10_mol_l,MTL_MOL,full,ECx_Immobilization,1566,1566,0,0.7736011204020806,1.071788461400745,0.7385024907235497,DEFINED,b5dcec7210dffbbeaa851702
W00,S1_CONDITION,neg_log10_mol_l,MTL_MOL,full,ECx_Injury,65,65,0,0.875035873470487,1.1416608194736204,0.673134807431903,DEFINED,b5dcec7210dffbbeaa851702
W00,S1_CONDITION,neg_log10_mol_l,MTL_MOL,full,ECx_Molting,182,182,0,0.7852937418031438,1.1014125235894103,0.38966771018736956,DEFINED,b5dcec7210dffbbeaa851702
W00,S1_CONDITION,neg_log10_mol_l,MTL_MOL,full,ECx_Morphology,49,49,0,0.7815468706859442,1.2942586342373201,0.5378598251701964,DEFINED,b5dcec7210dffbbeaa851702
W00,S1_CONDITION,neg_log10_mol_l,MTL_MOL,full,ECx_Mortality,14822,14822,0,0.8712083890883758,1.1549570355765566,0.615610261748246,DEFINED,b5dcec7210dffbbeaa851702
W00,S1_CONDITION,neg_log10_mol_l,MTL_MOL,full,ECx_Physiology,447,447,0,0.8740322377129068,1.2296127725448978,0.6300536574316762,DEFINED,b5dcec7210dffbbeaa851702
W00,S1_CONDITION,neg_log10_mol_l,MTL_MOL,full,ECx_Population,2104,2104,0,0.8044320372852161,1.0940495902413936,0.5951917006635855,DEFINED,b5dcec7210dffbbeaa851702
W00,S1_CONDITION,neg_log10_mol_l,MTL_MOL,full,ECx_Reproduction,208,208,0,0.744171561404788,0.9923916354992218,0.6494734034666461,DEFINED,b5dcec7210dffbbeaa851702
W00,S1_CONDITION,neg_log10_mol_l,MTL_MOL,full,EDx_Development,5,5,0,1.4077774084776327,1.5872866882401577,-3.020557429624124,DEFINED,b5dcec7210dffbbeaa851702
W00,S1_CONDITION,neg_log10_mol_l,MTL_MOL,full,EDx_Growth,2,2,0,1.0816320980770824,1.0833645224890471,-2.4992333735388654,DEFINED,b5dcec7210dffbbeaa851702
W00,S1_CONDITION,neg_log10_mol_l,MTL_MOL,full,EDx_Molting,3,3,0,0.7001701575337208,0.9425298078419981,-1.8094746440890193,DEFINED,b5dcec7210dffbbeaa851702
W00,S1_CONDITION,neg_log10_mol_l,MTL_MOL,full,EDx_Physiology,2,2,0,0.7459370778629468,0.7620523919009808,-39.706379415823804,DEFINED,b5dcec7210dffbbeaa851702
W00,S1_CONDITION,neg_log10_mol_l,MTL_MOL,full,EDx_Population,2,2,0,0.18005979631745772,0.1820569857096705,-44.82967661639016,DEFINED,b5dcec7210dffbbeaa851702
W00,S1_CONDITION,neg_log10_mol_l,MTL_MOL,full,EDx_Reproduction,1,1,0,1.1335455887666033,1.1335455887666033,,N_LT_2,b5dcec7210dffbbeaa851702
W00,S1_CONDITION,neg_log10_mol_l,MTL_MOL,full,ICx_Behavior,3,3,0,1.7527925126520891,2.2078525994114484,0.028734307168309936,DEFINED,b5dcec7210dffbbeaa851702
W00,S1_CONDITION,neg_log10_mol_l,MTL_MOL,full,ICx_Biochemical,171,171,0,1.0543064142656142,1.4870063371444286,0.1732843643288442,DEFINED,b5dcec7210dffbbeaa851702
W00,S1_CONDITION,neg_log10_mol_l,MTL_MOL,full,ICx_Development,29,29,0,0.5766859868604679,0.712468015458796,0.8518394004550155,DEFINED,b5dcec7210dffbbeaa851702
W00,S1_CONDITION,neg_log10_mol_l,MTL_MOL,full,ICx_Feeding,3,3,0,0.02519147853815351,0.029613597547815607,0.6555777911025631,DEFINED,b5dcec7210dffbbeaa851702
W00,S1_CONDITION,neg_log10_mol_l,MTL_MOL,full,ICx_GeneticDamage,5,5,0,0.6280214811355493,0.810303649187193,-0.03392677429414448,DEFINED,b5dcec7210dffbbeaa851702
W00,S1_CONDITION,neg_log10_mol_l,MTL_MOL,full,ICx_Growth,110,110,0,0.6486143670359731,0.8619678773682405,0.8046605013636384,DEFINED,b5dcec7210dffbbeaa851702
W00,S1_CONDITION,neg_log10_mol_l,MTL_MOL,full,ICx_Immobilization,62,62,0,0.46455648919626935,0.5632157197377848,-0.722837775936471,DEFINED,b5dcec7210dffbbeaa851702
W00,S1_CONDITION,neg_log10_mol_l,MTL_MOL,full,ICx_Molting,1,1,0,1.1887480108698893,1.1887480108698893,,N_LT_2,b5dcec7210dffbbeaa851702
W00,S1_CONDITION,neg_log10_mol_l,MTL_MOL,full,ICx_Morphology,2,2,0,0.6224777100158372,0.7965707843214543,-14.30037570229856,DEFINED,b5dcec7210dffbbeaa851702
W00,S1_CONDITION,neg_log10_mol_l,MTL_MOL,full,ICx_Mortality,23,23,0,0.8912900442616845,1.310220560308345,0.47222219942551236,DEFINED,b5dcec7210dffbbeaa851702
W00,S1_CONDITION,neg_log10_mol_l,MTL_MOL,full,ICx_Physiology,164,164,0,0.7540065221269953,1.040942412165654,0.7731917731553777,DEFINED,b5dcec7210dffbbeaa851702
W00,S1_CONDITION,neg_log10_mol_l,MTL_MOL,full,ICx_Population,289,289,0,0.7845910244715484,1.0913472377770053,0.6937299426911776,DEFINED,b5dcec7210dffbbeaa851702
W00,S1_CONDITION,neg_log10_mol_l,MTL_MOL,full,ICx_Reproduction,66,66,0,1.0000974831008582,1.2796744922086092,0.8083508043621137,DEFINED,b5dcec7210dffbbeaa851702
W00,S1_CONDITION,neg_log10_mol_l,MTL_MOL,full,LDx_Injury,5,5,0,0.4926311157646973,0.5775455672414501,0.5772752414138789,DEFINED,b5dcec7210dffbbeaa851702
W00,S1_CONDITION,neg_log10_mol_l,MTL_MOL,full,LDx_Mortality,239,239,0,0.8071758352865885,1.1395462830959247,0.5212436506569296,DEFINED,b5dcec7210dffbbeaa851702
W00,S1_CONDITION,neg_log10_mol_l,MTL_MOL,full,LDx_Physiology,8,8,0,0.3969852718080314,0.5023347062086037,0.4853636852605714,DEFINED,b5dcec7210dffbbeaa851702
W00,S1_CONDITION,neg_log10_mol_l,MTL_MOL,full,LDx_Reproduction,1,1,0,0.45718186680229866,0.45718186680229866,,N_LT_2,b5dcec7210dffbbeaa851702
W00,S1_CONDITION,neg_log10_mol_l,MTL_MOL,full,LOEC_Accumulation,45,45,0,1.366516283244573,1.7133553685126421,0.24478847671606474,DEFINED,b5dcec7210dffbbeaa851702
W00,S1_CONDITION,neg_log10_mol_l,MTL_MOL,full,LOEC_Behavior,332,332,0,1.0214537604257665,1.3735352682199038,0.41879528207011907,DEFINED,b5dcec7210dffbbeaa851702
W00,S1_CONDITION,neg_log10_mol_l,MTL_MOL,full,LOEC_Biochemical,1314,1314,0,1.1272951416100352,1.4693030044720785,0.40869447688191296,DEFINED,b5dcec7210dffbbeaa851702
W00,S1_CONDITION,neg_log10_mol_l,MTL_MOL,full,LOEC_Development,422,422,0,1.1749391761627614,1.5955217447563146,0.368534191250392,DEFINED,b5dcec7210dffbbeaa851702
W00,S1_CONDITION,neg_log10_mol_l,MTL_MOL,full,LOEC_Feeding,30,30,0,0.5510473157232938,0.6844758099990074,0.0348445968373573,DEFINED,b5dcec7210dffbbeaa851702
W00,S1_CONDITION,neg_log10_mol_l,MTL_MOL,full,LOEC_GeneticDamage,857,857,0,1.1795531988345813,1.5436593245340635,0.3600335667782609,DEFINED,b5dcec7210dffbbeaa851702
W00,S1_CONDITION,neg_log10_mol_l,MTL_MOL,full,LOEC_Growth,853,853,0,0.9948110455937782,1.3237098777903324,0.48234089638390176,DEFINED,b5dcec7210dffbbeaa851702
W00,S1_CONDITION,neg_log10_mol_l,MTL_MOL,full,LOEC_Immobilization,61,61,0,0.8297031303693363,1.1031921056187048,0.5442029588351307,DEFINED,b5dcec7210dffbbeaa851702
W00,S1_CONDITION,neg_log10_mol_l,MTL_MOL,full,LOEC_Injury,113,113,0,1.0665555856000295,1.361588619799251,0.3617942004910194,DEFINED,b5dcec7210dffbbeaa851702
W00,S1_CONDITION,neg_log10_mol_l,MTL_MOL,full,LOEC_Molting,24,24,0,0.8212988460713699,0.9971917359602774,0.7196180895283582,DEFINED,b5dcec7210dffbbeaa851702
W00,S1_CONDITION,neg_log10_mol_l,MTL_MOL,full,LOEC_Morphology,168,168,0,1.010574824947467,1.2958264991362431,0.5278433882890937,DEFINED,b5dcec7210dffbbeaa851702
W00,S1_CONDITION,neg_log10_mol_l,MTL_MOL,full,LOEC_Mortality,831,831,0,0.9306678442309172,1.2515743321396116,0.6313825950067453,DEFINED,b5dcec7210dffbbeaa851702
W00,S1_CONDITION,neg_log10_mol_l,MTL_MOL,full,LOEC_Physiology,721,721,0,1.1283339335113969,1.4929639691191054,0.4664885807083944,DEFINED,b5dcec7210dffbbeaa851702
W00,S1_CONDITION,neg_log10_mol_l,MTL_MOL,full,LOEC_Population,936,936,0,0.8721616192322821,1.152067713134911,0.6580884560591262,DEFINED,b5dcec7210dffbbeaa851702
W00,S1_CONDITION,neg_log10_mol_l,MTL_MOL,full,LOEC_Reproduction,495,495,0,0.9639619799180901,1.3151151430362948,0.552349934246485,DEFINED,b5dcec7210dffbbeaa851702
W00,S1_CONDITION,neg_log10_mol_l,MTL_MOL,full,MATC_Behavior,2,2,0,0.31133843048054155,0.3274820734126724,0.18241534893280975,DEFINED,b5dcec7210dffbbeaa851702
W00,S1_CONDITION,neg_log10_mol_l,MTL_MOL,full,MATC_Biochemical,6,6,0,1.2660690505867354,1.3736211733949397,-6.0230120000974265,DEFINED,b5dcec7210dffbbeaa851702
W00,S1_CONDITION,neg_log10_mol_l,MTL_MOL,full,MATC_Development,17,17,0,0.5038116990024916,0.7112396275231412,0.4100085204615843,DEFINED,b5dcec7210dffbbeaa851702
W00,S1_CONDITION,neg_log10_mol_l,MTL_MOL,full,MATC_Growth,56,56,0,0.4676425336026953,0.6799442714982669,0.9121329388071671,DEFINED,b5dcec7210dffbbeaa851702
W00,S1_CONDITION,neg_log10_mol_l,MTL_MOL,full,MATC_Immobilization,3,3,0,0.24440504917462846,0.2573975593496027,-4.448376236007644,DEFINED,b5dcec7210dffbbeaa851702
W00,S1_CONDITION,neg_log10_mol_l,MTL_MOL,full,MATC_Molting,7,7,0,0.935615613488117,1.0014353908596008,0.2562529333771739,DEFINED,b5dcec7210dffbbeaa851702
W00,S1_CONDITION,neg_log10_mol_l,MTL_MOL,full,MATC_Mortality,92,92,0,0.6006808881245329,0.8317016662691578,0.8397435237801304,DEFINED,b5dcec7210dffbbeaa851702
W00,S1_CONDITION,neg_log10_mol_l,MTL_MOL,full,MATC_Physiology,3,3,0,0.36429959390646083,0.5983490183828183,-0.5971995961802103,DEFINED,b5dcec7210dffbbeaa851702
W00,S1_CONDITION,neg_log10_mol_l,MTL_MOL,full,MATC_Population,22,22,0,0.6464025243477245,0.8191759134680923,0.5504141020833068,DEFINED,b5dcec7210dffbbeaa851702
W00,S1_CONDITION,neg_log10_mol_l,MTL_MOL,full,MATC_Reproduction,37,37,0,0.7741691863720961,0.9612294604787195,0.7145765989847435,DEFINED,b5dcec7210dffbbeaa851702
W00,S1_CONDITION,neg_log10_mol_l,MTL_MOL,full,NOEC_Accumulation,30,30,0,1.2702857533514615,1.4937088842882307,0.5204743448783602,DEFINED,b5dcec7210dffbbeaa851702
W00,S1_CONDITION,neg_log10_mol_l,MTL_MOL,full,NOEC_Behavior,434,434,0,1.037409361194374,1.3585448796283128,0.355728254211816,DEFINED,b5dcec7210dffbbeaa851702
W00,S1_CONDITION,neg_log10_mol_l,MTL_MOL,full,NOEC_Biochemical,1258,1258,0,1.1330120600613485,1.4700236639116415,0.3760477159267719,DEFINED,b5dcec7210dffbbeaa851702
W00,S1_CONDITION,neg_log10_mol_l,MTL_MOL,full,NOEC_Development,593,593,0,1.1462030197909634,1.4929150360592267,0.3760661459695529,DEFINED,b5dcec7210dffbbeaa851702
W00,S1_CONDITION,neg_log10_mol_l,MTL_MOL,full,NOEC_Feeding,71,71,0,1.0170557716240707,1.3802907011708048,0.5983333252532343,DEFINED,b5dcec7210dffbbeaa851702
W00,S1_CONDITION,neg_log10_mol_l,MTL_MOL,full,NOEC_GeneticDamage,838,838,0,1.085903538456751,1.4262452912677113,0.42658185174505614,DEFINED,b5dcec7210dffbbeaa851702
W00,S1_CONDITION,neg_log10_mol_l,MTL_MOL,full,NOEC_Growth,1168,1168,0,0.9991417012318742,1.3252512211240735,0.44644743191946745,DEFINED,b5dcec7210dffbbeaa851702
W00,S1_CONDITION,neg_log10_mol_l,MTL_MOL,full,NOEC_Immobilization,275,275,0,0.9091485183112326,1.2310375886400988,0.5192380974182598,DEFINED,b5dcec7210dffbbeaa851702
W00,S1_CONDITION,neg_log10_mol_l,MTL_MOL,full,NOEC_Injury,155,155,0,0.9604029498819302,1.2178808278554305,0.4484059034249388,DEFINED,b5dcec7210dffbbeaa851702
W00,S1_CONDITION,neg_log10_mol_l,MTL_MOL,full,NOEC_Molting,47,47,0,0.6658627168770095,0.8733796873030217,0.7423111451020263,DEFINED,b5dcec7210dffbbeaa851702
W00,S1_CONDITION,neg_log10_mol_l,MTL_MOL,full,NOEC_Morphology,281,281,0,0.9813630763589691,1.3213817270436388,0.6080323277636355,DEFINED,b5dcec7210dffbbeaa851702
W00,S1_CONDITION,neg_log10_mol_l,MTL_MOL,full,NOEC_Mortality,1793,1793,0,1.0021997017298039,1.318406563058884,0.5527441359824863,DEFINED,b5dcec7210dffbbeaa851702
W00,S1_CONDITION,neg_log10_mol_l,MTL_MOL,full,NOEC_Physiology,798,798,0,1.1516960537636274,1.4875702992090682,0.3370719011661675,DEFINED,b5dcec7210dffbbeaa851702
W00,S1_CONDITION,neg_log10_mol_l,MTL_MOL,full,NOEC_Population,1386,1386,0,0.8936679783639744,1.203406473104282,0.5212433981680834,DEFINED,b5dcec7210dffbbeaa851702
W00,S1_CONDITION,neg_log10_mol_l,MTL_MOL,full,NOEC_Reproduction,620,620,0,1.0192204671203822,1.4407657254795747,0.4688093936043567,DEFINED,b5dcec7210dffbbeaa851702
W00,S1_CONDITION,neg_log10_mol_l,MTL_MOL,locked_common,ACx_Development,60,60,0,1.3847394989412576,1.855655524613874,0.0071531877055817095,DEFINED,b5dcec7210dffbbeaa851702
W00,S1_CONDITION,neg_log10_mol_l,MTL_MOL,locked_common,ACx_Growth,1,1,0,0.23426746403218957,0.23426746403218957,,N_LT_2,b5dcec7210dffbbeaa851702
W00,S1_CONDITION,neg_log10_mol_l,MTL_MOL,locked_common,ACx_Immobilization,32,32,0,0.9218426771193792,1.4142020669828104,0.23012641453257088,DEFINED,b5dcec7210dffbbeaa851702
W00,S1_CONDITION,neg_log10_mol_l,MTL_MOL,locked_common,ACx_Injury,72,72,0,1.0847701082173584,1.4958423698464316,0.16135375992839973,DEFINED,b5dcec7210dffbbeaa851702
W00,S1_CONDITION,neg_log10_mol_l,MTL_MOL,locked_common,ACx_Molting,104,104,0,0.42593933593335387,0.6365003370911079,0.4344994197208428,DEFINED,b5dcec7210dffbbeaa851702
W00,S1_CONDITION,neg_log10_mol_l,MTL_MOL,locked_common,ACx_Mortality,59,59,0,1.4579163106662771,1.801335304237935,0.03827387692919515,DEFINED,b5dcec7210dffbbeaa851702
W00,S1_CONDITION,neg_log10_mol_l,MTL_MOL,locked_common,ACx_Physiology,73,73,0,1.0458427489387812,1.4498029976272877,0.10932451251322728,DEFINED,b5dcec7210dffbbeaa851702
W00,S1_CONDITION,neg_log10_mol_l,MTL_MOL,locked_common,BMCx_Behavior,1,1,0,0.5582833057817709,0.5582833057817709,,N_LT_2,b5dcec7210dffbbeaa851702
W00,S1_CONDITION,neg_log10_mol_l,MTL_MOL,locked_common,BMCx_Biochemical,2,2,0,0.31480513746305405,0.40040156163822543,-1.6188120425387882,DEFINED,b5dcec7210dffbbeaa851702
W00,S1_CONDITION,neg_log10_mol_l,MTL_MOL,locked_common,BMCx_Development,8,8,0,0.5600718748780611,0.6104421450304462,0.693087458907323,DEFINED,b5dcec7210dffbbeaa851702
W00,S1_CONDITION,neg_log10_mol_l,MTL_MOL,locked_common,BMCx_Immobilization,3,3,0,0.6251279233398112,0.6622126905008151,-0.2337209698193874,DEFINED,b5dcec7210dffbbeaa851702
W00,S1_CONDITION,neg_log10_mol_l,MTL_MOL,locked_common,BMCx_Injury,10,10,0,0.3548992480720113,0.4464407955613417,0.4685819266139244,DEFINED,b5dcec7210dffbbeaa851702
W00,S1_CONDITION,neg_log10_mol_l,MTL_MOL,locked_common,BMCx_Molting,19,19,0,0.4439405122690378,0.5544992822011894,-0.0674124381938872,DEFINED,b5dcec7210dffbbeaa851702
W00,S1_CONDITION,neg_log10_mol_l,MTL_MOL,locked_common,BMCx_Mortality,8,8,0,0.2908986441922601,0.4627740731493375,0.05297839823219719,DEFINED,b5dcec7210dffbbeaa851702
W00,S1_CONDITION,neg_log10_mol_l,MTL_MOL,locked_common,BMCx_Physiology,7,7,0,0.41480177963135717,0.5408342760259098,0.14813231303004415,DEFINED,b5dcec7210dffbbeaa851702
W00,S1_CONDITION,neg_log10_mol_l,MTL_MOL,locked_common,BMDx_Behavior,34,34,0,2.146794013864106,3.0562899545240856,-0.03759715524675067,DEFINED,b5dcec7210dffbbeaa851702
W00,S1_CONDITION,neg_log10_mol_l,MTL_MOL,locked_common,BMDx_Development,48,48,0,0.967272150512367,1.196486277431466,0.062020302473017375,DEFINED,b5dcec7210dffbbeaa851702
W00,S1_CONDITION,neg_log10_mol_l,MTL_MOL,locked_common,BMDx_Immobilization,8,8,0,0.27222141866016647,0.5246210221802113,-0.08880567357127256,DEFINED,b5dcec7210dffbbeaa851702
W00,S1_CONDITION,neg_log10_mol_l,MTL_MOL,locked_common,BMDx_Injury,13,13,0,1.5520029507985087,1.6992306784684095,-0.26251693362873385,DEFINED,b5dcec7210dffbbeaa851702
W00,S1_CONDITION,neg_log10_mol_l,MTL_MOL,locked_common,BMDx_Molting,3,3,0,1.8633581384003672,1.983912423329503,-7.486128685618203,DEFINED,b5dcec7210dffbbeaa851702
W00,S1_CONDITION,neg_log10_mol_l,MTL_MOL,locked_common,BMDx_Morphology,6,6,0,0.7724157628079734,1.0876131263310782,-0.36694598525656685,DEFINED,b5dcec7210dffbbeaa851702
W00,S1_CONDITION,neg_log10_mol_l,MTL_MOL,locked_common,BMDx_Mortality,17,17,0,2.490259477686744,3.7209968812755645,-0.37493234470464354,DEFINED,b5dcec7210dffbbeaa851702
W00,S1_CONDITION,neg_log10_mol_l,MTL_MOL,locked_common,BMDx_Physiology,10,10,0,0.7817290069384295,1.0164669793844612,0.06734641435981492,DEFINED,b5dcec7210dffbbeaa851702
W00,S1_CONDITION,neg_log10_mol_l,MTL_MOL,locked_common,ECx_Behavior,492,492,0,0.7698433097084434,1.0128528921572406,0.7716266027325109,DEFINED,b5dcec7210dffbbeaa851702
W00,S1_CONDITION,neg_log10_mol_l,MTL_MOL,locked_common,ECx_Biochemical,240,240,0,0.872110719682031,1.2171718358318817,0.6852003892061544,DEFINED,b5dcec7210dffbbeaa851702
W00,S1_CONDITION,neg_log10_mol_l,MTL_MOL,locked_common,ECx_Development,504,504,0,0.935677365304701,1.2531551828985352,0.6735145502066757,DEFINED,b5dcec7210dffbbeaa851702
W00,S1_CONDITION,neg_log10_mol_l,MTL_MOL,locked_common,ECx_Feeding,40,40,0,0.8236896423124817,1.1138118784698268,0.3041989027565788,DEFINED,b5dcec7210dffbbeaa851702
W00,S1_CONDITION,neg_log10_mol_l,MTL_MOL,locked_common,ECx_GeneticDamage,47,47,0,0.9994056474684029,1.4742974279995853,0.6914245559350818,DEFINED,b5dcec7210dffbbeaa851702
W00,S1_CONDITION,neg_log10_mol_l,MTL_MOL,locked_common,ECx_Growth,725,725,0,0.6810276442100675,0.9484434347216463,0.7081938909268957,DEFINED,b5dcec7210dffbbeaa851702
W00,S1_CONDITION,neg_log10_mol_l,MTL_MOL,locked_common,ECx_Immobilization,1566,1566,0,0.7736011204020806,1.071788461400745,0.7385024907235497,DEFINED,b5dcec7210dffbbeaa851702
W00,S1_CONDITION,neg_log10_mol_l,MTL_MOL,locked_common,ECx_Injury,65,65,0,0.875035873470487,1.1416608194736204,0.673134807431903,DEFINED,b5dcec7210dffbbeaa851702
W00,S1_CONDITION,neg_log10_mol_l,MTL_MOL,locked_common,ECx_Molting,182,182,0,0.7852937418031438,1.1014125235894103,0.38966771018736956,DEFINED,b5dcec7210dffbbeaa851702
W00,S1_CONDITION,neg_log10_mol_l,MTL_MOL,locked_common,ECx_Morphology,49,49,0,0.7815468706859442,1.2942586342373201,0.5378598251701964,DEFINED,b5dcec7210dffbbeaa851702
W00,S1_CONDITION,neg_log10_mol_l,MTL_MOL,locked_common,ECx_Mortality,14822,14822,0,0.8712083890883758,1.1549570355765566,0.615610261748246,DEFINED,b5dcec7210dffbbeaa851702
W00,S1_CONDITION,neg_log10_mol_l,MTL_MOL,locked_common,ECx_Physiology,447,447,0,0.8740322377129068,1.2296127725448978,0.6300536574316762,DEFINED,b5dcec7210dffbbeaa851702
W00,S1_CONDITION,neg_log10_mol_l,MTL_MOL,locked_common,ECx_Population,2104,2104,0,0.8044320372852161,1.0940495902413936,0.5951917006635855,DEFINED,b5dcec7210dffbbeaa851702
W00,S1_CONDITION,neg_log10_mol_l,MTL_MOL,locked_common,ECx_Reproduction,208,208,0,0.744171561404788,0.9923916354992218,0.6494734034666461,DEFINED,b5dcec7210dffbbeaa851702
W00,S1_CONDITION,neg_log10_mol_l,MTL_MOL,locked_common,EDx_Development,5,5,0,1.4077774084776327,1.5872866882401577,-3.020557429624124,DEFINED,b5dcec7210dffbbeaa851702
W00,S1_CONDITION,neg_log10_mol_l,MTL_MOL,locked_common,EDx_Growth,2,2,0,1.0816320980770824,1.0833645224890471,-2.4992333735388654,DEFINED,b5dcec7210dffbbeaa851702
W00,S1_CONDITION,neg_log10_mol_l,MTL_MOL,locked_common,EDx_Molting,3,3,0,0.7001701575337208,0.9425298078419981,-1.8094746440890193,DEFINED,b5dcec7210dffbbeaa851702
W00,S1_CONDITION,neg_log10_mol_l,MTL_MOL,locked_common,EDx_Physiology,2,2,0,0.7459370778629468,0.7620523919009808,-39.706379415823804,DEFINED,b5dcec7210dffbbeaa851702
W00,S1_CONDITION,neg_log10_mol_l,MTL_MOL,locked_common,EDx_Population,2,2,0,0.18005979631745772,0.1820569857096705,-44.82967661639016,DEFINED,b5dcec7210dffbbeaa851702
W00,S1_CONDITION,neg_log10_mol_l,MTL_MOL,locked_common,EDx_Reproduction,1,1,0,1.1335455887666033,1.1335455887666033,,N_LT_2,b5dcec7210dffbbeaa851702
W00,S1_CONDITION,neg_log10_mol_l,MTL_MOL,locked_common,ICx_Behavior,3,3,0,1.7527925126520891,2.2078525994114484,0.028734307168309936,DEFINED,b5dcec7210dffbbeaa851702
W00,S1_CONDITION,neg_log10_mol_l,MTL_MOL,locked_common,ICx_Biochemical,171,171,0,1.0543064142656142,1.4870063371444286,0.1732843643288442,DEFINED,b5dcec7210dffbbeaa851702
W00,S1_CONDITION,neg_log10_mol_l,MTL_MOL,locked_common,ICx_Development,29,29,0,0.5766859868604679,0.712468015458796,0.8518394004550155,DEFINED,b5dcec7210dffbbeaa851702
W00,S1_CONDITION,neg_log10_mol_l,MTL_MOL,locked_common,ICx_Feeding,3,3,0,0.02519147853815351,0.029613597547815607,0.6555777911025631,DEFINED,b5dcec7210dffbbeaa851702
W00,S1_CONDITION,neg_log10_mol_l,MTL_MOL,locked_common,ICx_GeneticDamage,5,5,0,0.6280214811355493,0.810303649187193,-0.03392677429414448,DEFINED,b5dcec7210dffbbeaa851702
W00,S1_CONDITION,neg_log10_mol_l,MTL_MOL,locked_common,ICx_Growth,110,110,0,0.6486143670359731,0.8619678773682405,0.8046605013636384,DEFINED,b5dcec7210dffbbeaa851702
W00,S1_CONDITION,neg_log10_mol_l,MTL_MOL,locked_common,ICx_Immobilization,62,62,0,0.46455648919626935,0.5632157197377848,-0.722837775936471,DEFINED,b5dcec7210dffbbeaa851702
W00,S1_CONDITION,neg_log10_mol_l,MTL_MOL,locked_common,ICx_Morphology,2,2,0,0.6224777100158372,0.7965707843214543,-14.30037570229856,DEFINED,b5dcec7210dffbbeaa851702
W00,S1_CONDITION,neg_log10_mol_l,MTL_MOL,locked_common,ICx_Mortality,23,23,0,0.8912900442616845,1.310220560308345,0.47222219942551236,DEFINED,b5dcec7210dffbbeaa851702
W00,S1_CONDITION,neg_log10_mol_l,MTL_MOL,locked_common,ICx_Physiology,164,164,0,0.7540065221269953,1.040942412165654,0.7731917731553777,DEFINED,b5dcec7210dffbbeaa851702
W00,S1_CONDITION,neg_log10_mol_l,MTL_MOL,locked_common,ICx_Population,289,289,0,0.7845910244715484,1.0913472377770053,0.6937299426911776,DEFINED,b5dcec7210dffbbeaa851702
W00,S1_CONDITION,neg_log10_mol_l,MTL_MOL,locked_common,ICx_Reproduction,66,66,0,1.0000974831008582,1.2796744922086092,0.8083508043621137,DEFINED,b5dcec7210dffbbeaa851702
W00,S1_CONDITION,neg_log10_mol_l,MTL_MOL,locked_common,LDx_Injury,5,5,0,0.4926311157646973,0.5775455672414501,0.5772752414138789,DEFINED,b5dcec7210dffbbeaa851702
W00,S1_CONDITION,neg_log10_mol_l,MTL_MOL,locked_common,LDx_Mortality,239,239,0,0.8071758352865885,1.1395462830959247,0.5212436506569296,DEFINED,b5dcec7210dffbbeaa851702
W00,S1_CONDITION,neg_log10_mol_l,MTL_MOL,locked_common,LDx_Physiology,8,8,0,0.3969852718080314,0.5023347062086037,0.4853636852605714,DEFINED,b5dcec7210dffbbeaa851702
W00,S1_CONDITION,neg_log10_mol_l,MTL_MOL,locked_common,LDx_Reproduction,1,1,0,0.45718186680229866,0.45718186680229866,,N_LT_2,b5dcec7210dffbbeaa851702
W00,S1_CONDITION,neg_log10_mol_l,MTL_MOL,locked_common,LOEC_Accumulation,45,45,0,1.366516283244573,1.7133553685126421,0.24478847671606474,DEFINED,b5dcec7210dffbbeaa851702
W00,S1_CONDITION,neg_log10_mol_l,MTL_MOL,locked_common,LOEC_Behavior,332,332,0,1.0214537604257665,1.3735352682199038,0.41879528207011907,DEFINED,b5dcec7210dffbbeaa851702
W00,S1_CONDITION,neg_log10_mol_l,MTL_MOL,locked_common,LOEC_Biochemical,1314,1314,0,1.1272951416100352,1.4693030044720785,0.40869447688191296,DEFINED,b5dcec7210dffbbeaa851702
W00,S1_CONDITION,neg_log10_mol_l,MTL_MOL,locked_common,LOEC_Development,422,422,0,1.1749391761627614,1.5955217447563146,0.368534191250392,DEFINED,b5dcec7210dffbbeaa851702
W00,S1_CONDITION,neg_log10_mol_l,MTL_MOL,locked_common,LOEC_Feeding,30,30,0,0.5510473157232938,0.6844758099990074,0.0348445968373573,DEFINED,b5dcec7210dffbbeaa851702
W00,S1_CONDITION,neg_log10_mol_l,MTL_MOL,locked_common,LOEC_GeneticDamage,857,857,0,1.1795531988345813,1.5436593245340635,0.3600335667782609,DEFINED,b5dcec7210dffbbeaa851702
W00,S1_CONDITION,neg_log10_mol_l,MTL_MOL,locked_common,LOEC_Growth,853,853,0,0.9948110455937782,1.3237098777903324,0.48234089638390176,DEFINED,b5dcec7210dffbbeaa851702
W00,S1_CONDITION,neg_log10_mol_l,MTL_MOL,locked_common,LOEC_Immobilization,61,61,0,0.8297031303693363,1.1031921056187048,0.5442029588351307,DEFINED,b5dcec7210dffbbeaa851702
W00,S1_CONDITION,neg_log10_mol_l,MTL_MOL,locked_common,LOEC_Injury,113,113,0,1.0665555856000295,1.361588619799251,0.3617942004910194,DEFINED,b5dcec7210dffbbeaa851702
W00,S1_CONDITION,neg_log10_mol_l,MTL_MOL,locked_common,LOEC_Molting,24,24,0,0.8212988460713699,0.9971917359602774,0.7196180895283582,DEFINED,b5dcec7210dffbbeaa851702
W00,S1_CONDITION,neg_log10_mol_l,MTL_MOL,locked_common,LOEC_Morphology,168,168,0,1.010574824947467,1.2958264991362431,0.5278433882890937,DEFINED,b5dcec7210dffbbeaa851702
W00,S1_CONDITION,neg_log10_mol_l,MTL_MOL,locked_common,LOEC_Mortality,831,831,0,0.9306678442309172,1.2515743321396116,0.6313825950067453,DEFINED,b5dcec7210dffbbeaa851702
W00,S1_CONDITION,neg_log10_mol_l,MTL_MOL,locked_common,LOEC_Physiology,721,721,0,1.1283339335113969,1.4929639691191054,0.4664885807083944,DEFINED,b5dcec7210dffbbeaa851702
W00,S1_CONDITION,neg_log10_mol_l,MTL_MOL,locked_common,LOEC_Population,936,936,0,0.8721616192322821,1.152067713134911,0.6580884560591262,DEFINED,b5dcec7210dffbbeaa851702
W00,S1_CONDITION,neg_log10_mol_l,MTL_MOL,locked_common,LOEC_Reproduction,495,495,0,0.9639619799180901,1.3151151430362948,0.552349934246485,DEFINED,b5dcec7210dffbbeaa851702
W00,S1_CONDITION,neg_log10_mol_l,MTL_MOL,locked_common,MATC_Behavior,2,2,0,0.31133843048054155,0.3274820734126724,0.18241534893280975,DEFINED,b5dcec7210dffbbeaa851702
W00,S1_CONDITION,neg_log10_mol_l,MTL_MOL,locked_common,MATC_Biochemical,6,6,0,1.2660690505867354,1.3736211733949397,-6.0230120000974265,DEFINED,b5dcec7210dffbbeaa851702
W00,S1_CONDITION,neg_log10_mol_l,MTL_MOL,locked_common,MATC_Development,17,17,0,0.5038116990024916,0.7112396275231412,0.4100085204615843,DEFINED,b5dcec7210dffbbeaa851702
W00,S1_CONDITION,neg_log10_mol_l,MTL_MOL,locked_common,MATC_Growth,56,56,0,0.4676425336026953,0.6799442714982669,0.9121329388071671,DEFINED,b5dcec7210dffbbeaa851702
W00,S1_CONDITION,neg_log10_mol_l,MTL_MOL,locked_common,MATC_Immobilization,3,3,0,0.24440504917462846,0.2573975593496027,-4.448376236007644,DEFINED,b5dcec7210dffbbeaa851702
W00,S1_CONDITION,neg_log10_mol_l,MTL_MOL,locked_common,MATC_Molting,7,7,0,0.935615613488117,1.0014353908596008,0.2562529333771739,DEFINED,b5dcec7210dffbbeaa851702
W00,S1_CONDITION,neg_log10_mol_l,MTL_MOL,locked_common,MATC_Mortality,92,92,0,0.6006808881245329,0.8317016662691578,0.8397435237801304,DEFINED,b5dcec7210dffbbeaa851702
W00,S1_CONDITION,neg_log10_mol_l,MTL_MOL,locked_common,MATC_Physiology,3,3,0,0.36429959390646083,0.5983490183828183,-0.5971995961802103,DEFINED,b5dcec7210dffbbeaa851702
W00,S1_CONDITION,neg_log10_mol_l,MTL_MOL,locked_common,MATC_Population,22,22,0,0.6464025243477245,0.8191759134680923,0.5504141020833068,DEFINED,b5dcec7210dffbbeaa851702
W00,S1_CONDITION,neg_log10_mol_l,MTL_MOL,locked_common,MATC_Reproduction,37,37,0,0.7741691863720961,0.9612294604787195,0.7145765989847435,DEFINED,b5dcec7210dffbbeaa851702
W00,S1_CONDITION,neg_log10_mol_l,MTL_MOL,locked_common,NOEC_Accumulation,30,30,0,1.2702857533514615,1.4937088842882307,0.5204743448783602,DEFINED,b5dcec7210dffbbeaa851702
W00,S1_CONDITION,neg_log10_mol_l,MTL_MOL,locked_common,NOEC_Behavior,434,434,0,1.037409361194374,1.3585448796283128,0.355728254211816,DEFINED,b5dcec7210dffbbeaa851702
W00,S1_CONDITION,neg_log10_mol_l,MTL_MOL,locked_common,NOEC_Biochemical,1258,1258,0,1.1330120600613485,1.4700236639116415,0.3760477159267719,DEFINED,b5dcec7210dffbbeaa851702
W00,S1_CONDITION,neg_log10_mol_l,MTL_MOL,locked_common,NOEC_Development,593,593,0,1.1462030197909634,1.4929150360592267,0.3760661459695529,DEFINED,b5dcec7210dffbbeaa851702
W00,S1_CONDITION,neg_log10_mol_l,MTL_MOL,locked_common,NOEC_Feeding,71,71,0,1.0170557716240707,1.3802907011708048,0.5983333252532343,DEFINED,b5dcec7210dffbbeaa851702
W00,S1_CONDITION,neg_log10_mol_l,MTL_MOL,locked_common,NOEC_GeneticDamage,838,838,0,1.085903538456751,1.4262452912677113,0.42658185174505614,DEFINED,b5dcec7210dffbbeaa851702
W00,S1_CONDITION,neg_log10_mol_l,MTL_MOL,locked_common,NOEC_Growth,1168,1168,0,0.9991417012318742,1.3252512211240735,0.44644743191946745,DEFINED,b5dcec7210dffbbeaa851702
W00,S1_CONDITION,neg_log10_mol_l,MTL_MOL,locked_common,NOEC_Immobilization,275,275,0,0.9091485183112326,1.2310375886400988,0.5192380974182598,DEFINED,b5dcec7210dffbbeaa851702
W00,S1_CONDITION,neg_log10_mol_l,MTL_MOL,locked_common,NOEC_Injury,155,155,0,0.9604029498819302,1.2178808278554305,0.4484059034249388,DEFINED,b5dcec7210dffbbeaa851702
W00,S1_CONDITION,neg_log10_mol_l,MTL_MOL,locked_common,NOEC_Molting,47,47,0,0.6658627168770095,0.8733796873030217,0.7423111451020263,DEFINED,b5dcec7210dffbbeaa851702
W00,S1_CONDITION,neg_log10_mol_l,MTL_MOL,locked_common,NOEC_Morphology,281,281,0,0.9813630763589691,1.3213817270436388,0.6080323277636355,DEFINED,b5dcec7210dffbbeaa851702
W00,S1_CONDITION,neg_log10_mol_l,MTL_MOL,locked_common,NOEC_Mortality,1793,1793,0,1.0021997017298039,1.318406563058884,0.5527441359824863,DEFINED,b5dcec7210dffbbeaa851702
W00,S1_CONDITION,neg_log10_mol_l,MTL_MOL,locked_common,NOEC_Physiology,798,798,0,1.1516960537636274,1.4875702992090682,0.3370719011661675,DEFINED,b5dcec7210dffbbeaa851702
W00,S1_CONDITION,neg_log10_mol_l,MTL_MOL,locked_common,NOEC_Population,1386,1386,0,0.8936679783639744,1.203406473104282,0.5212433981680834,DEFINED,b5dcec7210dffbbeaa851702
W00,S1_CONDITION,neg_log10_mol_l,MTL_MOL,locked_common,NOEC_Reproduction,620,620,0,1.0192204671203822,1.4407657254795747,0.4688093936043567,DEFINED,b5dcec7210dffbbeaa851702
W00,S1_CONDITION,neg_log10_mol_l,STL_FULL,full,ACx_Development,60,60,0,1.5830848022822344,1.9065319646367251,-0.04803481509004648,DEFINED,a7775965e8bf370b06fce38b
W00,S1_CONDITION,neg_log10_mol_l,STL_FULL,full,ACx_Growth,1,1,0,0.29685143771781597,0.29685143771781597,,N_LT_2,a7775965e8bf370b06fce38b
W00,S1_CONDITION,neg_log10_mol_l,STL_FULL,full,ACx_Immobilization,32,32,0,1.2002169624930383,1.5239544917232086,0.10599390342613024,DEFINED,a7775965e8bf370b06fce38b
W00,S1_CONDITION,neg_log10_mol_l,STL_FULL,full,ACx_Injury,72,72,0,1.1868339105184402,1.5912746813941443,0.05093174106427967,DEFINED,a7775965e8bf370b06fce38b
W00,S1_CONDITION,neg_log10_mol_l,STL_FULL,full,ACx_Molting,104,104,0,0.4686014377120958,0.6763475429372038,0.3614783720914201,DEFINED,a7775965e8bf370b06fce38b
W00,S1_CONDITION,neg_log10_mol_l,STL_FULL,full,ACx_Mortality,59,59,0,1.2504637981307969,1.5150341242985366,0.3196895829684129,DEFINED,a7775965e8bf370b06fce38b
W00,S1_CONDITION,neg_log10_mol_l,STL_FULL,full,ACx_Physiology,73,73,0,1.1204846423379817,1.4375062207833604,0.12436930156041526,DEFINED,a7775965e8bf370b06fce38b
W00,S1_CONDITION,neg_log10_mol_l,STL_FULL,full,BMCx_Behavior,1,1,0,0.11444577812844692,0.11444577812844692,,N_LT_2,a7775965e8bf370b06fce38b
W00,S1_CONDITION,neg_log10_mol_l,STL_FULL,full,BMCx_Biochemical,2,2,0,0.20139771960493924,0.20279020185998614,0.3282514477553127,DEFINED,a7775965e8bf370b06fce38b
W00,S1_CONDITION,neg_log10_mol_l,STL_FULL,full,BMCx_Development,8,8,0,0.7900768672495545,0.9152992448462505,0.30999565806684637,DEFINED,a7775965e8bf370b06fce38b
W00,S1_CONDITION,neg_log10_mol_l,STL_FULL,full,BMCx_Immobilization,3,3,0,0.6830907749860892,0.7410522772387708,-0.5449685405947646,DEFINED,a7775965e8bf370b06fce38b
W00,S1_CONDITION,neg_log10_mol_l,STL_FULL,full,BMCx_Injury,10,10,0,0.4254522375130888,0.5097827452546172,0.30708679601941713,DEFINED,a7775965e8bf370b06fce38b
W00,S1_CONDITION,neg_log10_mol_l,STL_FULL,full,BMCx_Molting,19,19,0,0.536730025576087,0.5983184371498537,-0.2427822854490853,DEFINED,a7775965e8bf370b06fce38b
W00,S1_CONDITION,neg_log10_mol_l,STL_FULL,full,BMCx_Mortality,8,8,0,0.28930089334828146,0.36974042766633075,0.395472969344814,DEFINED,a7775965e8bf370b06fce38b
W00,S1_CONDITION,neg_log10_mol_l,STL_FULL,full,BMCx_Physiology,7,7,0,0.5514781338383382,0.5940228837264979,-0.027661486727625695,DEFINED,a7775965e8bf370b06fce38b
W00,S1_CONDITION,neg_log10_mol_l,STL_FULL,full,BMDx_Behavior,34,34,0,2.1708450838373863,3.006205445298377,-0.0038688508276170097,DEFINED,a7775965e8bf370b06fce38b
W00,S1_CONDITION,neg_log10_mol_l,STL_FULL,full,BMDx_Development,48,48,0,1.0249017208173552,1.2530221457613673,-0.028715983399824063,DEFINED,a7775965e8bf370b06fce38b
W00,S1_CONDITION,neg_log10_mol_l,STL_FULL,full,BMDx_Immobilization,8,8,0,0.22207477571041112,0.5217024528068983,-0.07672489326569432,DEFINED,a7775965e8bf370b06fce38b
W00,S1_CONDITION,neg_log10_mol_l,STL_FULL,full,BMDx_Injury,13,13,0,1.5416951536476118,1.6453951610944266,-0.1837853543820025,DEFINED,a7775965e8bf370b06fce38b
W00,S1_CONDITION,neg_log10_mol_l,STL_FULL,full,BMDx_Molting,3,3,0,2.5018893848909607,2.5929241110623216,-13.495868196339332,DEFINED,a7775965e8bf370b06fce38b
W00,S1_CONDITION,neg_log10_mol_l,STL_FULL,full,BMDx_Morphology,6,6,0,0.7633301001208027,1.0150644361184677,-0.19066530023683192,DEFINED,a7775965e8bf370b06fce38b
W00,S1_CONDITION,neg_log10_mol_l,STL_FULL,full,BMDx_Mortality,17,17,0,2.3320174960065465,3.397528140528147,-0.14627505554851483,DEFINED,a7775965e8bf370b06fce38b
W00,S1_CONDITION,neg_log10_mol_l,STL_FULL,full,BMDx_Physiology,10,10,0,0.7788550115195909,0.8834580713214689,0.2954599267648329,DEFINED,a7775965e8bf370b06fce38b
W00,S1_CONDITION,neg_log10_mol_l,STL_FULL,full,ECx_Behavior,492,492,0,0.6704003247151976,0.8834974138601922,0.8262345887328607,DEFINED,a7775965e8bf370b06fce38b
W00,S1_CONDITION,neg_log10_mol_l,STL_FULL,full,ECx_Biochemical,240,240,0,0.8168395471173563,1.094845907357217,0.7452956301738515,DEFINED,a7775965e8bf370b06fce38b
W00,S1_CONDITION,neg_log10_mol_l,STL_FULL,full,ECx_Development,504,504,0,0.8671736449382722,1.1797172114561905,0.7106590166531386,DEFINED,a7775965e8bf370b06fce38b
W00,S1_CONDITION,neg_log10_mol_l,STL_FULL,full,ECx_Feeding,40,40,0,0.698282663298658,0.9459449664359252,0.49812777644911677,DEFINED,a7775965e8bf370b06fce38b
W00,S1_CONDITION,neg_log10_mol_l,STL_FULL,full,ECx_GeneticDamage,47,47,0,0.9706185965042944,1.3224117662120711,0.751729821577517,DEFINED,a7775965e8bf370b06fce38b
W00,S1_CONDITION,neg_log10_mol_l,STL_FULL,full,ECx_Growth,725,725,0,0.6277261102992375,0.9086104611410911,0.7321898850492201,DEFINED,a7775965e8bf370b06fce38b
W00,S1_CONDITION,neg_log10_mol_l,STL_FULL,full,ECx_Immobilization,1566,1566,0,0.6732261127022409,0.9330969010176886,0.801800344037426,DEFINED,a7775965e8bf370b06fce38b
W00,S1_CONDITION,neg_log10_mol_l,STL_FULL,full,ECx_Injury,65,65,0,0.9456308389710271,1.2002302436950847,0.638736891882143,DEFINED,a7775965e8bf370b06fce38b
W00,S1_CONDITION,neg_log10_mol_l,STL_FULL,full,ECx_Molting,182,182,0,0.6607412693987683,0.904237684679612,0.5886310278472435,DEFINED,a7775965e8bf370b06fce38b
W00,S1_CONDITION,neg_log10_mol_l,STL_FULL,full,ECx_Morphology,49,49,0,0.80701970870643,1.306430830697563,0.5291263109009904,DEFINED,a7775965e8bf370b06fce38b
W00,S1_CONDITION,neg_log10_mol_l,STL_FULL,full,ECx_Mortality,14822,14822,0,0.6015385016465654,0.8557130994767562,0.7889931820348786,DEFINED,a7775965e8bf370b06fce38b
W00,S1_CONDITION,neg_log10_mol_l,STL_FULL,full,ECx_Physiology,447,447,0,0.7014811545889559,0.9792883712342164,0.7653485720314706,DEFINED,a7775965e8bf370b06fce38b
W00,S1_CONDITION,neg_log10_mol_l,STL_FULL,full,ECx_Population,2104,2104,0,0.6566183805354994,0.9143113512457998,0.717275388893045,DEFINED,a7775965e8bf370b06fce38b
W00,S1_CONDITION,neg_log10_mol_l,STL_FULL,full,ECx_Reproduction,208,208,0,0.638545271708156,0.9102369620437112,0.7051075051254829,DEFINED,a7775965e8bf370b06fce38b
W00,S1_CONDITION,neg_log10_mol_l,STL_FULL,full,EDx_Development,5,5,0,1.3580118175711167,1.5450432773325282,-2.809402120866357,DEFINED,a7775965e8bf370b06fce38b
W00,S1_CONDITION,neg_log10_mol_l,STL_FULL,full,EDx_Growth,2,2,0,1.861374461839084,1.867706702036291,-9.400184488990266,DEFINED,a7775965e8bf370b06fce38b
W00,S1_CONDITION,neg_log10_mol_l,STL_FULL,full,EDx_Molting,3,3,0,0.48028344385439,0.5507555488851273,0.04070387094375172,DEFINED,a7775965e8bf370b06fce38b
W00,S1_CONDITION,neg_log10_mol_l,STL_FULL,full,EDx_Physiology,2,2,0,0.7898698059668896,0.7976793020789305,-43.60149967831268,DEFINED,a7775965e8bf370b06fce38b
W00,S1_CONDITION,neg_log10_mol_l,STL_FULL,full,EDx_Population,2,2,0,0.17648651668318172,0.17852368573040883,-43.06804518313296,DEFINED,a7775965e8bf370b06fce38b
W00,S1_CONDITION,neg_log10_mol_l,STL_FULL,full,EDx_Reproduction,1,1,0,0.5755221215450845,0.5755221215450845,,N_LT_2,a7775965e8bf370b06fce38b
W00,S1_CONDITION,neg_log10_mol_l,STL_FULL,full,ICx_Behavior,3,3,0,1.598653749689084,2.400459531909156,-0.14811839474020916,DEFINED,a7775965e8bf370b06fce38b
W00,S1_CONDITION,neg_log10_mol_l,STL_FULL,full,ICx_Biochemical,171,171,0,0.9139509945378045,1.2568404137641207,0.40940361160161354,DEFINED,a7775965e8bf370b06fce38b
W00,S1_CONDITION,neg_log10_mol_l,STL_FULL,full,ICx_Development,29,29,0,0.42028795226524074,0.5873964448076651,0.8992918521021037,DEFINED,a7775965e8bf370b06fce38b
W00,S1_CONDITION,neg_log10_mol_l,STL_FULL,full,ICx_Feeding,3,3,0,0.09494112008631432,0.1422808824534548,-6.950636679355784,DEFINED,a7775965e8bf370b06fce38b
W00,S1_CONDITION,neg_log10_mol_l,STL_FULL,full,ICx_GeneticDamage,5,5,0,1.0042264711177018,1.4419263483309854,-2.274012610786267,DEFINED,a7775965e8bf370b06fce38b
W00,S1_CONDITION,neg_log10_mol_l,STL_FULL,full,ICx_Growth,110,110,0,0.48396988648821343,0.6998743135439095,0.8712201203450136,DEFINED,a7775965e8bf370b06fce38b
W00,S1_CONDITION,neg_log10_mol_l,STL_FULL,full,ICx_Immobilization,62,62,0,0.28845577202250416,0.41176437655352166,0.0791425779374687,DEFINED,a7775965e8bf370b06fce38b
W00,S1_CONDITION,neg_log10_mol_l,STL_FULL,full,ICx_Molting,1,1,0,1.486641855414777,1.486641855414777,,N_LT_2,a7775965e8bf370b06fce38b
W00,S1_CONDITION,neg_log10_mol_l,STL_FULL,full,ICx_Morphology,2,2,0,1.2918682888068336,1.3564998501590764,-43.37034930308485,DEFINED,a7775965e8bf370b06fce38b
W00,S1_CONDITION,neg_log10_mol_l,STL_FULL,full,ICx_Mortality,23,23,0,0.8990303495364932,1.3443733022619588,0.44434905524730595,DEFINED,a7775965e8bf370b06fce38b
W00,S1_CONDITION,neg_log10_mol_l,STL_FULL,full,ICx_Physiology,164,164,0,0.6897283649890754,1.003378128375331,0.7892659780884257,DEFINED,a7775965e8bf370b06fce38b
W00,S1_CONDITION,neg_log10_mol_l,STL_FULL,full,ICx_Population,289,289,0,0.7114398478151476,0.9899275416585278,0.7480087578723402,DEFINED,a7775965e8bf370b06fce38b
W00,S1_CONDITION,neg_log10_mol_l,STL_FULL,full,ICx_Reproduction,66,66,0,0.9285292324901375,1.2874562104044318,0.8060128746269211,DEFINED,a7775965e8bf370b06fce38b
W00,S1_CONDITION,neg_log10_mol_l,STL_FULL,full,LDx_Injury,5,5,0,0.28754636695225344,0.35585514948151226,0.8395160206767917,DEFINED,a7775965e8bf370b06fce38b
W00,S1_CONDITION,neg_log10_mol_l,STL_FULL,full,LDx_Mortality,239,239,0,0.661417627889844,0.9050487537755766,0.6980086119353921,DEFINED,a7775965e8bf370b06fce38b
W00,S1_CONDITION,neg_log10_mol_l,STL_FULL,full,LDx_Physiology,8,8,0,0.47923673772308606,0.5891746528904303,0.29205068044578064,DEFINED,a7775965e8bf370b06fce38b
W00,S1_CONDITION,neg_log10_mol_l,STL_FULL,full,LDx_Reproduction,1,1,0,0.24476759124187009,0.24476759124187009,,N_LT_2,a7775965e8bf370b06fce38b
W00,S1_CONDITION,neg_log10_mol_l,STL_FULL,full,LOEC_Accumulation,45,45,0,1.310842386427523,1.6517971753942806,0.2980807600361427,DEFINED,a7775965e8bf370b06fce38b
W00,S1_CONDITION,neg_log10_mol_l,STL_FULL,full,LOEC_Behavior,332,332,0,0.9977557606256198,1.3188913895833156,0.46411997812995,DEFINED,a7775965e8bf370b06fce38b
W00,S1_CONDITION,neg_log10_mol_l,STL_FULL,full,LOEC_Biochemical,1314,1314,0,1.0436402063471384,1.3808570789233092,0.4777401212044168,DEFINED,a7775965e8bf370b06fce38b
W00,S1_CONDITION,neg_log10_mol_l,STL_FULL,full,LOEC_Development,422,422,0,1.1620740794339095,1.5078858841424876,0.4359971003715366,DEFINED,a7775965e8bf370b06fce38b
W00,S1_CONDITION,neg_log10_mol_l,STL_FULL,full,LOEC_Feeding,30,30,0,0.545839080539082,0.6352237739364225,0.16874451331490892,DEFINED,a7775965e8bf370b06fce38b
W00,S1_CONDITION,neg_log10_mol_l,STL_FULL,full,LOEC_GeneticDamage,857,857,0,1.0585333201722924,1.3787513475594868,0.48946423201545375,DEFINED,a7775965e8bf370b06fce38b
W00,S1_CONDITION,neg_log10_mol_l,STL_FULL,full,LOEC_Growth,853,853,0,0.9348404795717805,1.2240170438494442,0.557377825914557,DEFINED,a7775965e8bf370b06fce38b
W00,S1_CONDITION,neg_log10_mol_l,STL_FULL,full,LOEC_Immobilization,61,61,0,0.8468531387719114,1.1726216333858217,0.4850263413929583,DEFINED,a7775965e8bf370b06fce38b
W00,S1_CONDITION,neg_log10_mol_l,STL_FULL,full,LOEC_Injury,113,113,0,1.0331520904848064,1.2956392472757172,0.4221207362492232,DEFINED,a7775965e8bf370b06fce38b
W00,S1_CONDITION,neg_log10_mol_l,STL_FULL,full,LOEC_Molting,24,24,0,0.9416711991031369,1.2474850216606874,0.5612033241707157,DEFINED,a7775965e8bf370b06fce38b
W00,S1_CONDITION,neg_log10_mol_l,STL_FULL,full,LOEC_Morphology,168,168,0,1.0384152022871636,1.3404304768711173,0.4947795175669508,DEFINED,a7775965e8bf370b06fce38b
W00,S1_CONDITION,neg_log10_mol_l,STL_FULL,full,LOEC_Mortality,831,831,0,0.9142575215825407,1.242333246484472,0.6368059232726067,DEFINED,a7775965e8bf370b06fce38b
W00,S1_CONDITION,neg_log10_mol_l,STL_FULL,full,LOEC_Physiology,721,721,0,1.0729895986049838,1.4009967401688619,0.5301931813749874,DEFINED,a7775965e8bf370b06fce38b
W00,S1_CONDITION,neg_log10_mol_l,STL_FULL,full,LOEC_Population,936,936,0,0.8020085257583729,1.041436441827911,0.7206019995987303,DEFINED,a7775965e8bf370b06fce38b
W00,S1_CONDITION,neg_log10_mol_l,STL_FULL,full,LOEC_Reproduction,495,495,0,0.9549933020644247,1.2392105331891934,0.6025328067293578,DEFINED,a7775965e8bf370b06fce38b
W00,S1_CONDITION,neg_log10_mol_l,STL_FULL,full,MATC_Behavior,2,2,0,0.4680134886439462,0.6561276567938544,-2.281968099841776,DEFINED,a7775965e8bf370b06fce38b
W00,S1_CONDITION,neg_log10_mol_l,STL_FULL,full,MATC_Biochemical,6,6,0,1.586266451074288,1.6597895957686826,-9.254052419360445,DEFINED,a7775965e8bf370b06fce38b
W00,S1_CONDITION,neg_log10_mol_l,STL_FULL,full,MATC_Development,17,17,0,0.5167197897990683,0.6886958164483514,0.4468171114788647,DEFINED,a7775965e8bf370b06fce38b
W00,S1_CONDITION,neg_log10_mol_l,STL_FULL,full,MATC_Growth,56,56,0,1.1502556306675478,1.4684218876937218,0.5901913119097258,DEFINED,a7775965e8bf370b06fce38b
W00,S1_CONDITION,neg_log10_mol_l,STL_FULL,full,MATC_Immobilization,3,3,0,0.2201359419297563,0.2696531802518138,-4.979561461039633,DEFINED,a7775965e8bf370b06fce38b
W00,S1_CONDITION,neg_log10_mol_l,STL_FULL,full,MATC_Molting,7,7,0,1.0715401862799983,1.283085042828469,-0.2209286357933571,DEFINED,a7775965e8bf370b06fce38b
W00,S1_CONDITION,neg_log10_mol_l,STL_FULL,full,MATC_Mortality,92,92,0,0.7795075049739585,1.0008724709070234,0.7679198833170897,DEFINED,a7775965e8bf370b06fce38b
W00,S1_CONDITION,neg_log10_mol_l,STL_FULL,full,MATC_Physiology,3,3,0,0.37508810374647794,0.48094345216704737,-0.03190106032552098,DEFINED,a7775965e8bf370b06fce38b
W00,S1_CONDITION,neg_log10_mol_l,STL_FULL,full,MATC_Population,22,22,0,0.5321718510578983,0.7480892729916975,0.6250570544886125,DEFINED,a7775965e8bf370b06fce38b
W00,S1_CONDITION,neg_log10_mol_l,STL_FULL,full,MATC_Reproduction,37,37,0,0.9814956882706006,1.239915120534308,0.5250812202482072,DEFINED,a7775965e8bf370b06fce38b
W00,S1_CONDITION,neg_log10_mol_l,STL_FULL,full,NOEC_Accumulation,30,30,0,1.1377418866836293,1.5590068680738982,0.47763270773361133,DEFINED,a7775965e8bf370b06fce38b
W00,S1_CONDITION,neg_log10_mol_l,STL_FULL,full,NOEC_Behavior,434,434,0,0.9347857904193912,1.233236163482635,0.46909891959450756,DEFINED,a7775965e8bf370b06fce38b
W00,S1_CONDITION,neg_log10_mol_l,STL_FULL,full,NOEC_Biochemical,1258,1258,0,1.0656361733570394,1.382653818799014,0.4480119929847802,DEFINED,a7775965e8bf370b06fce38b
W00,S1_CONDITION,neg_log10_mol_l,STL_FULL,full,NOEC_Development,593,593,0,1.1073647204776447,1.4587444708502988,0.40430108057692693,DEFINED,a7775965e8bf370b06fce38b
W00,S1_CONDITION,neg_log10_mol_l,STL_FULL,full,NOEC_Feeding,71,71,0,0.9771622730680809,1.2644262105820072,0.6629365542451138,DEFINED,a7775965e8bf370b06fce38b
W00,S1_CONDITION,neg_log10_mol_l,STL_FULL,full,NOEC_GeneticDamage,838,838,0,1.084181594346513,1.42613155014289,0.42667330673519377,DEFINED,a7775965e8bf370b06fce38b
W00,S1_CONDITION,neg_log10_mol_l,STL_FULL,full,NOEC_Growth,1168,1168,0,0.966665157191669,1.2896914577465373,0.4757552494858751,DEFINED,a7775965e8bf370b06fce38b
W00,S1_CONDITION,neg_log10_mol_l,STL_FULL,full,NOEC_Immobilization,275,275,0,1.003413238064996,1.2943386474375917,0.4685244927292658,DEFINED,a7775965e8bf370b06fce38b
W00,S1_CONDITION,neg_log10_mol_l,STL_FULL,full,NOEC_Injury,155,155,0,0.9366854051127967,1.1909392248269022,0.47254037601208376,DEFINED,a7775965e8bf370b06fce38b
W00,S1_CONDITION,neg_log10_mol_l,STL_FULL,full,NOEC_Molting,47,47,0,0.7902864139643789,1.0299243697908795,0.6416560056380305,DEFINED,a7775965e8bf370b06fce38b
W00,S1_CONDITION,neg_log10_mol_l,STL_FULL,full,NOEC_Morphology,281,281,0,1.0164030766398655,1.336750522140297,0.5988614678178348,DEFINED,a7775965e8bf370b06fce38b
W00,S1_CONDITION,neg_log10_mol_l,STL_FULL,full,NOEC_Mortality,1793,1793,0,0.8848600109458216,1.18158858904672,0.6407556825114495,DEFINED,a7775965e8bf370b06fce38b
W00,S1_CONDITION,neg_log10_mol_l,STL_FULL,full,NOEC_Physiology,798,798,0,1.014068129674777,1.3456501769538805,0.45752993732238156,DEFINED,a7775965e8bf370b06fce38b
W00,S1_CONDITION,neg_log10_mol_l,STL_FULL,full,NOEC_Population,1386,1386,0,0.7860614236383768,1.072059501527679,0.6200487568261817,DEFINED,a7775965e8bf370b06fce38b
W00,S1_CONDITION,neg_log10_mol_l,STL_FULL,full,NOEC_Reproduction,620,620,0,0.9791128588462404,1.3044876144278574,0.564544711382585,DEFINED,a7775965e8bf370b06fce38b
W00,S1_CONDITION,neg_log10_mol_l,STL_FULL,locked_common,ACx_Development,60,60,0,1.5830848022822344,1.9065319646367251,-0.04803481509004648,DEFINED,a7775965e8bf370b06fce38b
W00,S1_CONDITION,neg_log10_mol_l,STL_FULL,locked_common,ACx_Growth,1,1,0,0.29685143771781597,0.29685143771781597,,N_LT_2,a7775965e8bf370b06fce38b
W00,S1_CONDITION,neg_log10_mol_l,STL_FULL,locked_common,ACx_Immobilization,32,32,0,1.2002169624930383,1.5239544917232086,0.10599390342613024,DEFINED,a7775965e8bf370b06fce38b
W00,S1_CONDITION,neg_log10_mol_l,STL_FULL,locked_common,ACx_Injury,72,72,0,1.1868339105184402,1.5912746813941443,0.05093174106427967,DEFINED,a7775965e8bf370b06fce38b
W00,S1_CONDITION,neg_log10_mol_l,STL_FULL,locked_common,ACx_Molting,104,104,0,0.4686014377120958,0.6763475429372038,0.3614783720914201,DEFINED,a7775965e8bf370b06fce38b
W00,S1_CONDITION,neg_log10_mol_l,STL_FULL,locked_common,ACx_Mortality,59,59,0,1.2504637981307969,1.5150341242985366,0.3196895829684129,DEFINED,a7775965e8bf370b06fce38b
W00,S1_CONDITION,neg_log10_mol_l,STL_FULL,locked_common,ACx_Physiology,73,73,0,1.1204846423379817,1.4375062207833604,0.12436930156041526,DEFINED,a7775965e8bf370b06fce38b
W00,S1_CONDITION,neg_log10_mol_l,STL_FULL,locked_common,BMCx_Behavior,1,1,0,0.11444577812844692,0.11444577812844692,,N_LT_2,a7775965e8bf370b06fce38b
W00,S1_CONDITION,neg_log10_mol_l,STL_FULL,locked_common,BMCx_Biochemical,2,2,0,0.20139771960493924,0.20279020185998614,0.3282514477553127,DEFINED,a7775965e8bf370b06fce38b
W00,S1_CONDITION,neg_log10_mol_l,STL_FULL,locked_common,BMCx_Development,8,8,0,0.7900768672495545,0.9152992448462505,0.30999565806684637,DEFINED,a7775965e8bf370b06fce38b
W00,S1_CONDITION,neg_log10_mol_l,STL_FULL,locked_common,BMCx_Immobilization,3,3,0,0.6830907749860892,0.7410522772387708,-0.5449685405947646,DEFINED,a7775965e8bf370b06fce38b
W00,S1_CONDITION,neg_log10_mol_l,STL_FULL,locked_common,BMCx_Injury,10,10,0,0.4254522375130888,0.5097827452546172,0.30708679601941713,DEFINED,a7775965e8bf370b06fce38b
W00,S1_CONDITION,neg_log10_mol_l,STL_FULL,locked_common,BMCx_Molting,19,19,0,0.536730025576087,0.5983184371498537,-0.2427822854490853,DEFINED,a7775965e8bf370b06fce38b
W00,S1_CONDITION,neg_log10_mol_l,STL_FULL,locked_common,BMCx_Mortality,8,8,0,0.28930089334828146,0.36974042766633075,0.395472969344814,DEFINED,a7775965e8bf370b06fce38b
W00,S1_CONDITION,neg_log10_mol_l,STL_FULL,locked_common,BMCx_Physiology,7,7,0,0.5514781338383382,0.5940228837264979,-0.027661486727625695,DEFINED,a7775965e8bf370b06fce38b
W00,S1_CONDITION,neg_log10_mol_l,STL_FULL,locked_common,BMDx_Behavior,34,34,0,2.1708450838373863,3.006205445298377,-0.0038688508276170097,DEFINED,a7775965e8bf370b06fce38b
W00,S1_CONDITION,neg_log10_mol_l,STL_FULL,locked_common,BMDx_Development,48,48,0,1.0249017208173552,1.2530221457613673,-0.028715983399824063,DEFINED,a7775965e8bf370b06fce38b
W00,S1_CONDITION,neg_log10_mol_l,STL_FULL,locked_common,BMDx_Immobilization,8,8,0,0.22207477571041112,0.5217024528068983,-0.07672489326569432,DEFINED,a7775965e8bf370b06fce38b
W00,S1_CONDITION,neg_log10_mol_l,STL_FULL,locked_common,BMDx_Injury,13,13,0,1.5416951536476118,1.6453951610944266,-0.1837853543820025,DEFINED,a7775965e8bf370b06fce38b
W00,S1_CONDITION,neg_log10_mol_l,STL_FULL,locked_common,BMDx_Molting,3,3,0,2.5018893848909607,2.5929241110623216,-13.495868196339332,DEFINED,a7775965e8bf370b06fce38b
W00,S1_CONDITION,neg_log10_mol_l,STL_FULL,locked_common,BMDx_Morphology,6,6,0,0.7633301001208027,1.0150644361184677,-0.19066530023683192,DEFINED,a7775965e8bf370b06fce38b
W00,S1_CONDITION,neg_log10_mol_l,STL_FULL,locked_common,BMDx_Mortality,17,17,0,2.3320174960065465,3.397528140528147,-0.14627505554851483,DEFINED,a7775965e8bf370b06fce38b
W00,S1_CONDITION,neg_log10_mol_l,STL_FULL,locked_common,BMDx_Physiology,10,10,0,0.7788550115195909,0.8834580713214689,0.2954599267648329,DEFINED,a7775965e8bf370b06fce38b
W00,S1_CONDITION,neg_log10_mol_l,STL_FULL,locked_common,ECx_Behavior,492,492,0,0.6704003247151976,0.8834974138601922,0.8262345887328607,DEFINED,a7775965e8bf370b06fce38b
W00,S1_CONDITION,neg_log10_mol_l,STL_FULL,locked_common,ECx_Biochemical,240,240,0,0.8168395471173563,1.094845907357217,0.7452956301738515,DEFINED,a7775965e8bf370b06fce38b
W00,S1_CONDITION,neg_log10_mol_l,STL_FULL,locked_common,ECx_Development,504,504,0,0.8671736449382722,1.1797172114561905,0.7106590166531386,DEFINED,a7775965e8bf370b06fce38b
W00,S1_CONDITION,neg_log10_mol_l,STL_FULL,locked_common,ECx_Feeding,40,40,0,0.698282663298658,0.9459449664359252,0.49812777644911677,DEFINED,a7775965e8bf370b06fce38b
W00,S1_CONDITION,neg_log10_mol_l,STL_FULL,locked_common,ECx_GeneticDamage,47,47,0,0.9706185965042944,1.3224117662120711,0.751729821577517,DEFINED,a7775965e8bf370b06fce38b
W00,S1_CONDITION,neg_log10_mol_l,STL_FULL,locked_common,ECx_Growth,725,725,0,0.6277261102992375,0.9086104611410911,0.7321898850492201,DEFINED,a7775965e8bf370b06fce38b
W00,S1_CONDITION,neg_log10_mol_l,STL_FULL,locked_common,ECx_Immobilization,1566,1566,0,0.6732261127022409,0.9330969010176886,0.801800344037426,DEFINED,a7775965e8bf370b06fce38b
W00,S1_CONDITION,neg_log10_mol_l,STL_FULL,locked_common,ECx_Injury,65,65,0,0.9456308389710271,1.2002302436950847,0.638736891882143,DEFINED,a7775965e8bf370b06fce38b
W00,S1_CONDITION,neg_log10_mol_l,STL_FULL,locked_common,ECx_Molting,182,182,0,0.6607412693987683,0.904237684679612,0.5886310278472435,DEFINED,a7775965e8bf370b06fce38b
W00,S1_CONDITION,neg_log10_mol_l,STL_FULL,locked_common,ECx_Morphology,49,49,0,0.80701970870643,1.306430830697563,0.5291263109009904,DEFINED,a7775965e8bf370b06fce38b
W00,S1_CONDITION,neg_log10_mol_l,STL_FULL,locked_common,ECx_Mortality,14822,14822,0,0.6015385016465654,0.8557130994767562,0.7889931820348786,DEFINED,a7775965e8bf370b06fce38b
W00,S1_CONDITION,neg_log10_mol_l,STL_FULL,locked_common,ECx_Physiology,447,447,0,0.7014811545889559,0.9792883712342164,0.7653485720314706,DEFINED,a7775965e8bf370b06fce38b
W00,S1_CONDITION,neg_log10_mol_l,STL_FULL,locked_common,ECx_Population,2104,2104,0,0.6566183805354994,0.9143113512457998,0.717275388893045,DEFINED,a7775965e8bf370b06fce38b
W00,S1_CONDITION,neg_log10_mol_l,STL_FULL,locked_common,ECx_Reproduction,208,208,0,0.638545271708156,0.9102369620437112,0.7051075051254829,DEFINED,a7775965e8bf370b06fce38b
W00,S1_CONDITION,neg_log10_mol_l,STL_FULL,locked_common,EDx_Development,5,5,0,1.3580118175711167,1.5450432773325282,-2.809402120866357,DEFINED,a7775965e8bf370b06fce38b
W00,S1_CONDITION,neg_log10_mol_l,STL_FULL,locked_common,EDx_Growth,2,2,0,1.861374461839084,1.867706702036291,-9.400184488990266,DEFINED,a7775965e8bf370b06fce38b
W00,S1_CONDITION,neg_log10_mol_l,STL_FULL,locked_common,EDx_Molting,3,3,0,0.48028344385439,0.5507555488851273,0.04070387094375172,DEFINED,a7775965e8bf370b06fce38b
W00,S1_CONDITION,neg_log10_mol_l,STL_FULL,locked_common,EDx_Physiology,2,2,0,0.7898698059668896,0.7976793020789305,-43.60149967831268,DEFINED,a7775965e8bf370b06fce38b
W00,S1_CONDITION,neg_log10_mol_l,STL_FULL,locked_common,EDx_Population,2,2,0,0.17648651668318172,0.17852368573040883,-43.06804518313296,DEFINED,a7775965e8bf370b06fce38b
W00,S1_CONDITION,neg_log10_mol_l,STL_FULL,locked_common,EDx_Reproduction,1,1,0,0.5755221215450845,0.5755221215450845,,N_LT_2,a7775965e8bf370b06fce38b
W00,S1_CONDITION,neg_log10_mol_l,STL_FULL,locked_common,ICx_Behavior,3,3,0,1.598653749689084,2.400459531909156,-0.14811839474020916,DEFINED,a7775965e8bf370b06fce38b
W00,S1_CONDITION,neg_log10_mol_l,STL_FULL,locked_common,ICx_Biochemical,171,171,0,0.9139509945378045,1.2568404137641207,0.40940361160161354,DEFINED,a7775965e8bf370b06fce38b
W00,S1_CONDITION,neg_log10_mol_l,STL_FULL,locked_common,ICx_Development,29,29,0,0.42028795226524074,0.5873964448076651,0.8992918521021037,DEFINED,a7775965e8bf370b06fce38b
W00,S1_CONDITION,neg_log10_mol_l,STL_FULL,locked_common,ICx_Feeding,3,3,0,0.09494112008631432,0.1422808824534548,-6.950636679355784,DEFINED,a7775965e8bf370b06fce38b
W00,S1_CONDITION,neg_log10_mol_l,STL_FULL,locked_common,ICx_GeneticDamage,5,5,0,1.0042264711177018,1.4419263483309854,-2.274012610786267,DEFINED,a7775965e8bf370b06fce38b
W00,S1_CONDITION,neg_log10_mol_l,STL_FULL,locked_common,ICx_Growth,110,110,0,0.48396988648821343,0.6998743135439095,0.8712201203450136,DEFINED,a7775965e8bf370b06fce38b
W00,S1_CONDITION,neg_log10_mol_l,STL_FULL,locked_common,ICx_Immobilization,62,62,0,0.28845577202250416,0.41176437655352166,0.0791425779374687,DEFINED,a7775965e8bf370b06fce38b
W00,S1_CONDITION,neg_log10_mol_l,STL_FULL,locked_common,ICx_Morphology,2,2,0,1.2918682888068336,1.3564998501590764,-43.37034930308485,DEFINED,a7775965e8bf370b06fce38b
W00,S1_CONDITION,neg_log10_mol_l,STL_FULL,locked_common,ICx_Mortality,23,23,0,0.8990303495364932,1.3443733022619588,0.44434905524730595,DEFINED,a7775965e8bf370b06fce38b
W00,S1_CONDITION,neg_log10_mol_l,STL_FULL,locked_common,ICx_Physiology,164,164,0,0.6897283649890754,1.003378128375331,0.7892659780884257,DEFINED,a7775965e8bf370b06fce38b
W00,S1_CONDITION,neg_log10_mol_l,STL_FULL,locked_common,ICx_Population,289,289,0,0.7114398478151476,0.9899275416585278,0.7480087578723402,DEFINED,a7775965e8bf370b06fce38b
W00,S1_CONDITION,neg_log10_mol_l,STL_FULL,locked_common,ICx_Reproduction,66,66,0,0.9285292324901375,1.2874562104044318,0.8060128746269211,DEFINED,a7775965e8bf370b06fce38b
W00,S1_CONDITION,neg_log10_mol_l,STL_FULL,locked_common,LDx_Injury,5,5,0,0.28754636695225344,0.35585514948151226,0.8395160206767917,DEFINED,a7775965e8bf370b06fce38b
W00,S1_CONDITION,neg_log10_mol_l,STL_FULL,locked_common,LDx_Mortality,239,239,0,0.661417627889844,0.9050487537755766,0.6980086119353921,DEFINED,a7775965e8bf370b06fce38b
W00,S1_CONDITION,neg_log10_mol_l,STL_FULL,locked_common,LDx_Physiology,8,8,0,0.47923673772308606,0.5891746528904303,0.29205068044578064,DEFINED,a7775965e8bf370b06fce38b
W00,S1_CONDITION,neg_log10_mol_l,STL_FULL,locked_common,LDx_Reproduction,1,1,0,0.24476759124187009,0.24476759124187009,,N_LT_2,a7775965e8bf370b06fce38b
W00,S1_CONDITION,neg_log10_mol_l,STL_FULL,locked_common,LOEC_Accumulation,45,45,0,1.310842386427523,1.6517971753942806,0.2980807600361427,DEFINED,a7775965e8bf370b06fce38b
W00,S1_CONDITION,neg_log10_mol_l,STL_FULL,locked_common,LOEC_Behavior,332,332,0,0.9977557606256198,1.3188913895833156,0.46411997812995,DEFINED,a7775965e8bf370b06fce38b
W00,S1_CONDITION,neg_log10_mol_l,STL_FULL,locked_common,LOEC_Biochemical,1314,1314,0,1.0436402063471384,1.3808570789233092,0.4777401212044168,DEFINED,a7775965e8bf370b06fce38b
W00,S1_CONDITION,neg_log10_mol_l,STL_FULL,locked_common,LOEC_Development,422,422,0,1.1620740794339095,1.5078858841424876,0.4359971003715366,DEFINED,a7775965e8bf370b06fce38b
W00,S1_CONDITION,neg_log10_mol_l,STL_FULL,locked_common,LOEC_Feeding,30,30,0,0.545839080539082,0.6352237739364225,0.16874451331490892,DEFINED,a7775965e8bf370b06fce38b
W00,S1_CONDITION,neg_log10_mol_l,STL_FULL,locked_common,LOEC_GeneticDamage,857,857,0,1.0585333201722924,1.3787513475594868,0.48946423201545375,DEFINED,a7775965e8bf370b06fce38b
W00,S1_CONDITION,neg_log10_mol_l,STL_FULL,locked_common,LOEC_Growth,853,853,0,0.9348404795717805,1.2240170438494442,0.557377825914557,DEFINED,a7775965e8bf370b06fce38b
W00,S1_CONDITION,neg_log10_mol_l,STL_FULL,locked_common,LOEC_Immobilization,61,61,0,0.8468531387719114,1.1726216333858217,0.4850263413929583,DEFINED,a7775965e8bf370b06fce38b
W00,S1_CONDITION,neg_log10_mol_l,STL_FULL,locked_common,LOEC_Injury,113,113,0,1.0331520904848064,1.2956392472757172,0.4221207362492232,DEFINED,a7775965e8bf370b06fce38b
W00,S1_CONDITION,neg_log10_mol_l,STL_FULL,locked_common,LOEC_Molting,24,24,0,0.9416711991031369,1.2474850216606874,0.5612033241707157,DEFINED,a7775965e8bf370b06fce38b
W00,S1_CONDITION,neg_log10_mol_l,STL_FULL,locked_common,LOEC_Morphology,168,168,0,1.0384152022871636,1.3404304768711173,0.4947795175669508,DEFINED,a7775965e8bf370b06fce38b
W00,S1_CONDITION,neg_log10_mol_l,STL_FULL,locked_common,LOEC_Mortality,831,831,0,0.9142575215825407,1.242333246484472,0.6368059232726067,DEFINED,a7775965e8bf370b06fce38b
W00,S1_CONDITION,neg_log10_mol_l,STL_FULL,locked_common,LOEC_Physiology,721,721,0,1.0729895986049838,1.4009967401688619,0.5301931813749874,DEFINED,a7775965e8bf370b06fce38b
W00,S1_CONDITION,neg_log10_mol_l,STL_FULL,locked_common,LOEC_Population,936,936,0,0.8020085257583729,1.041436441827911,0.7206019995987303,DEFINED,a7775965e8bf370b06fce38b
W00,S1_CONDITION,neg_log10_mol_l,STL_FULL,locked_common,LOEC_Reproduction,495,495,0,0.9549933020644247,1.2392105331891934,0.6025328067293578,DEFINED,a7775965e8bf370b06fce38b
W00,S1_CONDITION,neg_log10_mol_l,STL_FULL,locked_common,MATC_Behavior,2,2,0,0.4680134886439462,0.6561276567938544,-2.281968099841776,DEFINED,a7775965e8bf370b06fce38b
W00,S1_CONDITION,neg_log10_mol_l,STL_FULL,locked_common,MATC_Biochemical,6,6,0,1.586266451074288,1.6597895957686826,-9.254052419360445,DEFINED,a7775965e8bf370b06fce38b
W00,S1_CONDITION,neg_log10_mol_l,STL_FULL,locked_common,MATC_Development,17,17,0,0.5167197897990683,0.6886958164483514,0.4468171114788647,DEFINED,a7775965e8bf370b06fce38b
W00,S1_CONDITION,neg_log10_mol_l,STL_FULL,locked_common,MATC_Growth,56,56,0,1.1502556306675478,1.4684218876937218,0.5901913119097258,DEFINED,a7775965e8bf370b06fce38b
W00,S1_CONDITION,neg_log10_mol_l,STL_FULL,locked_common,MATC_Immobilization,3,3,0,0.2201359419297563,0.2696531802518138,-4.979561461039633,DEFINED,a7775965e8bf370b06fce38b
W00,S1_CONDITION,neg_log10_mol_l,STL_FULL,locked_common,MATC_Molting,7,7,0,1.0715401862799983,1.283085042828469,-0.2209286357933571,DEFINED,a7775965e8bf370b06fce38b
W00,S1_CONDITION,neg_log10_mol_l,STL_FULL,locked_common,MATC_Mortality,92,92,0,0.7795075049739585,1.0008724709070234,0.7679198833170897,DEFINED,a7775965e8bf370b06fce38b
W00,S1_CONDITION,neg_log10_mol_l,STL_FULL,locked_common,MATC_Physiology,3,3,0,0.37508810374647794,0.48094345216704737,-0.03190106032552098,DEFINED,a7775965e8bf370b06fce38b
W00,S1_CONDITION,neg_log10_mol_l,STL_FULL,locked_common,MATC_Population,22,22,0,0.5321718510578983,0.7480892729916975,0.6250570544886125,DEFINED,a7775965e8bf370b06fce38b
W00,S1_CONDITION,neg_log10_mol_l,STL_FULL,locked_common,MATC_Reproduction,37,37,0,0.9814956882706006,1.239915120534308,0.5250812202482072,DEFINED,a7775965e8bf370b06fce38b
W00,S1_CONDITION,neg_log10_mol_l,STL_FULL,locked_common,NOEC_Accumulation,30,30,0,1.1377418866836293,1.5590068680738982,0.47763270773361133,DEFINED,a7775965e8bf370b06fce38b
W00,S1_CONDITION,neg_log10_mol_l,STL_FULL,locked_common,NOEC_Behavior,434,434,0,0.9347857904193912,1.233236163482635,0.46909891959450756,DEFINED,a7775965e8bf370b06fce38b
W00,S1_CONDITION,neg_log10_mol_l,STL_FULL,locked_common,NOEC_Biochemical,1258,1258,0,1.0656361733570394,1.382653818799014,0.4480119929847802,DEFINED,a7775965e8bf370b06fce38b
W00,S1_CONDITION,neg_log10_mol_l,STL_FULL,locked_common,NOEC_Development,593,593,0,1.1073647204776447,1.4587444708502988,0.40430108057692693,DEFINED,a7775965e8bf370b06fce38b
W00,S1_CONDITION,neg_log10_mol_l,STL_FULL,locked_common,NOEC_Feeding,71,71,0,0.9771622730680809,1.2644262105820072,0.6629365542451138,DEFINED,a7775965e8bf370b06fce38b
W00,S1_CONDITION,neg_log10_mol_l,STL_FULL,locked_common,NOEC_GeneticDamage,838,838,0,1.084181594346513,1.42613155014289,0.42667330673519377,DEFINED,a7775965e8bf370b06fce38b
W00,S1_CONDITION,neg_log10_mol_l,STL_FULL,locked_common,NOEC_Growth,1168,1168,0,0.966665157191669,1.2896914577465373,0.4757552494858751,DEFINED,a7775965e8bf370b06fce38b
W00,S1_CONDITION,neg_log10_mol_l,STL_FULL,locked_common,NOEC_Immobilization,275,275,0,1.003413238064996,1.2943386474375917,0.4685244927292658,DEFINED,a7775965e8bf370b06fce38b
W00,S1_CONDITION,neg_log10_mol_l,STL_FULL,locked_common,NOEC_Injury,155,155,0,0.9366854051127967,1.1909392248269022,0.47254037601208376,DEFINED,a7775965e8bf370b06fce38b
W00,S1_CONDITION,neg_log10_mol_l,STL_FULL,locked_common,NOEC_Molting,47,47,0,0.7902864139643789,1.0299243697908795,0.6416560056380305,DEFINED,a7775965e8bf370b06fce38b
W00,S1_CONDITION,neg_log10_mol_l,STL_FULL,locked_common,NOEC_Morphology,281,281,0,1.0164030766398655,1.336750522140297,0.5988614678178348,DEFINED,a7775965e8bf370b06fce38b
W00,S1_CONDITION,neg_log10_mol_l,STL_FULL,locked_common,NOEC_Mortality,1793,1793,0,0.8848600109458216,1.18158858904672,0.6407556825114495,DEFINED,a7775965e8bf370b06fce38b
W00,S1_CONDITION,neg_log10_mol_l,STL_FULL,locked_common,NOEC_Physiology,798,798,0,1.014068129674777,1.3456501769538805,0.45752993732238156,DEFINED,a7775965e8bf370b06fce38b
W00,S1_CONDITION,neg_log10_mol_l,STL_FULL,locked_common,NOEC_Population,1386,1386,0,0.7860614236383768,1.072059501527679,0.6200487568261817,DEFINED,a7775965e8bf370b06fce38b
W00,S1_CONDITION,neg_log10_mol_l,STL_FULL,locked_common,NOEC_Reproduction,620,620,0,0.9791128588462404,1.3044876144278574,0.564544711382585,DEFINED,a7775965e8bf370b06fce38b
W00,S1_CONDITION,neg_log10_mol_l,STL_MOL,full,ACx_Development,60,60,0,1.5291761272862965,1.9286679861802505,-0.07251276872546053,DEFINED,4ffcb8f3776638f2016ed1b3
W00,S1_CONDITION,neg_log10_mol_l,STL_MOL,full,ACx_Growth,1,1,0,0.36034831049446225,0.36034831049446225,,N_LT_2,4ffcb8f3776638f2016ed1b3
W00,S1_CONDITION,neg_log10_mol_l,STL_MOL,full,ACx_Immobilization,32,32,0,1.2173594948390027,1.5743961554175063,0.04583270868195599,DEFINED,4ffcb8f3776638f2016ed1b3
W00,S1_CONDITION,neg_log10_mol_l,STL_MOL,full,ACx_Injury,72,72,0,1.1755578767710593,1.5693091209273913,0.0769523072608197,DEFINED,4ffcb8f3776638f2016ed1b3
W00,S1_CONDITION,neg_log10_mol_l,STL_MOL,full,ACx_Molting,104,104,0,0.4788305810917552,0.7089741049099335,0.29838878106864,DEFINED,4ffcb8f3776638f2016ed1b3
W00,S1_CONDITION,neg_log10_mol_l,STL_MOL,full,ACx_Mortality,59,59,0,1.5342535283785443,1.8745932193378627,-0.04154101022915668,DEFINED,4ffcb8f3776638f2016ed1b3
W00,S1_CONDITION,neg_log10_mol_l,STL_MOL,full,ACx_Physiology,73,73,0,1.1093847183850247,1.4534393131311465,0.10485102370139943,DEFINED,4ffcb8f3776638f2016ed1b3
W00,S1_CONDITION,neg_log10_mol_l,STL_MOL,full,BMCx_Behavior,1,1,0,0.5454369455472801,0.5454369455472801,,N_LT_2,4ffcb8f3776638f2016ed1b3
W00,S1_CONDITION,neg_log10_mol_l,STL_MOL,full,BMCx_Biochemical,2,2,0,0.25226021784386177,0.35334735529763045,-1.039466115919402,DEFINED,4ffcb8f3776638f2016ed1b3
W00,S1_CONDITION,neg_log10_mol_l,STL_MOL,full,BMCx_Development,8,8,0,0.7738545423168838,0.8991103322609943,0.3341880396026776,DEFINED,4ffcb8f3776638f2016ed1b3
W00,S1_CONDITION,neg_log10_mol_l,STL_MOL,full,BMCx_Immobilization,3,3,0,0.659932095541191,0.7231001324821826,-0.47102085666771987,DEFINED,4ffcb8f3776638f2016ed1b3
W00,S1_CONDITION,neg_log10_mol_l,STL_MOL,full,BMCx_Injury,10,10,0,0.4799699045246587,0.5695706201823227,0.13502464767574118,DEFINED,4ffcb8f3776638f2016ed1b3
W00,S1_CONDITION,neg_log10_mol_l,STL_MOL,full,BMCx_Molting,19,19,0,0.5321477651647468,0.6026560282961732,-0.26086704213564604,DEFINED,4ffcb8f3776638f2016ed1b3
W00,S1_CONDITION,neg_log10_mol_l,STL_MOL,full,BMCx_Mortality,8,8,0,0.3330363246717404,0.46590885888003425,0.04010488240758592,DEFINED,4ffcb8f3776638f2016ed1b3
W00,S1_CONDITION,neg_log10_mol_l,STL_MOL,full,BMCx_Physiology,7,7,0,0.5508415942538573,0.5962536729688045,-0.03539452484468497,DEFINED,4ffcb8f3776638f2016ed1b3
W00,S1_CONDITION,neg_log10_mol_l,STL_MOL,full,BMDx_Behavior,34,34,0,2.1695944284385926,3.0089356079222345,-0.005693057320252715,DEFINED,4ffcb8f3776638f2016ed1b3
W00,S1_CONDITION,neg_log10_mol_l,STL_MOL,full,BMDx_Development,48,48,0,1.0133473922373537,1.2411117778493308,-0.009252393712673612,DEFINED,4ffcb8f3776638f2016ed1b3
W00,S1_CONDITION,neg_log10_mol_l,STL_MOL,full,BMDx_Immobilization,8,8,0,0.2140983180282658,0.5080047237853013,-0.020926549695045038,DEFINED,4ffcb8f3776638f2016ed1b3
W00,S1_CONDITION,neg_log10_mol_l,STL_MOL,full,BMDx_Injury,13,13,0,1.5994879877404067,1.7003239416006335,-0.2641420305112565,DEFINED,4ffcb8f3776638f2016ed1b3
W00,S1_CONDITION,neg_log10_mol_l,STL_MOL,full,BMDx_Molting,3,3,0,2.34810534152585,2.444872930522257,-11.887752981272167,DEFINED,4ffcb8f3776638f2016ed1b3
W00,S1_CONDITION,neg_log10_mol_l,STL_MOL,full,BMDx_Morphology,6,6,0,0.7599872033790249,1.0178428983950754,-0.1971924647721477,DEFINED,4ffcb8f3776638f2016ed1b3
W00,S1_CONDITION,neg_log10_mol_l,STL_MOL,full,BMDx_Mortality,17,17,0,2.291519089120088,3.3368739847156816,-0.10571277872147933,DEFINED,4ffcb8f3776638f2016ed1b3
W00,S1_CONDITION,neg_log10_mol_l,STL_MOL,full,BMDx_Physiology,10,10,0,0.9123810753695689,1.1786615310768207,-0.25404185914745137,DEFINED,4ffcb8f3776638f2016ed1b3
W00,S1_CONDITION,neg_log10_mol_l,STL_MOL,full,ECx_Behavior,492,492,0,0.8405957457872733,1.072446187877944,0.743962376778939,DEFINED,4ffcb8f3776638f2016ed1b3
W00,S1_CONDITION,neg_log10_mol_l,STL_MOL,full,ECx_Biochemical,240,240,0,0.9201505931989512,1.2782063242339907,0.65283788828454,DEFINED,4ffcb8f3776638f2016ed1b3
W00,S1_CONDITION,neg_log10_mol_l,STL_MOL,full,ECx_Development,504,504,0,1.0021722606253598,1.3417118418126117,0.6257406770585628,DEFINED,4ffcb8f3776638f2016ed1b3
W00,S1_CONDITION,neg_log10_mol_l,STL_MOL,full,ECx_Feeding,40,40,0,0.7854304503712859,1.043900838464882,0.3888048326002409,DEFINED,4ffcb8f3776638f2016ed1b3
W00,S1_CONDITION,neg_log10_mol_l,STL_MOL,full,ECx_GeneticDamage,47,47,0,1.0625634317050834,1.5199324641705612,0.6720257638781484,DEFINED,4ffcb8f3776638f2016ed1b3
W00,S1_CONDITION,neg_log10_mol_l,STL_MOL,full,ECx_Growth,725,725,0,0.7552513272705961,1.0993634990087937,0.6079385539184099,DEFINED,4ffcb8f3776638f2016ed1b3
W00,S1_CONDITION,neg_log10_mol_l,STL_MOL,full,ECx_Immobilization,1566,1566,0,0.8060293974215232,1.1264118055252659,0.711169009766109,DEFINED,4ffcb8f3776638f2016ed1b3
W00,S1_CONDITION,neg_log10_mol_l,STL_MOL,full,ECx_Injury,65,65,0,0.8672350069481474,1.0928265032985869,0.7004999356748078,DEFINED,4ffcb8f3776638f2016ed1b3
W00,S1_CONDITION,neg_log10_mol_l,STL_MOL,full,ECx_Molting,182,182,0,0.7817058811265207,1.1071465154592248,0.3832963462574076,DEFINED,4ffcb8f3776638f2016ed1b3
W00,S1_CONDITION,neg_log10_mol_l,STL_MOL,full,ECx_Morphology,49,49,0,0.8969560455922805,1.5272014471176014,0.3565360268061013,DEFINED,4ffcb8f3776638f2016ed1b3
W00,S1_CONDITION,neg_log10_mol_l,STL_MOL,full,ECx_Mortality,14822,14822,0,0.8276415286348088,1.1338575699451166,0.6295265110465857,DEFINED,4ffcb8f3776638f2016ed1b3
W00,S1_CONDITION,neg_log10_mol_l,STL_MOL,full,ECx_Physiology,447,447,0,0.9146034213462582,1.2964309719263412,0.5887548375491993,DEFINED,4ffcb8f3776638f2016ed1b3
W00,S1_CONDITION,neg_log10_mol_l,STL_MOL,full,ECx_Population,2104,2104,0,0.7869760970491886,1.0917380374798216,0.5969004846532415,DEFINED,4ffcb8f3776638f2016ed1b3
W00,S1_CONDITION,neg_log10_mol_l,STL_MOL,full,ECx_Reproduction,208,208,0,0.8254508151071778,1.0933946310672993,0.5744910886156096,DEFINED,4ffcb8f3776638f2016ed1b3
W00,S1_CONDITION,neg_log10_mol_l,STL_MOL,full,EDx_Development,5,5,0,1.5718047361949092,1.794007187527483,-4.13598656699752,DEFINED,4ffcb8f3776638f2016ed1b3
W00,S1_CONDITION,neg_log10_mol_l,STL_MOL,full,EDx_Growth,2,2,0,1.968293892793696,1.9938706948784604,-10.852710297802531,DEFINED,4ffcb8f3776638f2016ed1b3
W00,S1_CONDITION,neg_log10_mol_l,STL_MOL,full,EDx_Molting,3,3,0,0.49617864793810895,0.5639678946955169,-0.005874253422150089,DEFINED,4ffcb8f3776638f2016ed1b3
W00,S1_CONDITION,neg_log10_mol_l,STL_MOL,full,EDx_Physiology,2,2,0,0.696438744835397,0.7021155327989174,-33.55492678048693,DEFINED,4ffcb8f3776638f2016ed1b3
W00,S1_CONDITION,neg_log10_mol_l,STL_MOL,full,EDx_Population,2,2,0,0.03100388130277354,0.041042130203527157,-1.3291201069027103,DEFINED,4ffcb8f3776638f2016ed1b3
W00,S1_CONDITION,neg_log10_mol_l,STL_MOL,full,EDx_Reproduction,1,1,0,1.1327572383062439,1.1327572383062439,,N_LT_2,4ffcb8f3776638f2016ed1b3
W00,S1_CONDITION,neg_log10_mol_l,STL_MOL,full,ICx_Behavior,3,3,0,1.6365375290001747,2.1315194639435813,0.0947333881307495,DEFINED,4ffcb8f3776638f2016ed1b3
W00,S1_CONDITION,neg_log10_mol_l,STL_MOL,full,ICx_Biochemical,171,171,0,1.081991976547074,1.4723580265820242,0.18949188154422048,DEFINED,4ffcb8f3776638f2016ed1b3
W00,S1_CONDITION,neg_log10_mol_l,STL_MOL,full,ICx_Development,29,29,0,0.6729097436407898,0.9146525174879674,0.7558176607857987,DEFINED,4ffcb8f3776638f2016ed1b3
W00,S1_CONDITION,neg_log10_mol_l,STL_MOL,full,ICx_Feeding,3,3,0,0.07615754253471667,0.11204825313915802,-3.9308181742736252,DEFINED,4ffcb8f3776638f2016ed1b3
W00,S1_CONDITION,neg_log10_mol_l,STL_MOL,full,ICx_GeneticDamage,5,5,0,1.21409298006227,1.5574941203178274,-2.819856287817371,DEFINED,4ffcb8f3776638f2016ed1b3
W00,S1_CONDITION,neg_log10_mol_l,STL_MOL,full,ICx_Growth,110,110,0,0.627594796046793,0.8458738524783774,0.8118868713839367,DEFINED,4ffcb8f3776638f2016ed1b3
W00,S1_CONDITION,neg_log10_mol_l,STL_MOL,full,ICx_Immobilization,62,62,0,0.47500780133472986,0.6028424255016737,-0.9737969217087308,DEFINED,4ffcb8f3776638f2016ed1b3
W00,S1_CONDITION,neg_log10_mol_l,STL_MOL,full,ICx_Molting,1,1,0,1.1642239107450534,1.1642239107450534,,N_LT_2,4ffcb8f3776638f2016ed1b3
W00,S1_CONDITION,neg_log10_mol_l,STL_MOL,full,ICx_Morphology,2,2,0,0.5451801052204939,0.7189454342996439,-11.463648930783762,DEFINED,4ffcb8f3776638f2016ed1b3
W00,S1_CONDITION,neg_log10_mol_l,STL_MOL,full,ICx_Mortality,23,23,0,0.8373823805609554,1.1556482369775078,0.5894050338153791,DEFINED,4ffcb8f3776638f2016ed1b3
W00,S1_CONDITION,neg_log10_mol_l,STL_MOL,full,ICx_Physiology,164,164,0,0.8523877770871544,1.1554042276739451,0.7205698265197545,DEFINED,4ffcb8f3776638f2016ed1b3
W00,S1_CONDITION,neg_log10_mol_l,STL_MOL,full,ICx_Population,289,289,0,0.855564922270523,1.1690220815929067,0.6485819521702378,DEFINED,4ffcb8f3776638f2016ed1b3
W00,S1_CONDITION,neg_log10_mol_l,STL_MOL,full,ICx_Reproduction,66,66,0,1.235735739731921,1.6458728955420678,0.6829698538379446,DEFINED,4ffcb8f3776638f2016ed1b3
W00,S1_CONDITION,neg_log10_mol_l,STL_MOL,full,LDx_Injury,5,5,0,0.3155782741739623,0.3825373960991119,0.8145473815502099,DEFINED,4ffcb8f3776638f2016ed1b3
W00,S1_CONDITION,neg_log10_mol_l,STL_MOL,full,LDx_Mortality,239,239,0,0.7710148277262809,1.0895856839510332,0.5623031856671594,DEFINED,4ffcb8f3776638f2016ed1b3
W00,S1_CONDITION,neg_log10_mol_l,STL_MOL,full,LDx_Physiology,8,8,0,0.49251219999499185,0.6010357560772359,0.26325927352717904,DEFINED,4ffcb8f3776638f2016ed1b3
W00,S1_CONDITION,neg_log10_mol_l,STL_MOL,full,LDx_Reproduction,1,1,0,0.2583154264541996,0.2583154264541996,,N_LT_2,4ffcb8f3776638f2016ed1b3
W00,S1_CONDITION,neg_log10_mol_l,STL_MOL,full,LOEC_Accumulation,45,45,0,1.4084954661830844,1.749179269748188,0.21287745466046437,DEFINED,4ffcb8f3776638f2016ed1b3
W00,S1_CONDITION,neg_log10_mol_l,STL_MOL,full,LOEC_Behavior,332,332,0,1.0954710657183468,1.4521753595857403,0.350337756872255,DEFINED,4ffcb8f3776638f2016ed1b3
W00,S1_CONDITION,neg_log10_mol_l,STL_MOL,full,LOEC_Biochemical,1314,1314,0,1.1798817343116152,1.5322477064863835,0.35694641732840826,DEFINED,4ffcb8f3776638f2016ed1b3
W00,S1_CONDITION,neg_log10_mol_l,STL_MOL,full,LOEC_Development,422,422,0,1.3158837909966261,1.7858219902524481,0.20891942882930858,DEFINED,4ffcb8f3776638f2016ed1b3
W00,S1_CONDITION,neg_log10_mol_l,STL_MOL,full,LOEC_Feeding,30,30,0,0.5568685873378185,0.6418379550957217,0.15134372140112906,DEFINED,4ffcb8f3776638f2016ed1b3
W00,S1_CONDITION,neg_log10_mol_l,STL_MOL,full,LOEC_GeneticDamage,857,857,0,1.2460337208294923,1.6068233379364405,0.3065893046777096,DEFINED,4ffcb8f3776638f2016ed1b3
W00,S1_CONDITION,neg_log10_mol_l,STL_MOL,full,LOEC_Growth,853,853,0,1.0864071896812026,1.4401271863889922,0.3872829936872365,DEFINED,4ffcb8f3776638f2016ed1b3
W00,S1_CONDITION,neg_log10_mol_l,STL_MOL,full,LOEC_Immobilization,61,61,0,0.8823185304344866,1.223689853798204,0.4391949328587875,DEFINED,4ffcb8f3776638f2016ed1b3
W00,S1_CONDITION,neg_log10_mol_l,STL_MOL,full,LOEC_Injury,113,113,0,1.2310776277480349,1.5681442235399752,0.15347278303534495,DEFINED,4ffcb8f3776638f2016ed1b3
W00,S1_CONDITION,neg_log10_mol_l,STL_MOL,full,LOEC_Molting,24,24,0,1.1280295348694904,1.456875851392875,0.40153640300509996,DEFINED,4ffcb8f3776638f2016ed1b3
W00,S1_CONDITION,neg_log10_mol_l,STL_MOL,full,LOEC_Morphology,168,168,0,1.0701674134598431,1.3713891810900085,0.4711727816653435,DEFINED,4ffcb8f3776638f2016ed1b3
W00,S1_CONDITION,neg_log10_mol_l,STL_MOL,full,LOEC_Mortality,831,831,0,1.0204733191626971,1.3544464455337835,0.5682958561863101,DEFINED,4ffcb8f3776638f2016ed1b3
W00,S1_CONDITION,neg_log10_mol_l,STL_MOL,full,LOEC_Physiology,721,721,0,1.272024174781041,1.6316085339344177,0.36279818744513503,DEFINED,4ffcb8f3776638f2016ed1b3
W00,S1_CONDITION,neg_log10_mol_l,STL_MOL,full,LOEC_Population,936,936,0,0.9169717688142794,1.2125570955736473,0.6212417096678002,DEFINED,4ffcb8f3776638f2016ed1b3
W00,S1_CONDITION,neg_log10_mol_l,STL_MOL,full,LOEC_Reproduction,495,495,0,1.0837373308036393,1.415944836735836,0.4810759918504973,DEFINED,4ffcb8f3776638f2016ed1b3
W00,S1_CONDITION,neg_log10_mol_l,STL_MOL,full,MATC_Behavior,2,2,0,0.5183145997639276,0.5884138722578295,-1.639510978795593,DEFINED,4ffcb8f3776638f2016ed1b3
W00,S1_CONDITION,neg_log10_mol_l,STL_MOL,full,MATC_Biochemical,6,6,0,1.5874588922489148,1.6649504892940363,-9.31791876340224,DEFINED,4ffcb8f3776638f2016ed1b3
W00,S1_CONDITION,neg_log10_mol_l,STL_MOL,full,MATC_Development,17,17,0,0.63139394780285,0.8031591981560741,0.24765485457256609,DEFINED,4ffcb8f3776638f2016ed1b3
W00,S1_CONDITION,neg_log10_mol_l,STL_MOL,full,MATC_Growth,56,56,0,1.1107107424676816,1.421751961201509,0.6158267383780154,DEFINED,4ffcb8f3776638f2016ed1b3
W00,S1_CONDITION,neg_log10_mol_l,STL_MOL,full,MATC_Immobilization,3,3,0,0.2252075030345987,0.2395918445390618,-3.7206554442510935,DEFINED,4ffcb8f3776638f2016ed1b3
W00,S1_CONDITION,neg_log10_mol_l,STL_MOL,full,MATC_Molting,7,7,0,1.1298501655434199,1.3041773330369808,-0.26139960511456617,DEFINED,4ffcb8f3776638f2016ed1b3
W00,S1_CONDITION,neg_log10_mol_l,STL_MOL,full,MATC_Mortality,92,92,0,0.8342864838862158,1.0921638113128367,0.7236522008103083,DEFINED,4ffcb8f3776638f2016ed1b3
W00,S1_CONDITION,neg_log10_mol_l,STL_MOL,full,MATC_Physiology,3,3,0,0.45179131028740116,0.4851502578872227,-0.05003205942282429,DEFINED,4ffcb8f3776638f2016ed1b3
W00,S1_CONDITION,neg_log10_mol_l,STL_MOL,full,MATC_Population,22,22,0,0.6973746141112701,0.9398736445376572,0.4081695921621683,DEFINED,4ffcb8f3776638f2016ed1b3
W00,S1_CONDITION,neg_log10_mol_l,STL_MOL,full,MATC_Reproduction,37,37,0,1.0988231309484648,1.4117654858864566,0.3843121951072045,DEFINED,4ffcb8f3776638f2016ed1b3
W00,S1_CONDITION,neg_log10_mol_l,STL_MOL,full,NOEC_Accumulation,30,30,0,1.4410290324150794,1.6852853918772055,0.38958270254135074,DEFINED,4ffcb8f3776638f2016ed1b3
W00,S1_CONDITION,neg_log10_mol_l,STL_MOL,full,NOEC_Behavior,434,434,0,1.131616829643612,1.474682677448639,0.2408663134215303,DEFINED,4ffcb8f3776638f2016ed1b3
W00,S1_CONDITION,neg_log10_mol_l,STL_MOL,full,NOEC_Biochemical,1258,1258,0,1.2253274555456581,1.5760065267019698,0.2828355548581054,DEFINED,4ffcb8f3776638f2016ed1b3
W00,S1_CONDITION,neg_log10_mol_l,STL_MOL,full,NOEC_Development,593,593,0,1.2577963802039822,1.6218761892755453,0.2636169855731676,DEFINED,4ffcb8f3776638f2016ed1b3
W00,S1_CONDITION,neg_log10_mol_l,STL_MOL,full,NOEC_Feeding,71,71,0,1.2959293688873037,1.6795564761980801,0.4052781424459736,DEFINED,4ffcb8f3776638f2016ed1b3
W00,S1_CONDITION,neg_log10_mol_l,STL_MOL,full,NOEC_GeneticDamage,838,838,0,1.176621712091368,1.538024254435868,0.3331788667399943,DEFINED,4ffcb8f3776638f2016ed1b3
W00,S1_CONDITION,neg_log10_mol_l,STL_MOL,full,NOEC_Growth,1168,1168,0,1.0796723541149806,1.4151935368776611,0.36876057321602185,DEFINED,4ffcb8f3776638f2016ed1b3
W00,S1_CONDITION,neg_log10_mol_l,STL_MOL,full,NOEC_Immobilization,275,275,0,1.0125104253914043,1.3097785401625872,0.45576914742956176,DEFINED,4ffcb8f3776638f2016ed1b3
W00,S1_CONDITION,neg_log10_mol_l,STL_MOL,full,NOEC_Injury,155,155,0,1.0405609070070032,1.3427808343507988,0.3294667940167614,DEFINED,4ffcb8f3776638f2016ed1b3
W00,S1_CONDITION,neg_log10_mol_l,STL_MOL,full,NOEC_Molting,47,47,0,0.836481003907806,1.0807797869107882,0.605393814086689,DEFINED,4ffcb8f3776638f2016ed1b3
W00,S1_CONDITION,neg_log10_mol_l,STL_MOL,full,NOEC_Morphology,281,281,0,1.0779530031180695,1.405070319452969,0.5568101801728251,DEFINED,4ffcb8f3776638f2016ed1b3
W00,S1_CONDITION,neg_log10_mol_l,STL_MOL,full,NOEC_Mortality,1793,1793,0,1.057414437763046,1.4148821091873234,0.48489253835542334,DEFINED,4ffcb8f3776638f2016ed1b3
W00,S1_CONDITION,neg_log10_mol_l,STL_MOL,full,NOEC_Physiology,798,798,0,1.2361151349946904,1.5752478046308476,0.2566228696127203,DEFINED,4ffcb8f3776638f2016ed1b3
W00,S1_CONDITION,neg_log10_mol_l,STL_MOL,full,NOEC_Population,1386,1386,0,0.9049844660874581,1.2492034053941168,0.4841108331480164,DEFINED,4ffcb8f3776638f2016ed1b3
W00,S1_CONDITION,neg_log10_mol_l,STL_MOL,full,NOEC_Reproduction,620,620,0,1.1129071712553285,1.5471267376708877,0.38748682755781905,DEFINED,4ffcb8f3776638f2016ed1b3
W00,S1_CONDITION,neg_log10_mol_l,STL_MOL,locked_common,ACx_Development,60,60,0,1.5291761272862965,1.9286679861802505,-0.07251276872546053,DEFINED,4ffcb8f3776638f2016ed1b3
W00,S1_CONDITION,neg_log10_mol_l,STL_MOL,locked_common,ACx_Growth,1,1,0,0.36034831049446225,0.36034831049446225,,N_LT_2,4ffcb8f3776638f2016ed1b3
W00,S1_CONDITION,neg_log10_mol_l,STL_MOL,locked_common,ACx_Immobilization,32,32,0,1.2173594948390027,1.5743961554175063,0.04583270868195599,DEFINED,4ffcb8f3776638f2016ed1b3
W00,S1_CONDITION,neg_log10_mol_l,STL_MOL,locked_common,ACx_Injury,72,72,0,1.1755578767710593,1.5693091209273913,0.0769523072608197,DEFINED,4ffcb8f3776638f2016ed1b3
W00,S1_CONDITION,neg_log10_mol_l,STL_MOL,locked_common,ACx_Molting,104,104,0,0.4788305810917552,0.7089741049099335,0.29838878106864,DEFINED,4ffcb8f3776638f2016ed1b3
W00,S1_CONDITION,neg_log10_mol_l,STL_MOL,locked_common,ACx_Mortality,59,59,0,1.5342535283785443,1.8745932193378627,-0.04154101022915668,DEFINED,4ffcb8f3776638f2016ed1b3
W00,S1_CONDITION,neg_log10_mol_l,STL_MOL,locked_common,ACx_Physiology,73,73,0,1.1093847183850247,1.4534393131311465,0.10485102370139943,DEFINED,4ffcb8f3776638f2016ed1b3
W00,S1_CONDITION,neg_log10_mol_l,STL_MOL,locked_common,BMCx_Behavior,1,1,0,0.5454369455472801,0.5454369455472801,,N_LT_2,4ffcb8f3776638f2016ed1b3
W00,S1_CONDITION,neg_log10_mol_l,STL_MOL,locked_common,BMCx_Biochemical,2,2,0,0.25226021784386177,0.35334735529763045,-1.039466115919402,DEFINED,4ffcb8f3776638f2016ed1b3
W00,S1_CONDITION,neg_log10_mol_l,STL_MOL,locked_common,BMCx_Development,8,8,0,0.7738545423168838,0.8991103322609943,0.3341880396026776,DEFINED,4ffcb8f3776638f2016ed1b3
W00,S1_CONDITION,neg_log10_mol_l,STL_MOL,locked_common,BMCx_Immobilization,3,3,0,0.659932095541191,0.7231001324821826,-0.47102085666771987,DEFINED,4ffcb8f3776638f2016ed1b3
W00,S1_CONDITION,neg_log10_mol_l,STL_MOL,locked_common,BMCx_Injury,10,10,0,0.4799699045246587,0.5695706201823227,0.13502464767574118,DEFINED,4ffcb8f3776638f2016ed1b3
W00,S1_CONDITION,neg_log10_mol_l,STL_MOL,locked_common,BMCx_Molting,19,19,0,0.5321477651647468,0.6026560282961732,-0.26086704213564604,DEFINED,4ffcb8f3776638f2016ed1b3
W00,S1_CONDITION,neg_log10_mol_l,STL_MOL,locked_common,BMCx_Mortality,8,8,0,0.3330363246717404,0.46590885888003425,0.04010488240758592,DEFINED,4ffcb8f3776638f2016ed1b3
W00,S1_CONDITION,neg_log10_mol_l,STL_MOL,locked_common,BMCx_Physiology,7,7,0,0.5508415942538573,0.5962536729688045,-0.03539452484468497,DEFINED,4ffcb8f3776638f2016ed1b3
W00,S1_CONDITION,neg_log10_mol_l,STL_MOL,locked_common,BMDx_Behavior,34,34,0,2.1695944284385926,3.0089356079222345,-0.005693057320252715,DEFINED,4ffcb8f3776638f2016ed1b3
W00,S1_CONDITION,neg_log10_mol_l,STL_MOL,locked_common,BMDx_Development,48,48,0,1.0133473922373537,1.2411117778493308,-0.009252393712673612,DEFINED,4ffcb8f3776638f2016ed1b3
W00,S1_CONDITION,neg_log10_mol_l,STL_MOL,locked_common,BMDx_Immobilization,8,8,0,0.2140983180282658,0.5080047237853013,-0.020926549695045038,DEFINED,4ffcb8f3776638f2016ed1b3
W00,S1_CONDITION,neg_log10_mol_l,STL_MOL,locked_common,BMDx_Injury,13,13,0,1.5994879877404067,1.7003239416006335,-0.2641420305112565,DEFINED,4ffcb8f3776638f2016ed1b3
W00,S1_CONDITION,neg_log10_mol_l,STL_MOL,locked_common,BMDx_Molting,3,3,0,2.34810534152585,2.444872930522257,-11.887752981272167,DEFINED,4ffcb8f3776638f2016ed1b3
W00,S1_CONDITION,neg_log10_mol_l,STL_MOL,locked_common,BMDx_Morphology,6,6,0,0.7599872033790249,1.0178428983950754,-0.1971924647721477,DEFINED,4ffcb8f3776638f2016ed1b3
W00,S1_CONDITION,neg_log10_mol_l,STL_MOL,locked_common,BMDx_Mortality,17,17,0,2.291519089120088,3.3368739847156816,-0.10571277872147933,DEFINED,4ffcb8f3776638f2016ed1b3
W00,S1_CONDITION,neg_log10_mol_l,STL_MOL,locked_common,BMDx_Physiology,10,10,0,0.9123810753695689,1.1786615310768207,-0.25404185914745137,DEFINED,4ffcb8f3776638f2016ed1b3
W00,S1_CONDITION,neg_log10_mol_l,STL_MOL,locked_common,ECx_Behavior,492,492,0,0.8405957457872733,1.072446187877944,0.743962376778939,DEFINED,4ffcb8f3776638f2016ed1b3
W00,S1_CONDITION,neg_log10_mol_l,STL_MOL,locked_common,ECx_Biochemical,240,240,0,0.9201505931989512,1.2782063242339907,0.65283788828454,DEFINED,4ffcb8f3776638f2016ed1b3
W00,S1_CONDITION,neg_log10_mol_l,STL_MOL,locked_common,ECx_Development,504,504,0,1.0021722606253598,1.3417118418126117,0.6257406770585628,DEFINED,4ffcb8f3776638f2016ed1b3
W00,S1_CONDITION,neg_log10_mol_l,STL_MOL,locked_common,ECx_Feeding,40,40,0,0.7854304503712859,1.043900838464882,0.3888048326002409,DEFINED,4ffcb8f3776638f2016ed1b3
W00,S1_CONDITION,neg_log10_mol_l,STL_MOL,locked_common,ECx_GeneticDamage,47,47,0,1.0625634317050834,1.5199324641705612,0.6720257638781484,DEFINED,4ffcb8f3776638f2016ed1b3
W00,S1_CONDITION,neg_log10_mol_l,STL_MOL,locked_common,ECx_Growth,725,725,0,0.7552513272705961,1.0993634990087937,0.6079385539184099,DEFINED,4ffcb8f3776638f2016ed1b3
W00,S1_CONDITION,neg_log10_mol_l,STL_MOL,locked_common,ECx_Immobilization,1566,1566,0,0.8060293974215232,1.1264118055252659,0.711169009766109,DEFINED,4ffcb8f3776638f2016ed1b3
W00,S1_CONDITION,neg_log10_mol_l,STL_MOL,locked_common,ECx_Injury,65,65,0,0.8672350069481474,1.0928265032985869,0.7004999356748078,DEFINED,4ffcb8f3776638f2016ed1b3
W00,S1_CONDITION,neg_log10_mol_l,STL_MOL,locked_common,ECx_Molting,182,182,0,0.7817058811265207,1.1071465154592248,0.3832963462574076,DEFINED,4ffcb8f3776638f2016ed1b3
W00,S1_CONDITION,neg_log10_mol_l,STL_MOL,locked_common,ECx_Morphology,49,49,0,0.8969560455922805,1.5272014471176014,0.3565360268061013,DEFINED,4ffcb8f3776638f2016ed1b3
W00,S1_CONDITION,neg_log10_mol_l,STL_MOL,locked_common,ECx_Mortality,14822,14822,0,0.8276415286348088,1.1338575699451166,0.6295265110465857,DEFINED,4ffcb8f3776638f2016ed1b3
W00,S1_CONDITION,neg_log10_mol_l,STL_MOL,locked_common,ECx_Physiology,447,447,0,0.9146034213462582,1.2964309719263412,0.5887548375491993,DEFINED,4ffcb8f3776638f2016ed1b3
W00,S1_CONDITION,neg_log10_mol_l,STL_MOL,locked_common,ECx_Population,2104,2104,0,0.7869760970491886,1.0917380374798216,0.5969004846532415,DEFINED,4ffcb8f3776638f2016ed1b3
W00,S1_CONDITION,neg_log10_mol_l,STL_MOL,locked_common,ECx_Reproduction,208,208,0,0.8254508151071778,1.0933946310672993,0.5744910886156096,DEFINED,4ffcb8f3776638f2016ed1b3
W00,S1_CONDITION,neg_log10_mol_l,STL_MOL,locked_common,EDx_Development,5,5,0,1.5718047361949092,1.794007187527483,-4.13598656699752,DEFINED,4ffcb8f3776638f2016ed1b3
W00,S1_CONDITION,neg_log10_mol_l,STL_MOL,locked_common,EDx_Growth,2,2,0,1.968293892793696,1.9938706948784604,-10.852710297802531,DEFINED,4ffcb8f3776638f2016ed1b3
W00,S1_CONDITION,neg_log10_mol_l,STL_MOL,locked_common,EDx_Molting,3,3,0,0.49617864793810895,0.5639678946955169,-0.005874253422150089,DEFINED,4ffcb8f3776638f2016ed1b3
W00,S1_CONDITION,neg_log10_mol_l,STL_MOL,locked_common,EDx_Physiology,2,2,0,0.696438744835397,0.7021155327989174,-33.55492678048693,DEFINED,4ffcb8f3776638f2016ed1b3
W00,S1_CONDITION,neg_log10_mol_l,STL_MOL,locked_common,EDx_Population,2,2,0,0.03100388130277354,0.041042130203527157,-1.3291201069027103,DEFINED,4ffcb8f3776638f2016ed1b3
W00,S1_CONDITION,neg_log10_mol_l,STL_MOL,locked_common,EDx_Reproduction,1,1,0,1.1327572383062439,1.1327572383062439,,N_LT_2,4ffcb8f3776638f2016ed1b3
W00,S1_CONDITION,neg_log10_mol_l,STL_MOL,locked_common,ICx_Behavior,3,3,0,1.6365375290001747,2.1315194639435813,0.0947333881307495,DEFINED,4ffcb8f3776638f2016ed1b3
W00,S1_CONDITION,neg_log10_mol_l,STL_MOL,locked_common,ICx_Biochemical,171,171,0,1.081991976547074,1.4723580265820242,0.18949188154422048,DEFINED,4ffcb8f3776638f2016ed1b3
W00,S1_CONDITION,neg_log10_mol_l,STL_MOL,locked_common,ICx_Development,29,29,0,0.6729097436407898,0.9146525174879674,0.7558176607857987,DEFINED,4ffcb8f3776638f2016ed1b3
W00,S1_CONDITION,neg_log10_mol_l,STL_MOL,locked_common,ICx_Feeding,3,3,0,0.07615754253471667,0.11204825313915802,-3.9308181742736252,DEFINED,4ffcb8f3776638f2016ed1b3
W00,S1_CONDITION,neg_log10_mol_l,STL_MOL,locked_common,ICx_GeneticDamage,5,5,0,1.21409298006227,1.5574941203178274,-2.819856287817371,DEFINED,4ffcb8f3776638f2016ed1b3
W00,S1_CONDITION,neg_log10_mol_l,STL_MOL,locked_common,ICx_Growth,110,110,0,0.627594796046793,0.8458738524783774,0.8118868713839367,DEFINED,4ffcb8f3776638f2016ed1b3
W00,S1_CONDITION,neg_log10_mol_l,STL_MOL,locked_common,ICx_Immobilization,62,62,0,0.47500780133472986,0.6028424255016737,-0.9737969217087308,DEFINED,4ffcb8f3776638f2016ed1b3
W00,S1_CONDITION,neg_log10_mol_l,STL_MOL,locked_common,ICx_Morphology,2,2,0,0.5451801052204939,0.7189454342996439,-11.463648930783762,DEFINED,4ffcb8f3776638f2016ed1b3
W00,S1_CONDITION,neg_log10_mol_l,STL_MOL,locked_common,ICx_Mortality,23,23,0,0.8373823805609554,1.1556482369775078,0.5894050338153791,DEFINED,4ffcb8f3776638f2016ed1b3
W00,S1_CONDITION,neg_log10_mol_l,STL_MOL,locked_common,ICx_Physiology,164,164,0,0.8523877770871544,1.1554042276739451,0.7205698265197545,DEFINED,4ffcb8f3776638f2016ed1b3
W00,S1_CONDITION,neg_log10_mol_l,STL_MOL,locked_common,ICx_Population,289,289,0,0.855564922270523,1.1690220815929067,0.6485819521702378,DEFINED,4ffcb8f3776638f2016ed1b3
W00,S1_CONDITION,neg_log10_mol_l,STL_MOL,locked_common,ICx_Reproduction,66,66,0,1.235735739731921,1.6458728955420678,0.6829698538379446,DEFINED,4ffcb8f3776638f2016ed1b3
W00,S1_CONDITION,neg_log10_mol_l,STL_MOL,locked_common,LDx_Injury,5,5,0,0.3155782741739623,0.3825373960991119,0.8145473815502099,DEFINED,4ffcb8f3776638f2016ed1b3
W00,S1_CONDITION,neg_log10_mol_l,STL_MOL,locked_common,LDx_Mortality,239,239,0,0.7710148277262809,1.0895856839510332,0.5623031856671594,DEFINED,4ffcb8f3776638f2016ed1b3
W00,S1_CONDITION,neg_log10_mol_l,STL_MOL,locked_common,LDx_Physiology,8,8,0,0.49251219999499185,0.6010357560772359,0.26325927352717904,DEFINED,4ffcb8f3776638f2016ed1b3
W00,S1_CONDITION,neg_log10_mol_l,STL_MOL,locked_common,LDx_Reproduction,1,1,0,0.2583154264541996,0.2583154264541996,,N_LT_2,4ffcb8f3776638f2016ed1b3
W00,S1_CONDITION,neg_log10_mol_l,STL_MOL,locked_common,LOEC_Accumulation,45,45,0,1.4084954661830844,1.749179269748188,0.21287745466046437,DEFINED,4ffcb8f3776638f2016ed1b3
W00,S1_CONDITION,neg_log10_mol_l,STL_MOL,locked_common,LOEC_Behavior,332,332,0,1.0954710657183468,1.4521753595857403,0.350337756872255,DEFINED,4ffcb8f3776638f2016ed1b3
W00,S1_CONDITION,neg_log10_mol_l,STL_MOL,locked_common,LOEC_Biochemical,1314,1314,0,1.1798817343116152,1.5322477064863835,0.35694641732840826,DEFINED,4ffcb8f3776638f2016ed1b3
W00,S1_CONDITION,neg_log10_mol_l,STL_MOL,locked_common,LOEC_Development,422,422,0,1.3158837909966261,1.7858219902524481,0.20891942882930858,DEFINED,4ffcb8f3776638f2016ed1b3
W00,S1_CONDITION,neg_log10_mol_l,STL_MOL,locked_common,LOEC_Feeding,30,30,0,0.5568685873378185,0.6418379550957217,0.15134372140112906,DEFINED,4ffcb8f3776638f2016ed1b3
W00,S1_CONDITION,neg_log10_mol_l,STL_MOL,locked_common,LOEC_GeneticDamage,857,857,0,1.2460337208294923,1.6068233379364405,0.3065893046777096,DEFINED,4ffcb8f3776638f2016ed1b3
W00,S1_CONDITION,neg_log10_mol_l,STL_MOL,locked_common,LOEC_Growth,853,853,0,1.0864071896812026,1.4401271863889922,0.3872829936872365,DEFINED,4ffcb8f3776638f2016ed1b3
W00,S1_CONDITION,neg_log10_mol_l,STL_MOL,locked_common,LOEC_Immobilization,61,61,0,0.8823185304344866,1.223689853798204,0.4391949328587875,DEFINED,4ffcb8f3776638f2016ed1b3
W00,S1_CONDITION,neg_log10_mol_l,STL_MOL,locked_common,LOEC_Injury,113,113,0,1.2310776277480349,1.5681442235399752,0.15347278303534495,DEFINED,4ffcb8f3776638f2016ed1b3
W00,S1_CONDITION,neg_log10_mol_l,STL_MOL,locked_common,LOEC_Molting,24,24,0,1.1280295348694904,1.456875851392875,0.40153640300509996,DEFINED,4ffcb8f3776638f2016ed1b3
W00,S1_CONDITION,neg_log10_mol_l,STL_MOL,locked_common,LOEC_Morphology,168,168,0,1.0701674134598431,1.3713891810900085,0.4711727816653435,DEFINED,4ffcb8f3776638f2016ed1b3
W00,S1_CONDITION,neg_log10_mol_l,STL_MOL,locked_common,LOEC_Mortality,831,831,0,1.0204733191626971,1.3544464455337835,0.5682958561863101,DEFINED,4ffcb8f3776638f2016ed1b3
W00,S1_CONDITION,neg_log10_mol_l,STL_MOL,locked_common,LOEC_Physiology,721,721,0,1.272024174781041,1.6316085339344177,0.36279818744513503,DEFINED,4ffcb8f3776638f2016ed1b3
W00,S1_CONDITION,neg_log10_mol_l,STL_MOL,locked_common,LOEC_Population,936,936,0,0.9169717688142794,1.2125570955736473,0.6212417096678002,DEFINED,4ffcb8f3776638f2016ed1b3
W00,S1_CONDITION,neg_log10_mol_l,STL_MOL,locked_common,LOEC_Reproduction,495,495,0,1.0837373308036393,1.415944836735836,0.4810759918504973,DEFINED,4ffcb8f3776638f2016ed1b3
W00,S1_CONDITION,neg_log10_mol_l,STL_MOL,locked_common,MATC_Behavior,2,2,0,0.5183145997639276,0.5884138722578295,-1.639510978795593,DEFINED,4ffcb8f3776638f2016ed1b3
W00,S1_CONDITION,neg_log10_mol_l,STL_MOL,locked_common,MATC_Biochemical,6,6,0,1.5874588922489148,1.6649504892940363,-9.31791876340224,DEFINED,4ffcb8f3776638f2016ed1b3
W00,S1_CONDITION,neg_log10_mol_l,STL_MOL,locked_common,MATC_Development,17,17,0,0.63139394780285,0.8031591981560741,0.24765485457256609,DEFINED,4ffcb8f3776638f2016ed1b3
W00,S1_CONDITION,neg_log10_mol_l,STL_MOL,locked_common,MATC_Growth,56,56,0,1.1107107424676816,1.421751961201509,0.6158267383780154,DEFINED,4ffcb8f3776638f2016ed1b3
W00,S1_CONDITION,neg_log10_mol_l,STL_MOL,locked_common,MATC_Immobilization,3,3,0,0.2252075030345987,0.2395918445390618,-3.7206554442510935,DEFINED,4ffcb8f3776638f2016ed1b3
W00,S1_CONDITION,neg_log10_mol_l,STL_MOL,locked_common,MATC_Molting,7,7,0,1.1298501655434199,1.3041773330369808,-0.26139960511456617,DEFINED,4ffcb8f3776638f2016ed1b3
W00,S1_CONDITION,neg_log10_mol_l,STL_MOL,locked_common,MATC_Mortality,92,92,0,0.8342864838862158,1.0921638113128367,0.7236522008103083,DEFINED,4ffcb8f3776638f2016ed1b3
W00,S1_CONDITION,neg_log10_mol_l,STL_MOL,locked_common,MATC_Physiology,3,3,0,0.45179131028740116,0.4851502578872227,-0.05003205942282429,DEFINED,4ffcb8f3776638f2016ed1b3
W00,S1_CONDITION,neg_log10_mol_l,STL_MOL,locked_common,MATC_Population,22,22,0,0.6973746141112701,0.9398736445376572,0.4081695921621683,DEFINED,4ffcb8f3776638f2016ed1b3
W00,S1_CONDITION,neg_log10_mol_l,STL_MOL,locked_common,MATC_Reproduction,37,37,0,1.0988231309484648,1.4117654858864566,0.3843121951072045,DEFINED,4ffcb8f3776638f2016ed1b3
W00,S1_CONDITION,neg_log10_mol_l,STL_MOL,locked_common,NOEC_Accumulation,30,30,0,1.4410290324150794,1.6852853918772055,0.38958270254135074,DEFINED,4ffcb8f3776638f2016ed1b3
W00,S1_CONDITION,neg_log10_mol_l,STL_MOL,locked_common,NOEC_Behavior,434,434,0,1.131616829643612,1.474682677448639,0.2408663134215303,DEFINED,4ffcb8f3776638f2016ed1b3
W00,S1_CONDITION,neg_log10_mol_l,STL_MOL,locked_common,NOEC_Biochemical,1258,1258,0,1.2253274555456581,1.5760065267019698,0.2828355548581054,DEFINED,4ffcb8f3776638f2016ed1b3
W00,S1_CONDITION,neg_log10_mol_l,STL_MOL,locked_common,NOEC_Development,593,593,0,1.2577963802039822,1.6218761892755453,0.2636169855731676,DEFINED,4ffcb8f3776638f2016ed1b3
W00,S1_CONDITION,neg_log10_mol_l,STL_MOL,locked_common,NOEC_Feeding,71,71,0,1.2959293688873037,1.6795564761980801,0.4052781424459736,DEFINED,4ffcb8f3776638f2016ed1b3
W00,S1_CONDITION,neg_log10_mol_l,STL_MOL,locked_common,NOEC_GeneticDamage,838,838,0,1.176621712091368,1.538024254435868,0.3331788667399943,DEFINED,4ffcb8f3776638f2016ed1b3
W00,S1_CONDITION,neg_log10_mol_l,STL_MOL,locked_common,NOEC_Growth,1168,1168,0,1.0796723541149806,1.4151935368776611,0.36876057321602185,DEFINED,4ffcb8f3776638f2016ed1b3
W00,S1_CONDITION,neg_log10_mol_l,STL_MOL,locked_common,NOEC_Immobilization,275,275,0,1.0125104253914043,1.3097785401625872,0.45576914742956176,DEFINED,4ffcb8f3776638f2016ed1b3
W00,S1_CONDITION,neg_log10_mol_l,STL_MOL,locked_common,NOEC_Injury,155,155,0,1.0405609070070032,1.3427808343507988,0.3294667940167614,DEFINED,4ffcb8f3776638f2016ed1b3
W00,S1_CONDITION,neg_log10_mol_l,STL_MOL,locked_common,NOEC_Molting,47,47,0,0.836481003907806,1.0807797869107882,0.605393814086689,DEFINED,4ffcb8f3776638f2016ed1b3
W00,S1_CONDITION,neg_log10_mol_l,STL_MOL,locked_common,NOEC_Morphology,281,281,0,1.0779530031180695,1.405070319452969,0.5568101801728251,DEFINED,4ffcb8f3776638f2016ed1b3
W00,S1_CONDITION,neg_log10_mol_l,STL_MOL,locked_common,NOEC_Mortality,1793,1793,0,1.057414437763046,1.4148821091873234,0.48489253835542334,DEFINED,4ffcb8f3776638f2016ed1b3
W00,S1_CONDITION,neg_log10_mol_l,STL_MOL,locked_common,NOEC_Physiology,798,798,0,1.2361151349946904,1.5752478046308476,0.2566228696127203,DEFINED,4ffcb8f3776638f2016ed1b3
W00,S1_CONDITION,neg_log10_mol_l,STL_MOL,locked_common,NOEC_Population,1386,1386,0,0.9049844660874581,1.2492034053941168,0.4841108331480164,DEFINED,4ffcb8f3776638f2016ed1b3
W00,S1_CONDITION,neg_log10_mol_l,STL_MOL,locked_common,NOEC_Reproduction,620,620,0,1.1129071712553285,1.5471267376708877,0.38748682755781905,DEFINED,4ffcb8f3776638f2016ed1b3
W00,S2_COMBINATION,neg_log10_mol_l,MTL_FULL,full,ACx_Development,60,60,0,1.4684922251465793,1.8493708496012504,-0.07533708006047579,DEFINED,7ebf182c593bba5274172010
W00,S2_COMBINATION,neg_log10_mol_l,MTL_FULL,full,ACx_Growth,1,1,0,0.19919354023349278,0.19919354023349278,,N_LT_2,7ebf182c593bba5274172010
W00,S2_COMBINATION,neg_log10_mol_l,MTL_FULL,full,ACx_Immobilization,32,32,0,2.4001853601911654,2.8501896265010123,-1.3458179349798618,DEFINED,7ebf182c593bba5274172010
W00,S2_COMBINATION,neg_log10_mol_l,MTL_FULL,full,ACx_Injury,72,72,0,1.480632967023142,1.8256254803275629,-0.27443521138931737,DEFINED,7ebf182c593bba5274172010
W00,S2_COMBINATION,neg_log10_mol_l,MTL_FULL,full,ACx_Molting,104,104,0,0.6050559431091741,0.7801479705535616,-0.37260741593136903,DEFINED,7ebf182c593bba5274172010
W00,S2_COMBINATION,neg_log10_mol_l,MTL_FULL,full,ACx_Mortality,59,59,0,1.2866936212281643,1.6232333944583202,0.21745522971854336,DEFINED,7ebf182c593bba5274172010
W00,S2_COMBINATION,neg_log10_mol_l,MTL_FULL,full,ACx_Physiology,73,73,0,1.4530549535082387,1.7717205692193472,-0.0032591671625772367,DEFINED,7ebf182c593bba5274172010
W00,S2_COMBINATION,neg_log10_mol_l,MTL_FULL,full,BMCx_Biochemical,2,2,0,1.9693864018109233,1.9706915733730181,-754.2050751713026,DEFINED,7ebf182c593bba5274172010
W00,S2_COMBINATION,neg_log10_mol_l,MTL_FULL,full,BMCx_Development,8,8,0,0.33864428827789983,0.4098046079627642,0.22044869709285697,DEFINED,7ebf182c593bba5274172010
W00,S2_COMBINATION,neg_log10_mol_l,MTL_FULL,full,BMCx_Immobilization,3,3,0,0.4947792600787813,0.5589777898031669,-1.4723068517106426,DEFINED,7ebf182c593bba5274172010
W00,S2_COMBINATION,neg_log10_mol_l,MTL_FULL,full,BMCx_Injury,10,10,0,0.49805520038528606,0.5419367783989095,0.2904486572470628,DEFINED,7ebf182c593bba5274172010
W00,S2_COMBINATION,neg_log10_mol_l,MTL_FULL,full,BMCx_Molting,19,19,0,0.4111403625702307,0.5204574535509194,-1.2219925131998144,DEFINED,7ebf182c593bba5274172010
W00,S2_COMBINATION,neg_log10_mol_l,MTL_FULL,full,BMCx_Mortality,8,8,0,0.446093079738761,0.5562787714400749,-0.7955031019980463,DEFINED,7ebf182c593bba5274172010
W00,S2_COMBINATION,neg_log10_mol_l,MTL_FULL,full,BMCx_Physiology,7,7,0,0.5730653678970228,0.6816719159381017,0.2876343198353992,DEFINED,7ebf182c593bba5274172010
W00,S2_COMBINATION,neg_log10_mol_l,MTL_FULL,full,BMDx_Behavior,34,34,0,1.3862176183303019,1.8125668285817254,0.09228056847612665,DEFINED,7ebf182c593bba5274172010
W00,S2_COMBINATION,neg_log10_mol_l,MTL_FULL,full,BMDx_Development,48,48,0,1.1936059469983393,1.3664547373951614,-0.22576720491062097,DEFINED,7ebf182c593bba5274172010
W00,S2_COMBINATION,neg_log10_mol_l,MTL_FULL,full,BMDx_Immobilization,8,8,0,0.24941590867911598,0.28114108909937363,,CONSTANT_TARGET,7ebf182c593bba5274172010
W00,S2_COMBINATION,neg_log10_mol_l,MTL_FULL,full,BMDx_Injury,13,13,0,1.6404154089909257,1.8077107619945125,-0.3495065952912648,DEFINED,7ebf182c593bba5274172010
W00,S2_COMBINATION,neg_log10_mol_l,MTL_FULL,full,BMDx_Molting,3,3,0,2.5372663330991174,2.6270754455432948,-13.880232249099643,DEFINED,7ebf182c593bba5274172010
W00,S2_COMBINATION,neg_log10_mol_l,MTL_FULL,full,BMDx_Morphology,6,6,0,0.39673466404268093,0.43946822710965117,-1.290592100786589,DEFINED,7ebf182c593bba5274172010
W00,S2_COMBINATION,neg_log10_mol_l,MTL_FULL,full,BMDx_Mortality,17,17,0,1.2764790688888557,1.5636142418507848,0.08001953590692912,DEFINED,7ebf182c593bba5274172010
W00,S2_COMBINATION,neg_log10_mol_l,MTL_FULL,full,BMDx_Physiology,10,10,0,1.1239069194353313,1.2847348463429027,-0.03724386947314673,DEFINED,7ebf182c593bba5274172010
W00,S2_COMBINATION,neg_log10_mol_l,MTL_FULL,full,ECx_Behavior,492,492,0,0.677734383982291,0.9523691313937479,0.8115777082539322,DEFINED,7ebf182c593bba5274172010
W00,S2_COMBINATION,neg_log10_mol_l,MTL_FULL,full,ECx_Biochemical,240,240,0,0.8621144615194237,1.1430894177969353,0.7478647809636215,DEFINED,7ebf182c593bba5274172010
W00,S2_COMBINATION,neg_log10_mol_l,MTL_FULL,full,ECx_Development,504,504,0,0.8326864546325462,1.100187187272337,0.7064542163329461,DEFINED,7ebf182c593bba5274172010
W00,S2_COMBINATION,neg_log10_mol_l,MTL_FULL,full,ECx_Feeding,40,40,0,0.9695413254208883,1.3542391110512861,0.31896570984930783,DEFINED,7ebf182c593bba5274172010
W00,S2_COMBINATION,neg_log10_mol_l,MTL_FULL,full,ECx_GeneticDamage,47,47,0,0.668385274969798,0.9151326212827396,0.8880834175623072,DEFINED,7ebf182c593bba5274172010
W00,S2_COMBINATION,neg_log10_mol_l,MTL_FULL,full,ECx_Growth,725,725,0,0.6872797820583079,1.0048176217327773,0.6831197166325786,DEFINED,7ebf182c593bba5274172010
W00,S2_COMBINATION,neg_log10_mol_l,MTL_FULL,full,ECx_Immobilization,1566,1566,0,0.6726783488761612,0.9046477765103834,0.8251745295142487,DEFINED,7ebf182c593bba5274172010
W00,S2_COMBINATION,neg_log10_mol_l,MTL_FULL,full,ECx_Injury,65,65,0,0.8759128245147547,1.1961704121368377,0.6595878766884191,DEFINED,7ebf182c593bba5274172010
W00,S2_COMBINATION,neg_log10_mol_l,MTL_FULL,full,ECx_Molting,182,182,0,0.70588553063735,0.9334722501700157,0.5223801555076076,DEFINED,7ebf182c593bba5274172010
W00,S2_COMBINATION,neg_log10_mol_l,MTL_FULL,full,ECx_Morphology,49,49,0,0.6181049146005185,0.9016408042207343,0.7023324289146513,DEFINED,7ebf182c593bba5274172010
W00,S2_COMBINATION,neg_log10_mol_l,MTL_FULL,full,ECx_Mortality,14822,14822,0,0.6897862821963098,0.9473946316421369,0.7406536578976883,DEFINED,7ebf182c593bba5274172010
W00,S2_COMBINATION,neg_log10_mol_l,MTL_FULL,full,ECx_Physiology,447,447,0,0.7224482814626025,0.9241135600347086,0.7718576345370843,DEFINED,7ebf182c593bba5274172010
W00,S2_COMBINATION,neg_log10_mol_l,MTL_FULL,full,ECx_Population,2104,2104,0,0.6879749798586259,0.9412170646255551,0.6784982520641848,DEFINED,7ebf182c593bba5274172010
W00,S2_COMBINATION,neg_log10_mol_l,MTL_FULL,full,ECx_Reproduction,208,208,0,0.6956789984020145,0.8830696340822061,0.6991986308221343,DEFINED,7ebf182c593bba5274172010
W00,S2_COMBINATION,neg_log10_mol_l,MTL_FULL,full,EDx_Development,5,5,0,1.255850181425717,1.6177504687754596,-0.1741952932906925,DEFINED,7ebf182c593bba5274172010
W00,S2_COMBINATION,neg_log10_mol_l,MTL_FULL,full,EDx_Growth,2,2,0,1.398005672280687,1.4602504637269433,-336.9921934426679,DEFINED,7ebf182c593bba5274172010
W00,S2_COMBINATION,neg_log10_mol_l,MTL_FULL,full,EDx_Molting,3,3,0,0.8390760564842079,0.8481871262544758,-0.4072625379709094,DEFINED,7ebf182c593bba5274172010
W00,S2_COMBINATION,neg_log10_mol_l,MTL_FULL,full,EDx_Physiology,2,2,0,1.1868675037947003,1.4787956347770455,-0.6032747021141265,DEFINED,7ebf182c593bba5274172010
W00,S2_COMBINATION,neg_log10_mol_l,MTL_FULL,full,EDx_Population,2,2,0,0.1253850851626228,0.17047793413389423,-1.178401803876599,DEFINED,7ebf182c593bba5274172010
W00,S2_COMBINATION,neg_log10_mol_l,MTL_FULL,full,EDx_Reproduction,2,2,0,0.596875836648393,0.6588874247965386,0.2991005509492267,DEFINED,7ebf182c593bba5274172010
W00,S2_COMBINATION,neg_log10_mol_l,MTL_FULL,full,ICx_Behavior,3,3,0,1.498323384180751,1.6942348173773785,-3.8615567981009837,DEFINED,7ebf182c593bba5274172010
W00,S2_COMBINATION,neg_log10_mol_l,MTL_FULL,full,ICx_Biochemical,171,171,0,0.8028699646980555,1.035692583793324,0.5631158319908528,DEFINED,7ebf182c593bba5274172010
W00,S2_COMBINATION,neg_log10_mol_l,MTL_FULL,full,ICx_Development,29,29,0,1.1055748691154064,1.283205285517429,0.2587613848380551,DEFINED,7ebf182c593bba5274172010
W00,S2_COMBINATION,neg_log10_mol_l,MTL_FULL,full,ICx_Feeding,3,3,0,0.6654376248665329,0.6666206063320238,-31.35726240780783,DEFINED,7ebf182c593bba5274172010
W00,S2_COMBINATION,neg_log10_mol_l,MTL_FULL,full,ICx_GeneticDamage,5,5,0,0.5102111985696809,0.7193403937310793,0.38547284825946015,DEFINED,7ebf182c593bba5274172010
W00,S2_COMBINATION,neg_log10_mol_l,MTL_FULL,full,ICx_Growth,110,110,0,0.45585891460206507,0.59978061562123,0.7997409244077753,DEFINED,7ebf182c593bba5274172010
W00,S2_COMBINATION,neg_log10_mol_l,MTL_FULL,full,ICx_Immobilization,77,77,0,0.291518930728195,0.32647115869487897,-0.3491079829327701,DEFINED,7ebf182c593bba5274172010
W00,S2_COMBINATION,neg_log10_mol_l,MTL_FULL,full,ICx_Molting,1,1,0,1.2296411390116502,1.2296411390116502,,N_LT_2,7ebf182c593bba5274172010
W00,S2_COMBINATION,neg_log10_mol_l,MTL_FULL,full,ICx_Morphology,2,2,0,0.9639506111059437,0.964389765139174,-91.15271986650087,DEFINED,7ebf182c593bba5274172010
W00,S2_COMBINATION,neg_log10_mol_l,MTL_FULL,full,ICx_Mortality,23,23,0,0.48964992236893634,0.7296770765852092,0.7395691129309279,DEFINED,7ebf182c593bba5274172010
W00,S2_COMBINATION,neg_log10_mol_l,MTL_FULL,full,ICx_Physiology,164,164,0,0.5395732264481772,0.7708882583290599,0.8378706023696099,DEFINED,7ebf182c593bba5274172010
W00,S2_COMBINATION,neg_log10_mol_l,MTL_FULL,full,ICx_Population,289,289,0,0.6671126182977627,0.9296900054620791,0.7665690612487599,DEFINED,7ebf182c593bba5274172010
W00,S2_COMBINATION,neg_log10_mol_l,MTL_FULL,full,ICx_Reproduction,66,66,0,0.5351149837989518,0.69560962797669,0.927877523129728,DEFINED,7ebf182c593bba5274172010
W00,S2_COMBINATION,neg_log10_mol_l,MTL_FULL,full,LDx_Injury,5,5,0,0.6512546687011616,0.9561649328282666,-0.012943351373351675,DEFINED,7ebf182c593bba5274172010
W00,S2_COMBINATION,neg_log10_mol_l,MTL_FULL,full,LDx_Mortality,239,239,0,0.6546836639267343,0.8023571797575444,0.7797459287135264,DEFINED,7ebf182c593bba5274172010
W00,S2_COMBINATION,neg_log10_mol_l,MTL_FULL,full,LDx_Physiology,8,8,0,0.22664360512689996,0.26383140132982197,0.4739888847869669,DEFINED,7ebf182c593bba5274172010
W00,S2_COMBINATION,neg_log10_mol_l,MTL_FULL,full,LDx_Reproduction,1,1,0,0.4818508862271651,0.4818508862271651,,N_LT_2,7ebf182c593bba5274172010
W00,S2_COMBINATION,neg_log10_mol_l,MTL_FULL,full,LOEC_Accumulation,45,45,0,0.8390728229857527,1.0065585837840463,0.5238223762472205,DEFINED,7ebf182c593bba5274172010
W00,S2_COMBINATION,neg_log10_mol_l,MTL_FULL,full,LOEC_Behavior,332,332,0,0.7641045644201714,1.0184695694599253,0.6480100433917059,DEFINED,7ebf182c593bba5274172010
W00,S2_COMBINATION,neg_log10_mol_l,MTL_FULL,full,LOEC_Biochemical,1314,1314,0,0.776128486727022,1.0625920282871868,0.6737150533190994,DEFINED,7ebf182c593bba5274172010
W00,S2_COMBINATION,neg_log10_mol_l,MTL_FULL,full,LOEC_Development,422,422,0,0.7589635552409776,1.029542993227924,0.7525759400875747,DEFINED,7ebf182c593bba5274172010
W00,S2_COMBINATION,neg_log10_mol_l,MTL_FULL,full,LOEC_Feeding,30,30,0,0.48127380729654334,0.5569975022316522,0.33446782038829825,DEFINED,7ebf182c593bba5274172010
W00,S2_COMBINATION,neg_log10_mol_l,MTL_FULL,full,LOEC_GeneticDamage,857,857,0,0.80630779580941,1.0849517641274549,0.6684931001921175,DEFINED,7ebf182c593bba5274172010
W00,S2_COMBINATION,neg_log10_mol_l,MTL_FULL,full,LOEC_Growth,853,853,0,0.6455958776777182,0.8774042370947005,0.7676077788453548,DEFINED,7ebf182c593bba5274172010
W00,S2_COMBINATION,neg_log10_mol_l,MTL_FULL,full,LOEC_Immobilization,61,61,0,0.654924049978661,0.909352681953862,0.7351577667102225,DEFINED,7ebf182c593bba5274172010
W00,S2_COMBINATION,neg_log10_mol_l,MTL_FULL,full,LOEC_Injury,113,113,0,0.8448585833456528,1.2042708699096827,0.6390522462187076,DEFINED,7ebf182c593bba5274172010
W00,S2_COMBINATION,neg_log10_mol_l,MTL_FULL,full,LOEC_Molting,24,24,0,0.7892950102395443,1.0053410451205145,0.7915576519310854,DEFINED,7ebf182c593bba5274172010
W00,S2_COMBINATION,neg_log10_mol_l,MTL_FULL,full,LOEC_Morphology,168,168,0,0.7831440697394848,1.1329186094579664,0.7335883660605848,DEFINED,7ebf182c593bba5274172010
W00,S2_COMBINATION,neg_log10_mol_l,MTL_FULL,full,LOEC_Mortality,831,831,0,0.7419844078531028,1.0638943583658524,0.7416810327825865,DEFINED,7ebf182c593bba5274172010
W00,S2_COMBINATION,neg_log10_mol_l,MTL_FULL,full,LOEC_Physiology,721,721,0,0.7706412479792291,1.0507970822656025,0.7104890635375061,DEFINED,7ebf182c593bba5274172010
W00,S2_COMBINATION,neg_log10_mol_l,MTL_FULL,full,LOEC_Population,936,936,0,0.6753436368384768,0.8743247740026256,0.7936871548575603,DEFINED,7ebf182c593bba5274172010
W00,S2_COMBINATION,neg_log10_mol_l,MTL_FULL,full,LOEC_Reproduction,495,495,0,0.6839161469990521,0.8992966770344727,0.8282864672755181,DEFINED,7ebf182c593bba5274172010
W00,S2_COMBINATION,neg_log10_mol_l,MTL_FULL,full,MATC_Behavior,2,2,0,1.6190721915560022,1.8776368010525069,-6.257384317132893,DEFINED,7ebf182c593bba5274172010
W00,S2_COMBINATION,neg_log10_mol_l,MTL_FULL,full,MATC_Biochemical,6,6,0,0.9159816053575236,1.0628581700531874,-0.4500339650868397,DEFINED,7ebf182c593bba5274172010
W00,S2_COMBINATION,neg_log10_mol_l,MTL_FULL,full,MATC_Development,17,17,0,0.5426517878902779,0.6694491782361313,0.5715527872377802,DEFINED,7ebf182c593bba5274172010
W00,S2_COMBINATION,neg_log10_mol_l,MTL_FULL,full,MATC_Growth,56,56,0,0.6440274435536638,0.8525738589143874,0.7135748920491348,DEFINED,7ebf182c593bba5274172010
W00,S2_COMBINATION,neg_log10_mol_l,MTL_FULL,full,MATC_Immobilization,3,3,0,0.9730881089531778,1.105887314637543,0.4029804151775145,DEFINED,7ebf182c593bba5274172010
W00,S2_COMBINATION,neg_log10_mol_l,MTL_FULL,full,MATC_Molting,7,7,0,0.8691238119192536,1.0769458267609306,0.3108846806556199,DEFINED,7ebf182c593bba5274172010
W00,S2_COMBINATION,neg_log10_mol_l,MTL_FULL,full,MATC_Mortality,92,92,0,0.6080283853339193,0.7687329920672715,0.8727596940817134,DEFINED,7ebf182c593bba5274172010
W00,S2_COMBINATION,neg_log10_mol_l,MTL_FULL,full,MATC_Physiology,3,3,0,2.90930605893841,2.919119850618212,-400.7085579704548,DEFINED,7ebf182c593bba5274172010
W00,S2_COMBINATION,neg_log10_mol_l,MTL_FULL,full,MATC_Population,22,22,0,0.5101634384082956,0.6545305862838666,0.79975322376362,DEFINED,7ebf182c593bba5274172010
W00,S2_COMBINATION,neg_log10_mol_l,MTL_FULL,full,MATC_Reproduction,37,37,0,0.4385492363929139,0.6197570857468897,0.8116582734997906,DEFINED,7ebf182c593bba5274172010
W00,S2_COMBINATION,neg_log10_mol_l,MTL_FULL,full,NOEC_Accumulation,30,30,0,1.0234407811672022,1.248553496486349,0.5079492984463442,DEFINED,7ebf182c593bba5274172010
W00,S2_COMBINATION,neg_log10_mol_l,MTL_FULL,full,NOEC_Behavior,434,434,0,0.8305047778565104,1.109449700298998,0.5739570965695033,DEFINED,7ebf182c593bba5274172010
W00,S2_COMBINATION,neg_log10_mol_l,MTL_FULL,full,NOEC_Biochemical,1258,1258,0,0.7697801609050687,1.0592732019906121,0.7105236177470615,DEFINED,7ebf182c593bba5274172010
W00,S2_COMBINATION,neg_log10_mol_l,MTL_FULL,full,NOEC_Development,593,593,0,0.7065112971820775,0.948388686068473,0.7164626547536239,DEFINED,7ebf182c593bba5274172010
W00,S2_COMBINATION,neg_log10_mol_l,MTL_FULL,full,NOEC_Feeding,71,71,0,0.9653098929485984,1.2213118348154433,0.6465338445984958,DEFINED,7ebf182c593bba5274172010
W00,S2_COMBINATION,neg_log10_mol_l,MTL_FULL,full,NOEC_GeneticDamage,838,838,0,0.8415707022524743,1.1489706482488253,0.6349072031183218,DEFINED,7ebf182c593bba5274172010
W00,S2_COMBINATION,neg_log10_mol_l,MTL_FULL,full,NOEC_Growth,1168,1168,0,0.6106298653370871,0.8243417524739738,0.799881106041825,DEFINED,7ebf182c593bba5274172010
W00,S2_COMBINATION,neg_log10_mol_l,MTL_FULL,full,NOEC_Immobilization,275,275,0,0.8326191538301941,1.0981301702412432,0.6670982807546804,DEFINED,7ebf182c593bba5274172010
W00,S2_COMBINATION,neg_log10_mol_l,MTL_FULL,full,NOEC_Injury,155,155,0,0.6413529594652774,0.8395689569787703,0.8007009733697098,DEFINED,7ebf182c593bba5274172010
W00,S2_COMBINATION,neg_log10_mol_l,MTL_FULL,full,NOEC_Molting,47,47,0,0.6913472334444097,0.8871586973165346,0.7091382088692146,DEFINED,7ebf182c593bba5274172010
W00,S2_COMBINATION,neg_log10_mol_l,MTL_FULL,full,NOEC_Morphology,281,281,0,0.7024868146798354,0.9892735695428317,0.7458341590740454,DEFINED,7ebf182c593bba5274172010
W00,S2_COMBINATION,neg_log10_mol_l,MTL_FULL,full,NOEC_Mortality,1793,1793,0,0.7046300700971744,0.9543071185749595,0.7720062634389305,DEFINED,7ebf182c593bba5274172010
W00,S2_COMBINATION,neg_log10_mol_l,MTL_FULL,full,NOEC_Physiology,798,798,0,0.7680766473497996,1.042383225261159,0.6573099671986121,DEFINED,7ebf182c593bba5274172010
W00,S2_COMBINATION,neg_log10_mol_l,MTL_FULL,full,NOEC_Population,1386,1386,0,0.6678228480701363,0.8953793808280479,0.7389292498300648,DEFINED,7ebf182c593bba5274172010
W00,S2_COMBINATION,neg_log10_mol_l,MTL_FULL,full,NOEC_Reproduction,620,620,0,0.6176153530413717,0.8355570466751014,0.7898905932206727,DEFINED,7ebf182c593bba5274172010
W00,S2_COMBINATION,neg_log10_mol_l,MTL_FULL,locked_common,ACx_Development,60,60,0,1.4684922251465793,1.8493708496012504,-0.07533708006047579,DEFINED,7ebf182c593bba5274172010
W00,S2_COMBINATION,neg_log10_mol_l,MTL_FULL,locked_common,ACx_Growth,1,1,0,0.19919354023349278,0.19919354023349278,,N_LT_2,7ebf182c593bba5274172010
W00,S2_COMBINATION,neg_log10_mol_l,MTL_FULL,locked_common,ACx_Immobilization,32,32,0,2.4001853601911654,2.8501896265010123,-1.3458179349798618,DEFINED,7ebf182c593bba5274172010
W00,S2_COMBINATION,neg_log10_mol_l,MTL_FULL,locked_common,ACx_Injury,72,72,0,1.480632967023142,1.8256254803275629,-0.27443521138931737,DEFINED,7ebf182c593bba5274172010
W00,S2_COMBINATION,neg_log10_mol_l,MTL_FULL,locked_common,ACx_Molting,104,104,0,0.6050559431091741,0.7801479705535616,-0.37260741593136903,DEFINED,7ebf182c593bba5274172010
W00,S2_COMBINATION,neg_log10_mol_l,MTL_FULL,locked_common,ACx_Mortality,59,59,0,1.2866936212281643,1.6232333944583202,0.21745522971854336,DEFINED,7ebf182c593bba5274172010
W00,S2_COMBINATION,neg_log10_mol_l,MTL_FULL,locked_common,ACx_Physiology,73,73,0,1.4530549535082387,1.7717205692193472,-0.0032591671625772367,DEFINED,7ebf182c593bba5274172010
W00,S2_COMBINATION,neg_log10_mol_l,MTL_FULL,locked_common,BMCx_Development,8,8,0,0.33864428827789983,0.4098046079627642,0.22044869709285697,DEFINED,7ebf182c593bba5274172010
W00,S2_COMBINATION,neg_log10_mol_l,MTL_FULL,locked_common,BMCx_Immobilization,3,3,0,0.4947792600787813,0.5589777898031669,-1.4723068517106426,DEFINED,7ebf182c593bba5274172010
W00,S2_COMBINATION,neg_log10_mol_l,MTL_FULL,locked_common,BMCx_Injury,10,10,0,0.49805520038528606,0.5419367783989095,0.2904486572470628,DEFINED,7ebf182c593bba5274172010
W00,S2_COMBINATION,neg_log10_mol_l,MTL_FULL,locked_common,BMCx_Molting,19,19,0,0.4111403625702307,0.5204574535509194,-1.2219925131998144,DEFINED,7ebf182c593bba5274172010
W00,S2_COMBINATION,neg_log10_mol_l,MTL_FULL,locked_common,BMCx_Mortality,8,8,0,0.446093079738761,0.5562787714400749,-0.7955031019980463,DEFINED,7ebf182c593bba5274172010
W00,S2_COMBINATION,neg_log10_mol_l,MTL_FULL,locked_common,BMCx_Physiology,7,7,0,0.5730653678970228,0.6816719159381017,0.2876343198353992,DEFINED,7ebf182c593bba5274172010
W00,S2_COMBINATION,neg_log10_mol_l,MTL_FULL,locked_common,BMDx_Behavior,34,34,0,1.3862176183303019,1.8125668285817254,0.09228056847612665,DEFINED,7ebf182c593bba5274172010
W00,S2_COMBINATION,neg_log10_mol_l,MTL_FULL,locked_common,BMDx_Development,48,48,0,1.1936059469983393,1.3664547373951614,-0.22576720491062097,DEFINED,7ebf182c593bba5274172010
W00,S2_COMBINATION,neg_log10_mol_l,MTL_FULL,locked_common,BMDx_Immobilization,8,8,0,0.24941590867911598,0.28114108909937363,,CONSTANT_TARGET,7ebf182c593bba5274172010
W00,S2_COMBINATION,neg_log10_mol_l,MTL_FULL,locked_common,BMDx_Injury,13,13,0,1.6404154089909257,1.8077107619945125,-0.3495065952912648,DEFINED,7ebf182c593bba5274172010
W00,S2_COMBINATION,neg_log10_mol_l,MTL_FULL,locked_common,BMDx_Molting,3,3,0,2.5372663330991174,2.6270754455432948,-13.880232249099643,DEFINED,7ebf182c593bba5274172010
W00,S2_COMBINATION,neg_log10_mol_l,MTL_FULL,locked_common,BMDx_Morphology,6,6,0,0.39673466404268093,0.43946822710965117,-1.290592100786589,DEFINED,7ebf182c593bba5274172010
W00,S2_COMBINATION,neg_log10_mol_l,MTL_FULL,locked_common,BMDx_Mortality,17,17,0,1.2764790688888557,1.5636142418507848,0.08001953590692912,DEFINED,7ebf182c593bba5274172010
W00,S2_COMBINATION,neg_log10_mol_l,MTL_FULL,locked_common,BMDx_Physiology,10,10,0,1.1239069194353313,1.2847348463429027,-0.03724386947314673,DEFINED,7ebf182c593bba5274172010
W00,S2_COMBINATION,neg_log10_mol_l,MTL_FULL,locked_common,ECx_Behavior,492,492,0,0.677734383982291,0.9523691313937479,0.8115777082539322,DEFINED,7ebf182c593bba5274172010
W00,S2_COMBINATION,neg_log10_mol_l,MTL_FULL,locked_common,ECx_Biochemical,240,240,0,0.8621144615194237,1.1430894177969353,0.7478647809636215,DEFINED,7ebf182c593bba5274172010
W00,S2_COMBINATION,neg_log10_mol_l,MTL_FULL,locked_common,ECx_Development,504,504,0,0.8326864546325462,1.100187187272337,0.7064542163329461,DEFINED,7ebf182c593bba5274172010
W00,S2_COMBINATION,neg_log10_mol_l,MTL_FULL,locked_common,ECx_Feeding,40,40,0,0.9695413254208883,1.3542391110512861,0.31896570984930783,DEFINED,7ebf182c593bba5274172010
W00,S2_COMBINATION,neg_log10_mol_l,MTL_FULL,locked_common,ECx_GeneticDamage,47,47,0,0.668385274969798,0.9151326212827396,0.8880834175623072,DEFINED,7ebf182c593bba5274172010
W00,S2_COMBINATION,neg_log10_mol_l,MTL_FULL,locked_common,ECx_Growth,725,725,0,0.6872797820583079,1.0048176217327773,0.6831197166325786,DEFINED,7ebf182c593bba5274172010
W00,S2_COMBINATION,neg_log10_mol_l,MTL_FULL,locked_common,ECx_Immobilization,1566,1566,0,0.6726783488761612,0.9046477765103834,0.8251745295142487,DEFINED,7ebf182c593bba5274172010
W00,S2_COMBINATION,neg_log10_mol_l,MTL_FULL,locked_common,ECx_Injury,65,65,0,0.8759128245147547,1.1961704121368377,0.6595878766884191,DEFINED,7ebf182c593bba5274172010
W00,S2_COMBINATION,neg_log10_mol_l,MTL_FULL,locked_common,ECx_Molting,182,182,0,0.70588553063735,0.9334722501700157,0.5223801555076076,DEFINED,7ebf182c593bba5274172010
W00,S2_COMBINATION,neg_log10_mol_l,MTL_FULL,locked_common,ECx_Morphology,49,49,0,0.6181049146005185,0.9016408042207343,0.7023324289146513,DEFINED,7ebf182c593bba5274172010
W00,S2_COMBINATION,neg_log10_mol_l,MTL_FULL,locked_common,ECx_Mortality,14822,14822,0,0.6897862821963098,0.9473946316421369,0.7406536578976883,DEFINED,7ebf182c593bba5274172010
W00,S2_COMBINATION,neg_log10_mol_l,MTL_FULL,locked_common,ECx_Physiology,447,447,0,0.7224482814626025,0.9241135600347086,0.7718576345370843,DEFINED,7ebf182c593bba5274172010
W00,S2_COMBINATION,neg_log10_mol_l,MTL_FULL,locked_common,ECx_Population,2104,2104,0,0.6879749798586259,0.9412170646255551,0.6784982520641848,DEFINED,7ebf182c593bba5274172010
W00,S2_COMBINATION,neg_log10_mol_l,MTL_FULL,locked_common,ECx_Reproduction,208,208,0,0.6956789984020145,0.8830696340822061,0.6991986308221343,DEFINED,7ebf182c593bba5274172010
W00,S2_COMBINATION,neg_log10_mol_l,MTL_FULL,locked_common,EDx_Development,5,5,0,1.255850181425717,1.6177504687754596,-0.1741952932906925,DEFINED,7ebf182c593bba5274172010
W00,S2_COMBINATION,neg_log10_mol_l,MTL_FULL,locked_common,EDx_Growth,2,2,0,1.398005672280687,1.4602504637269433,-336.9921934426679,DEFINED,7ebf182c593bba5274172010
W00,S2_COMBINATION,neg_log10_mol_l,MTL_FULL,locked_common,EDx_Molting,3,3,0,0.8390760564842079,0.8481871262544758,-0.4072625379709094,DEFINED,7ebf182c593bba5274172010
W00,S2_COMBINATION,neg_log10_mol_l,MTL_FULL,locked_common,EDx_Physiology,2,2,0,1.1868675037947003,1.4787956347770455,-0.6032747021141265,DEFINED,7ebf182c593bba5274172010
W00,S2_COMBINATION,neg_log10_mol_l,MTL_FULL,locked_common,EDx_Population,2,2,0,0.1253850851626228,0.17047793413389423,-1.178401803876599,DEFINED,7ebf182c593bba5274172010
W00,S2_COMBINATION,neg_log10_mol_l,MTL_FULL,locked_common,ICx_Behavior,3,3,0,1.498323384180751,1.6942348173773785,-3.8615567981009837,DEFINED,7ebf182c593bba5274172010
W00,S2_COMBINATION,neg_log10_mol_l,MTL_FULL,locked_common,ICx_Biochemical,171,171,0,0.8028699646980555,1.035692583793324,0.5631158319908528,DEFINED,7ebf182c593bba5274172010
W00,S2_COMBINATION,neg_log10_mol_l,MTL_FULL,locked_common,ICx_Development,29,29,0,1.1055748691154064,1.283205285517429,0.2587613848380551,DEFINED,7ebf182c593bba5274172010
W00,S2_COMBINATION,neg_log10_mol_l,MTL_FULL,locked_common,ICx_Feeding,3,3,0,0.6654376248665329,0.6666206063320238,-31.35726240780783,DEFINED,7ebf182c593bba5274172010
W00,S2_COMBINATION,neg_log10_mol_l,MTL_FULL,locked_common,ICx_GeneticDamage,5,5,0,0.5102111985696809,0.7193403937310793,0.38547284825946015,DEFINED,7ebf182c593bba5274172010
W00,S2_COMBINATION,neg_log10_mol_l,MTL_FULL,locked_common,ICx_Growth,110,110,0,0.45585891460206507,0.59978061562123,0.7997409244077753,DEFINED,7ebf182c593bba5274172010
W00,S2_COMBINATION,neg_log10_mol_l,MTL_FULL,locked_common,ICx_Immobilization,77,77,0,0.291518930728195,0.32647115869487897,-0.3491079829327701,DEFINED,7ebf182c593bba5274172010
W00,S2_COMBINATION,neg_log10_mol_l,MTL_FULL,locked_common,ICx_Morphology,2,2,0,0.9639506111059437,0.964389765139174,-91.15271986650087,DEFINED,7ebf182c593bba5274172010
W00,S2_COMBINATION,neg_log10_mol_l,MTL_FULL,locked_common,ICx_Mortality,23,23,0,0.48964992236893634,0.7296770765852092,0.7395691129309279,DEFINED,7ebf182c593bba5274172010
W00,S2_COMBINATION,neg_log10_mol_l,MTL_FULL,locked_common,ICx_Physiology,164,164,0,0.5395732264481772,0.7708882583290599,0.8378706023696099,DEFINED,7ebf182c593bba5274172010
W00,S2_COMBINATION,neg_log10_mol_l,MTL_FULL,locked_common,ICx_Population,289,289,0,0.6671126182977627,0.9296900054620791,0.7665690612487599,DEFINED,7ebf182c593bba5274172010
W00,S2_COMBINATION,neg_log10_mol_l,MTL_FULL,locked_common,ICx_Reproduction,66,66,0,0.5351149837989518,0.69560962797669,0.927877523129728,DEFINED,7ebf182c593bba5274172010
W00,S2_COMBINATION,neg_log10_mol_l,MTL_FULL,locked_common,LDx_Injury,5,5,0,0.6512546687011616,0.9561649328282666,-0.012943351373351675,DEFINED,7ebf182c593bba5274172010
W00,S2_COMBINATION,neg_log10_mol_l,MTL_FULL,locked_common,LDx_Mortality,239,239,0,0.6546836639267343,0.8023571797575444,0.7797459287135264,DEFINED,7ebf182c593bba5274172010
W00,S2_COMBINATION,neg_log10_mol_l,MTL_FULL,locked_common,LDx_Physiology,8,8,0,0.22664360512689996,0.26383140132982197,0.4739888847869669,DEFINED,7ebf182c593bba5274172010
W00,S2_COMBINATION,neg_log10_mol_l,MTL_FULL,locked_common,LDx_Reproduction,1,1,0,0.4818508862271651,0.4818508862271651,,N_LT_2,7ebf182c593bba5274172010
W00,S2_COMBINATION,neg_log10_mol_l,MTL_FULL,locked_common,LOEC_Accumulation,45,45,0,0.8390728229857527,1.0065585837840463,0.5238223762472205,DEFINED,7ebf182c593bba5274172010
W00,S2_COMBINATION,neg_log10_mol_l,MTL_FULL,locked_common,LOEC_Behavior,332,332,0,0.7641045644201714,1.0184695694599253,0.6480100433917059,DEFINED,7ebf182c593bba5274172010
W00,S2_COMBINATION,neg_log10_mol_l,MTL_FULL,locked_common,LOEC_Biochemical,1314,1314,0,0.776128486727022,1.0625920282871868,0.6737150533190994,DEFINED,7ebf182c593bba5274172010
W00,S2_COMBINATION,neg_log10_mol_l,MTL_FULL,locked_common,LOEC_Development,422,422,0,0.7589635552409776,1.029542993227924,0.7525759400875747,DEFINED,7ebf182c593bba5274172010
W00,S2_COMBINATION,neg_log10_mol_l,MTL_FULL,locked_common,LOEC_Feeding,30,30,0,0.48127380729654334,0.5569975022316522,0.33446782038829825,DEFINED,7ebf182c593bba5274172010
W00,S2_COMBINATION,neg_log10_mol_l,MTL_FULL,locked_common,LOEC_GeneticDamage,857,857,0,0.80630779580941,1.0849517641274549,0.6684931001921175,DEFINED,7ebf182c593bba5274172010
W00,S2_COMBINATION,neg_log10_mol_l,MTL_FULL,locked_common,LOEC_Growth,853,853,0,0.6455958776777182,0.8774042370947005,0.7676077788453548,DEFINED,7ebf182c593bba5274172010
W00,S2_COMBINATION,neg_log10_mol_l,MTL_FULL,locked_common,LOEC_Immobilization,61,61,0,0.654924049978661,0.909352681953862,0.7351577667102225,DEFINED,7ebf182c593bba5274172010
W00,S2_COMBINATION,neg_log10_mol_l,MTL_FULL,locked_common,LOEC_Injury,113,113,0,0.8448585833456528,1.2042708699096827,0.6390522462187076,DEFINED,7ebf182c593bba5274172010
W00,S2_COMBINATION,neg_log10_mol_l,MTL_FULL,locked_common,LOEC_Molting,24,24,0,0.7892950102395443,1.0053410451205145,0.7915576519310854,DEFINED,7ebf182c593bba5274172010
W00,S2_COMBINATION,neg_log10_mol_l,MTL_FULL,locked_common,LOEC_Morphology,168,168,0,0.7831440697394848,1.1329186094579664,0.7335883660605848,DEFINED,7ebf182c593bba5274172010
W00,S2_COMBINATION,neg_log10_mol_l,MTL_FULL,locked_common,LOEC_Mortality,831,831,0,0.7419844078531028,1.0638943583658524,0.7416810327825865,DEFINED,7ebf182c593bba5274172010
W00,S2_COMBINATION,neg_log10_mol_l,MTL_FULL,locked_common,LOEC_Physiology,721,721,0,0.7706412479792291,1.0507970822656025,0.7104890635375061,DEFINED,7ebf182c593bba5274172010
W00,S2_COMBINATION,neg_log10_mol_l,MTL_FULL,locked_common,LOEC_Population,936,936,0,0.6753436368384768,0.8743247740026256,0.7936871548575603,DEFINED,7ebf182c593bba5274172010
W00,S2_COMBINATION,neg_log10_mol_l,MTL_FULL,locked_common,LOEC_Reproduction,495,495,0,0.6839161469990521,0.8992966770344727,0.8282864672755181,DEFINED,7ebf182c593bba5274172010
W00,S2_COMBINATION,neg_log10_mol_l,MTL_FULL,locked_common,MATC_Behavior,2,2,0,1.6190721915560022,1.8776368010525069,-6.257384317132893,DEFINED,7ebf182c593bba5274172010
W00,S2_COMBINATION,neg_log10_mol_l,MTL_FULL,locked_common,MATC_Biochemical,6,6,0,0.9159816053575236,1.0628581700531874,-0.4500339650868397,DEFINED,7ebf182c593bba5274172010
W00,S2_COMBINATION,neg_log10_mol_l,MTL_FULL,locked_common,MATC_Development,17,17,0,0.5426517878902779,0.6694491782361313,0.5715527872377802,DEFINED,7ebf182c593bba5274172010
W00,S2_COMBINATION,neg_log10_mol_l,MTL_FULL,locked_common,MATC_Growth,56,56,0,0.6440274435536638,0.8525738589143874,0.7135748920491348,DEFINED,7ebf182c593bba5274172010
W00,S2_COMBINATION,neg_log10_mol_l,MTL_FULL,locked_common,MATC_Immobilization,3,3,0,0.9730881089531778,1.105887314637543,0.4029804151775145,DEFINED,7ebf182c593bba5274172010
W00,S2_COMBINATION,neg_log10_mol_l,MTL_FULL,locked_common,MATC_Molting,7,7,0,0.8691238119192536,1.0769458267609306,0.3108846806556199,DEFINED,7ebf182c593bba5274172010
W00,S2_COMBINATION,neg_log10_mol_l,MTL_FULL,locked_common,MATC_Mortality,92,92,0,0.6080283853339193,0.7687329920672715,0.8727596940817134,DEFINED,7ebf182c593bba5274172010
W00,S2_COMBINATION,neg_log10_mol_l,MTL_FULL,locked_common,MATC_Physiology,3,3,0,2.90930605893841,2.919119850618212,-400.7085579704548,DEFINED,7ebf182c593bba5274172010
W00,S2_COMBINATION,neg_log10_mol_l,MTL_FULL,locked_common,MATC_Population,22,22,0,0.5101634384082956,0.6545305862838666,0.79975322376362,DEFINED,7ebf182c593bba5274172010
W00,S2_COMBINATION,neg_log10_mol_l,MTL_FULL,locked_common,MATC_Reproduction,37,37,0,0.4385492363929139,0.6197570857468897,0.8116582734997906,DEFINED,7ebf182c593bba5274172010
W00,S2_COMBINATION,neg_log10_mol_l,MTL_FULL,locked_common,NOEC_Accumulation,30,30,0,1.0234407811672022,1.248553496486349,0.5079492984463442,DEFINED,7ebf182c593bba5274172010
W00,S2_COMBINATION,neg_log10_mol_l,MTL_FULL,locked_common,NOEC_Behavior,434,434,0,0.8305047778565104,1.109449700298998,0.5739570965695033,DEFINED,7ebf182c593bba5274172010
W00,S2_COMBINATION,neg_log10_mol_l,MTL_FULL,locked_common,NOEC_Biochemical,1258,1258,0,0.7697801609050687,1.0592732019906121,0.7105236177470615,DEFINED,7ebf182c593bba5274172010
W00,S2_COMBINATION,neg_log10_mol_l,MTL_FULL,locked_common,NOEC_Development,593,593,0,0.7065112971820775,0.948388686068473,0.7164626547536239,DEFINED,7ebf182c593bba5274172010
W00,S2_COMBINATION,neg_log10_mol_l,MTL_FULL,locked_common,NOEC_Feeding,71,71,0,0.9653098929485984,1.2213118348154433,0.6465338445984958,DEFINED,7ebf182c593bba5274172010
W00,S2_COMBINATION,neg_log10_mol_l,MTL_FULL,locked_common,NOEC_GeneticDamage,838,838,0,0.8415707022524743,1.1489706482488253,0.6349072031183218,DEFINED,7ebf182c593bba5274172010
W00,S2_COMBINATION,neg_log10_mol_l,MTL_FULL,locked_common,NOEC_Growth,1168,1168,0,0.6106298653370871,0.8243417524739738,0.799881106041825,DEFINED,7ebf182c593bba5274172010
W00,S2_COMBINATION,neg_log10_mol_l,MTL_FULL,locked_common,NOEC_Immobilization,275,275,0,0.8326191538301941,1.0981301702412432,0.6670982807546804,DEFINED,7ebf182c593bba5274172010
W00,S2_COMBINATION,neg_log10_mol_l,MTL_FULL,locked_common,NOEC_Injury,155,155,0,0.6413529594652774,0.8395689569787703,0.8007009733697098,DEFINED,7ebf182c593bba5274172010
W00,S2_COMBINATION,neg_log10_mol_l,MTL_FULL,locked_common,NOEC_Molting,47,47,0,0.6913472334444097,0.8871586973165346,0.7091382088692146,DEFINED,7ebf182c593bba5274172010
W00,S2_COMBINATION,neg_log10_mol_l,MTL_FULL,locked_common,NOEC_Morphology,281,281,0,0.7024868146798354,0.9892735695428317,0.7458341590740454,DEFINED,7ebf182c593bba5274172010
W00,S2_COMBINATION,neg_log10_mol_l,MTL_FULL,locked_common,NOEC_Mortality,1793,1793,0,0.7046300700971744,0.9543071185749595,0.7720062634389305,DEFINED,7ebf182c593bba5274172010
W00,S2_COMBINATION,neg_log10_mol_l,MTL_FULL,locked_common,NOEC_Physiology,798,798,0,0.7680766473497996,1.042383225261159,0.6573099671986121,DEFINED,7ebf182c593bba5274172010
W00,S2_COMBINATION,neg_log10_mol_l,MTL_FULL,locked_common,NOEC_Population,1386,1386,0,0.6678228480701363,0.8953793808280479,0.7389292498300648,DEFINED,7ebf182c593bba5274172010
W00,S2_COMBINATION,neg_log10_mol_l,MTL_FULL,locked_common,NOEC_Reproduction,620,620,0,0.6176153530413717,0.8355570466751014,0.7898905932206727,DEFINED,7ebf182c593bba5274172010
W00,S2_COMBINATION,neg_log10_mol_l,MTL_MOL,full,ACx_Development,60,60,0,1.4957742212933929,1.8637454465781345,-0.0921185822781343,DEFINED,875e1f3ae4d4139c29a2865b
W00,S2_COMBINATION,neg_log10_mol_l,MTL_MOL,full,ACx_Growth,1,1,0,0.18735769327577234,0.18735769327577234,,N_LT_2,875e1f3ae4d4139c29a2865b
W00,S2_COMBINATION,neg_log10_mol_l,MTL_MOL,full,ACx_Immobilization,32,32,0,2.1626253629294867,2.4703387945014996,-0.7622187971922401,DEFINED,875e1f3ae4d4139c29a2865b
W00,S2_COMBINATION,neg_log10_mol_l,MTL_MOL,full,ACx_Injury,72,72,0,1.399602452292961,1.7481797071694232,-0.16860175506855013,DEFINED,875e1f3ae4d4139c29a2865b
W00,S2_COMBINATION,neg_log10_mol_l,MTL_MOL,full,ACx_Molting,104,104,0,0.6456590742755008,0.8082534715849894,-0.47328759499767403,DEFINED,875e1f3ae4d4139c29a2865b
W00,S2_COMBINATION,neg_log10_mol_l,MTL_MOL,full,ACx_Mortality,59,59,0,1.5983605508496432,1.806178963536194,0.0311226229335394,DEFINED,875e1f3ae4d4139c29a2865b
W00,S2_COMBINATION,neg_log10_mol_l,MTL_MOL,full,ACx_Physiology,73,73,0,1.5391344804620537,1.8320414878125029,-0.07273707579418276,DEFINED,875e1f3ae4d4139c29a2865b
W00,S2_COMBINATION,neg_log10_mol_l,MTL_MOL,full,BMCx_Biochemical,2,2,0,2.01718917158876,2.0184634333325424,-791.262961370163,DEFINED,875e1f3ae4d4139c29a2865b
W00,S2_COMBINATION,neg_log10_mol_l,MTL_MOL,full,BMCx_Development,8,8,0,0.3408524519899009,0.3917170175425273,0.28774434618594147,DEFINED,875e1f3ae4d4139c29a2865b
W00,S2_COMBINATION,neg_log10_mol_l,MTL_MOL,full,BMCx_Immobilization,3,3,0,0.4513170220767024,0.5101703468684373,-1.0594141496380853,DEFINED,875e1f3ae4d4139c29a2865b
W00,S2_COMBINATION,neg_log10_mol_l,MTL_MOL,full,BMCx_Injury,10,10,0,0.5099120520139009,0.5423841846891226,0.28927660623191576,DEFINED,875e1f3ae4d4139c29a2865b
W00,S2_COMBINATION,neg_log10_mol_l,MTL_MOL,full,BMCx_Molting,19,19,0,0.46741000707387803,0.5656616717372848,-1.624736022439905,DEFINED,875e1f3ae4d4139c29a2865b
W00,S2_COMBINATION,neg_log10_mol_l,MTL_MOL,full,BMCx_Mortality,8,8,0,0.4035940732927561,0.49979386367583906,-0.4493825406516878,DEFINED,875e1f3ae4d4139c29a2865b
W00,S2_COMBINATION,neg_log10_mol_l,MTL_MOL,full,BMCx_Physiology,7,7,0,0.5312359414994077,0.6550351787986932,0.34221883565554223,DEFINED,875e1f3ae4d4139c29a2865b
W00,S2_COMBINATION,neg_log10_mol_l,MTL_MOL,full,BMDx_Behavior,34,34,0,1.3265089959932215,1.7658569650603269,0.13846163389997512,DEFINED,875e1f3ae4d4139c29a2865b
W00,S2_COMBINATION,neg_log10_mol_l,MTL_MOL,full,BMDx_Development,48,48,0,1.0438450667288066,1.2457130407768775,-0.018716917088198004,DEFINED,875e1f3ae4d4139c29a2865b
W00,S2_COMBINATION,neg_log10_mol_l,MTL_MOL,full,BMDx_Immobilization,8,8,0,0.17471572514589018,0.19402911588846905,,CONSTANT_TARGET,875e1f3ae4d4139c29a2865b
W00,S2_COMBINATION,neg_log10_mol_l,MTL_MOL,full,BMDx_Injury,13,13,0,1.6136302696221454,1.7514443177588201,-0.26680507246239715,DEFINED,875e1f3ae4d4139c29a2865b
W00,S2_COMBINATION,neg_log10_mol_l,MTL_MOL,full,BMDx_Molting,3,3,0,1.991773576009899,2.104986206508138,-8.553513638170264,DEFINED,875e1f3ae4d4139c29a2865b
W00,S2_COMBINATION,neg_log10_mol_l,MTL_MOL,full,BMDx_Morphology,6,6,0,0.37590118952688395,0.42090657555524164,-1.1011846347661205,DEFINED,875e1f3ae4d4139c29a2865b
W00,S2_COMBINATION,neg_log10_mol_l,MTL_MOL,full,BMDx_Mortality,17,17,0,1.3357827392220871,1.5836714890044616,0.05626607646106552,DEFINED,875e1f3ae4d4139c29a2865b
W00,S2_COMBINATION,neg_log10_mol_l,MTL_MOL,full,BMDx_Physiology,10,10,0,1.2948723396220283,1.449136918663414,-0.31969238485820517,DEFINED,875e1f3ae4d4139c29a2865b
W00,S2_COMBINATION,neg_log10_mol_l,MTL_MOL,full,ECx_Behavior,492,492,0,0.8536853436618058,1.1731494348267564,0.714090667012885,DEFINED,875e1f3ae4d4139c29a2865b
W00,S2_COMBINATION,neg_log10_mol_l,MTL_MOL,full,ECx_Biochemical,240,240,0,0.9319804016209069,1.2537535564590665,0.6966825047913767,DEFINED,875e1f3ae4d4139c29a2865b
W00,S2_COMBINATION,neg_log10_mol_l,MTL_MOL,full,ECx_Development,504,504,0,1.037268239932264,1.326547614485231,0.5732354203139132,DEFINED,875e1f3ae4d4139c29a2865b
W00,S2_COMBINATION,neg_log10_mol_l,MTL_MOL,full,ECx_Feeding,40,40,0,0.9608458081932362,1.5615101304780763,0.09454288250331244,DEFINED,875e1f3ae4d4139c29a2865b
W00,S2_COMBINATION,neg_log10_mol_l,MTL_MOL,full,ECx_GeneticDamage,47,47,0,0.9976438370262002,1.2772173198350962,0.7820002654629513,DEFINED,875e1f3ae4d4139c29a2865b
W00,S2_COMBINATION,neg_log10_mol_l,MTL_MOL,full,ECx_Growth,725,725,0,0.8947649557791519,1.255809656757239,0.5050419764411037,DEFINED,875e1f3ae4d4139c29a2865b
W00,S2_COMBINATION,neg_log10_mol_l,MTL_MOL,full,ECx_Immobilization,1566,1566,0,0.7968467681353926,1.0550451442880528,0.7622131950001443,DEFINED,875e1f3ae4d4139c29a2865b
W00,S2_COMBINATION,neg_log10_mol_l,MTL_MOL,full,ECx_Injury,65,65,0,1.0967808043278708,1.4580504869517337,0.49421722882534813,DEFINED,875e1f3ae4d4139c29a2865b
W00,S2_COMBINATION,neg_log10_mol_l,MTL_MOL,full,ECx_Molting,182,182,0,1.0775300250451125,1.3733613670455718,-0.03383014589410838,DEFINED,875e1f3ae4d4139c29a2865b
W00,S2_COMBINATION,neg_log10_mol_l,MTL_MOL,full,ECx_Morphology,49,49,0,0.7136780087738587,1.0153189169859904,0.6225413659030892,DEFINED,875e1f3ae4d4139c29a2865b
W00,S2_COMBINATION,neg_log10_mol_l,MTL_MOL,full,ECx_Mortality,14822,14822,0,0.8729211567828862,1.1656612837854325,0.6073884857802457,DEFINED,875e1f3ae4d4139c29a2865b
W00,S2_COMBINATION,neg_log10_mol_l,MTL_MOL,full,ECx_Physiology,447,447,0,0.8828421846042289,1.1699547769515302,0.6343265709891557,DEFINED,875e1f3ae4d4139c29a2865b
W00,S2_COMBINATION,neg_log10_mol_l,MTL_MOL,full,ECx_Population,2104,2104,0,0.84987183431056,1.1580344742009951,0.5133163795392084,DEFINED,875e1f3ae4d4139c29a2865b
W00,S2_COMBINATION,neg_log10_mol_l,MTL_MOL,full,ECx_Reproduction,208,208,0,0.8096047289336566,1.0557276685095978,0.5700739960897871,DEFINED,875e1f3ae4d4139c29a2865b
W00,S2_COMBINATION,neg_log10_mol_l,MTL_MOL,full,EDx_Development,5,5,0,1.029454483780366,1.4921865271469523,0.0010045839921293265,DEFINED,875e1f3ae4d4139c29a2865b
W00,S2_COMBINATION,neg_log10_mol_l,MTL_MOL,full,EDx_Growth,2,2,0,1.269610416051549,1.2795347503114403,-258.5112169623902,DEFINED,875e1f3ae4d4139c29a2865b
W00,S2_COMBINATION,neg_log10_mol_l,MTL_MOL,full,EDx_Molting,3,3,0,0.7038571084975205,0.7199438046218413,-0.013885638364008024,DEFINED,875e1f3ae4d4139c29a2865b
W00,S2_COMBINATION,neg_log10_mol_l,MTL_MOL,full,EDx_Physiology,2,2,0,1.1679145375063757,1.3542738561871395,-0.34463561270221565,DEFINED,875e1f3ae4d4139c29a2865b
W00,S2_COMBINATION,neg_log10_mol_l,MTL_MOL,full,EDx_Population,2,2,0,0.11550457326583308,0.11987841023838013,-0.07716836429614715,DEFINED,875e1f3ae4d4139c29a2865b
W00,S2_COMBINATION,neg_log10_mol_l,MTL_MOL,full,EDx_Reproduction,2,2,0,0.787015633863859,0.8975322435028025,-0.30056900457589686,DEFINED,875e1f3ae4d4139c29a2865b
W00,S2_COMBINATION,neg_log10_mol_l,MTL_MOL,full,ICx_Behavior,3,3,0,1.7612903958236095,1.9460868703230039,-5.41434927206686,DEFINED,875e1f3ae4d4139c29a2865b
W00,S2_COMBINATION,neg_log10_mol_l,MTL_MOL,full,ICx_Biochemical,171,171,0,1.0280810975942396,1.3239142561231068,0.28612151803154207,DEFINED,875e1f3ae4d4139c29a2865b
W00,S2_COMBINATION,neg_log10_mol_l,MTL_MOL,full,ICx_Development,29,29,0,0.9774860372221847,1.161667409915064,0.39252366017551565,DEFINED,875e1f3ae4d4139c29a2865b
W00,S2_COMBINATION,neg_log10_mol_l,MTL_MOL,full,ICx_Feeding,3,3,0,0.586734007665199,0.5881917600685955,-24.19139251257809,DEFINED,875e1f3ae4d4139c29a2865b
W00,S2_COMBINATION,neg_log10_mol_l,MTL_MOL,full,ICx_GeneticDamage,5,5,0,0.5559153822307653,0.7039953472595761,0.4114115205615164,DEFINED,875e1f3ae4d4139c29a2865b
W00,S2_COMBINATION,neg_log10_mol_l,MTL_MOL,full,ICx_Growth,110,110,0,0.41578507004965454,0.6001548577754467,0.7994909371039157,DEFINED,875e1f3ae4d4139c29a2865b
W00,S2_COMBINATION,neg_log10_mol_l,MTL_MOL,full,ICx_Immobilization,77,77,0,0.24529053122045155,0.303602001190511,-0.16671916183475322,DEFINED,875e1f3ae4d4139c29a2865b
W00,S2_COMBINATION,neg_log10_mol_l,MTL_MOL,full,ICx_Molting,1,1,0,1.3802532716354419,1.3802532716354419,,N_LT_2,875e1f3ae4d4139c29a2865b
W00,S2_COMBINATION,neg_log10_mol_l,MTL_MOL,full,ICx_Morphology,2,2,0,0.9747027738437777,0.979866295532867,-94.1341870870234,DEFINED,875e1f3ae4d4139c29a2865b
W00,S2_COMBINATION,neg_log10_mol_l,MTL_MOL,full,ICx_Mortality,23,23,0,0.4847116944997805,0.7226074354293655,0.7445911528533442,DEFINED,875e1f3ae4d4139c29a2865b
W00,S2_COMBINATION,neg_log10_mol_l,MTL_MOL,full,ICx_Physiology,164,164,0,0.7100496912062878,1.0491701147606713,0.6996893525954619,DEFINED,875e1f3ae4d4139c29a2865b
W00,S2_COMBINATION,neg_log10_mol_l,MTL_MOL,full,ICx_Population,289,289,0,0.8687261199276135,1.1921458713235389,0.6161682550323992,DEFINED,875e1f3ae4d4139c29a2865b
W00,S2_COMBINATION,neg_log10_mol_l,MTL_MOL,full,ICx_Reproduction,66,66,0,0.8122579957300428,1.0728101683035822,0.8284521708977226,DEFINED,875e1f3ae4d4139c29a2865b
W00,S2_COMBINATION,neg_log10_mol_l,MTL_MOL,full,LDx_Injury,5,5,0,0.8410892342667049,1.1274433082753768,-0.40834469049581523,DEFINED,875e1f3ae4d4139c29a2865b
W00,S2_COMBINATION,neg_log10_mol_l,MTL_MOL,full,LDx_Mortality,239,239,0,0.8091161390898728,1.1108199155077287,0.5778412711828433,DEFINED,875e1f3ae4d4139c29a2865b
W00,S2_COMBINATION,neg_log10_mol_l,MTL_MOL,full,LDx_Physiology,8,8,0,0.29959311329621596,0.36483053998982923,-0.0058293982448967,DEFINED,875e1f3ae4d4139c29a2865b
W00,S2_COMBINATION,neg_log10_mol_l,MTL_MOL,full,LDx_Reproduction,1,1,0,0.7519372533205209,0.7519372533205209,,N_LT_2,875e1f3ae4d4139c29a2865b
W00,S2_COMBINATION,neg_log10_mol_l,MTL_MOL,full,LOEC_Accumulation,45,45,0,1.350791742442124,1.5883068197697252,-0.18565864209221195,DEFINED,875e1f3ae4d4139c29a2865b
W00,S2_COMBINATION,neg_log10_mol_l,MTL_MOL,full,LOEC_Behavior,332,332,0,1.12684360605255,1.4345762520638505,0.3016366628191153,DEFINED,875e1f3ae4d4139c29a2865b
W00,S2_COMBINATION,neg_log10_mol_l,MTL_MOL,full,LOEC_Biochemical,1314,1314,0,1.18552853046839,1.5243570952290109,0.3285133789026704,DEFINED,875e1f3ae4d4139c29a2865b
W00,S2_COMBINATION,neg_log10_mol_l,MTL_MOL,full,LOEC_Development,422,422,0,1.1935816138214712,1.5834389633881825,0.41473088197256236,DEFINED,875e1f3ae4d4139c29a2865b
W00,S2_COMBINATION,neg_log10_mol_l,MTL_MOL,full,LOEC_Feeding,30,30,0,0.4892780484289784,0.5924156163019405,0.24713768252530732,DEFINED,875e1f3ae4d4139c29a2865b
W00,S2_COMBINATION,neg_log10_mol_l,MTL_MOL,full,LOEC_GeneticDamage,857,857,0,1.206167808079853,1.5419819581442884,0.3303771021471076,DEFINED,875e1f3ae4d4139c29a2865b
W00,S2_COMBINATION,neg_log10_mol_l,MTL_MOL,full,LOEC_Growth,853,853,0,0.9823261688900875,1.3013487432305735,0.48877801043586067,DEFINED,875e1f3ae4d4139c29a2865b
W00,S2_COMBINATION,neg_log10_mol_l,MTL_MOL,full,LOEC_Immobilization,61,61,0,0.6620172781076036,0.9293488672833679,0.723382223981693,DEFINED,875e1f3ae4d4139c29a2865b
W00,S2_COMBINATION,neg_log10_mol_l,MTL_MOL,full,LOEC_Injury,113,113,0,1.1879459565810289,1.6064968807976288,0.35767362664567137,DEFINED,875e1f3ae4d4139c29a2865b
W00,S2_COMBINATION,neg_log10_mol_l,MTL_MOL,full,LOEC_Molting,24,24,0,0.9981315983040283,1.2717064144948504,0.6664715748959693,DEFINED,875e1f3ae4d4139c29a2865b
W00,S2_COMBINATION,neg_log10_mol_l,MTL_MOL,full,LOEC_Morphology,168,168,0,1.0520832245463525,1.4012352602117757,0.5924528322787079,DEFINED,875e1f3ae4d4139c29a2865b
W00,S2_COMBINATION,neg_log10_mol_l,MTL_MOL,full,LOEC_Mortality,831,831,0,1.0881935654406707,1.419979908485238,0.5398242986528113,DEFINED,875e1f3ae4d4139c29a2865b
W00,S2_COMBINATION,neg_log10_mol_l,MTL_MOL,full,LOEC_Physiology,721,721,0,1.198664817787074,1.5153795268970511,0.3978979736939525,DEFINED,875e1f3ae4d4139c29a2865b
W00,S2_COMBINATION,neg_log10_mol_l,MTL_MOL,full,LOEC_Population,936,936,0,0.9038994032317439,1.1829787812508603,0.6223107626120435,DEFINED,875e1f3ae4d4139c29a2865b
W00,S2_COMBINATION,neg_log10_mol_l,MTL_MOL,full,LOEC_Reproduction,495,495,0,0.9986695190409494,1.329246240989404,0.6248461328892476,DEFINED,875e1f3ae4d4139c29a2865b
W00,S2_COMBINATION,neg_log10_mol_l,MTL_MOL,full,MATC_Behavior,2,2,0,1.3484866886755444,1.4826685739177274,-3.525276387907824,DEFINED,875e1f3ae4d4139c29a2865b
W00,S2_COMBINATION,neg_log10_mol_l,MTL_MOL,full,MATC_Biochemical,6,6,0,0.7890758284243097,0.9715979191977614,-0.21171559306150645,DEFINED,875e1f3ae4d4139c29a2865b
W00,S2_COMBINATION,neg_log10_mol_l,MTL_MOL,full,MATC_Development,17,17,0,0.466674357560405,0.6271378921544384,0.6239997096708589,DEFINED,875e1f3ae4d4139c29a2865b
W00,S2_COMBINATION,neg_log10_mol_l,MTL_MOL,full,MATC_Growth,56,56,0,0.6801931604085524,0.8399677576245101,0.72198239849412,DEFINED,875e1f3ae4d4139c29a2865b
W00,S2_COMBINATION,neg_log10_mol_l,MTL_MOL,full,MATC_Immobilization,3,3,0,0.8970078932146285,1.0333355103475146,0.4787458406498618,DEFINED,875e1f3ae4d4139c29a2865b
W00,S2_COMBINATION,neg_log10_mol_l,MTL_MOL,full,MATC_Molting,7,7,0,1.1008828021137727,1.3578981354281385,-0.09556606902397968,DEFINED,875e1f3ae4d4139c29a2865b
W00,S2_COMBINATION,neg_log10_mol_l,MTL_MOL,full,MATC_Mortality,92,92,0,0.860999617119183,1.0274620274796058,0.7726969701307451,DEFINED,875e1f3ae4d4139c29a2865b
W00,S2_COMBINATION,neg_log10_mol_l,MTL_MOL,full,MATC_Physiology,3,3,0,3.233567676506718,3.237079244837353,-492.9851505229176,DEFINED,875e1f3ae4d4139c29a2865b
W00,S2_COMBINATION,neg_log10_mol_l,MTL_MOL,full,MATC_Population,22,22,0,0.601990566833151,0.7406586518936463,0.7435859361061332,DEFINED,875e1f3ae4d4139c29a2865b
W00,S2_COMBINATION,neg_log10_mol_l,MTL_MOL,full,MATC_Reproduction,37,37,0,0.7483388311400379,1.075115359707039,0.4332210940286335,DEFINED,875e1f3ae4d4139c29a2865b
W00,S2_COMBINATION,neg_log10_mol_l,MTL_MOL,full,NOEC_Accumulation,30,30,0,1.039335125303942,1.2714355742903198,0.4897485326976042,DEFINED,875e1f3ae4d4139c29a2865b
W00,S2_COMBINATION,neg_log10_mol_l,MTL_MOL,full,NOEC_Behavior,434,434,0,1.1242824615998068,1.4004090005025265,0.32119053700799827,DEFINED,875e1f3ae4d4139c29a2865b
W00,S2_COMBINATION,neg_log10_mol_l,MTL_MOL,full,NOEC_Biochemical,1258,1258,0,1.215692747906056,1.577355960672716,0.3581159442053873,DEFINED,875e1f3ae4d4139c29a2865b
W00,S2_COMBINATION,neg_log10_mol_l,MTL_MOL,full,NOEC_Development,593,593,0,1.036001194083068,1.3337460818870075,0.4392311859653435,DEFINED,875e1f3ae4d4139c29a2865b
W00,S2_COMBINATION,neg_log10_mol_l,MTL_MOL,full,NOEC_Feeding,71,71,0,1.2892682905178936,1.753658079708575,0.2712399682072931,DEFINED,875e1f3ae4d4139c29a2865b
W00,S2_COMBINATION,neg_log10_mol_l,MTL_MOL,full,NOEC_GeneticDamage,838,838,0,1.2458011153517083,1.581645488610463,0.3081631510810121,DEFINED,875e1f3ae4d4139c29a2865b
W00,S2_COMBINATION,neg_log10_mol_l,MTL_MOL,full,NOEC_Growth,1168,1168,0,0.972530008571231,1.280139202803836,0.5173993587417204,DEFINED,875e1f3ae4d4139c29a2865b
W00,S2_COMBINATION,neg_log10_mol_l,MTL_MOL,full,NOEC_Immobilization,275,275,0,0.8941372099194826,1.1742533733313156,0.6193445748503745,DEFINED,875e1f3ae4d4139c29a2865b
W00,S2_COMBINATION,neg_log10_mol_l,MTL_MOL,full,NOEC_Injury,155,155,0,1.0119011236856168,1.3215292012889595,0.5062058264339138,DEFINED,875e1f3ae4d4139c29a2865b
W00,S2_COMBINATION,neg_log10_mol_l,MTL_MOL,full,NOEC_Molting,47,47,0,0.6997595173135948,0.9430782353109282,0.6713152992868647,DEFINED,875e1f3ae4d4139c29a2865b
W00,S2_COMBINATION,neg_log10_mol_l,MTL_MOL,full,NOEC_Morphology,281,281,0,0.9508596935871317,1.2605459550988756,0.5873311038096918,DEFINED,875e1f3ae4d4139c29a2865b
W00,S2_COMBINATION,neg_log10_mol_l,MTL_MOL,full,NOEC_Mortality,1793,1793,0,1.0211815567102647,1.3214358305130205,0.5628416820121449,DEFINED,875e1f3ae4d4139c29a2865b
W00,S2_COMBINATION,neg_log10_mol_l,MTL_MOL,full,NOEC_Physiology,798,798,0,1.1538358315098205,1.4823457962535498,0.3069801124804925,DEFINED,875e1f3ae4d4139c29a2865b
W00,S2_COMBINATION,neg_log10_mol_l,MTL_MOL,full,NOEC_Population,1386,1386,0,0.9061690717332359,1.2067863014847513,0.525752792307111,DEFINED,875e1f3ae4d4139c29a2865b
W00,S2_COMBINATION,neg_log10_mol_l,MTL_MOL,full,NOEC_Reproduction,620,620,0,0.9202270262292909,1.1999745714459318,0.5666514274813201,DEFINED,875e1f3ae4d4139c29a2865b
W00,S2_COMBINATION,neg_log10_mol_l,MTL_MOL,locked_common,ACx_Development,60,60,0,1.4957742212933929,1.8637454465781345,-0.0921185822781343,DEFINED,875e1f3ae4d4139c29a2865b
W00,S2_COMBINATION,neg_log10_mol_l,MTL_MOL,locked_common,ACx_Growth,1,1,0,0.18735769327577234,0.18735769327577234,,N_LT_2,875e1f3ae4d4139c29a2865b
W00,S2_COMBINATION,neg_log10_mol_l,MTL_MOL,locked_common,ACx_Immobilization,32,32,0,2.1626253629294867,2.4703387945014996,-0.7622187971922401,DEFINED,875e1f3ae4d4139c29a2865b
W00,S2_COMBINATION,neg_log10_mol_l,MTL_MOL,locked_common,ACx_Injury,72,72,0,1.399602452292961,1.7481797071694232,-0.16860175506855013,DEFINED,875e1f3ae4d4139c29a2865b
W00,S2_COMBINATION,neg_log10_mol_l,MTL_MOL,locked_common,ACx_Molting,104,104,0,0.6456590742755008,0.8082534715849894,-0.47328759499767403,DEFINED,875e1f3ae4d4139c29a2865b
W00,S2_COMBINATION,neg_log10_mol_l,MTL_MOL,locked_common,ACx_Mortality,59,59,0,1.5983605508496432,1.806178963536194,0.0311226229335394,DEFINED,875e1f3ae4d4139c29a2865b
W00,S2_COMBINATION,neg_log10_mol_l,MTL_MOL,locked_common,ACx_Physiology,73,73,0,1.5391344804620537,1.8320414878125029,-0.07273707579418276,DEFINED,875e1f3ae4d4139c29a2865b
W00,S2_COMBINATION,neg_log10_mol_l,MTL_MOL,locked_common,BMCx_Development,8,8,0,0.3408524519899009,0.3917170175425273,0.28774434618594147,DEFINED,875e1f3ae4d4139c29a2865b
W00,S2_COMBINATION,neg_log10_mol_l,MTL_MOL,locked_common,BMCx_Immobilization,3,3,0,0.4513170220767024,0.5101703468684373,-1.0594141496380853,DEFINED,875e1f3ae4d4139c29a2865b
W00,S2_COMBINATION,neg_log10_mol_l,MTL_MOL,locked_common,BMCx_Injury,10,10,0,0.5099120520139009,0.5423841846891226,0.28927660623191576,DEFINED,875e1f3ae4d4139c29a2865b
W00,S2_COMBINATION,neg_log10_mol_l,MTL_MOL,locked_common,BMCx_Molting,19,19,0,0.46741000707387803,0.5656616717372848,-1.624736022439905,DEFINED,875e1f3ae4d4139c29a2865b
W00,S2_COMBINATION,neg_log10_mol_l,MTL_MOL,locked_common,BMCx_Mortality,8,8,0,0.4035940732927561,0.49979386367583906,-0.4493825406516878,DEFINED,875e1f3ae4d4139c29a2865b
W00,S2_COMBINATION,neg_log10_mol_l,MTL_MOL,locked_common,BMCx_Physiology,7,7,0,0.5312359414994077,0.6550351787986932,0.34221883565554223,DEFINED,875e1f3ae4d4139c29a2865b
W00,S2_COMBINATION,neg_log10_mol_l,MTL_MOL,locked_common,BMDx_Behavior,34,34,0,1.3265089959932215,1.7658569650603269,0.13846163389997512,DEFINED,875e1f3ae4d4139c29a2865b
W00,S2_COMBINATION,neg_log10_mol_l,MTL_MOL,locked_common,BMDx_Development,48,48,0,1.0438450667288066,1.2457130407768775,-0.018716917088198004,DEFINED,875e1f3ae4d4139c29a2865b
W00,S2_COMBINATION,neg_log10_mol_l,MTL_MOL,locked_common,BMDx_Immobilization,8,8,0,0.17471572514589018,0.19402911588846905,,CONSTANT_TARGET,875e1f3ae4d4139c29a2865b
W00,S2_COMBINATION,neg_log10_mol_l,MTL_MOL,locked_common,BMDx_Injury,13,13,0,1.6136302696221454,1.7514443177588201,-0.26680507246239715,DEFINED,875e1f3ae4d4139c29a2865b
W00,S2_COMBINATION,neg_log10_mol_l,MTL_MOL,locked_common,BMDx_Molting,3,3,0,1.991773576009899,2.104986206508138,-8.553513638170264,DEFINED,875e1f3ae4d4139c29a2865b
W00,S2_COMBINATION,neg_log10_mol_l,MTL_MOL,locked_common,BMDx_Morphology,6,6,0,0.37590118952688395,0.42090657555524164,-1.1011846347661205,DEFINED,875e1f3ae4d4139c29a2865b
W00,S2_COMBINATION,neg_log10_mol_l,MTL_MOL,locked_common,BMDx_Mortality,17,17,0,1.3357827392220871,1.5836714890044616,0.05626607646106552,DEFINED,875e1f3ae4d4139c29a2865b
W00,S2_COMBINATION,neg_log10_mol_l,MTL_MOL,locked_common,BMDx_Physiology,10,10,0,1.2948723396220283,1.449136918663414,-0.31969238485820517,DEFINED,875e1f3ae4d4139c29a2865b
W00,S2_COMBINATION,neg_log10_mol_l,MTL_MOL,locked_common,ECx_Behavior,492,492,0,0.8536853436618058,1.1731494348267564,0.714090667012885,DEFINED,875e1f3ae4d4139c29a2865b
W00,S2_COMBINATION,neg_log10_mol_l,MTL_MOL,locked_common,ECx_Biochemical,240,240,0,0.9319804016209069,1.2537535564590665,0.6966825047913767,DEFINED,875e1f3ae4d4139c29a2865b
W00,S2_COMBINATION,neg_log10_mol_l,MTL_MOL,locked_common,ECx_Development,504,504,0,1.037268239932264,1.326547614485231,0.5732354203139132,DEFINED,875e1f3ae4d4139c29a2865b
W00,S2_COMBINATION,neg_log10_mol_l,MTL_MOL,locked_common,ECx_Feeding,40,40,0,0.9608458081932362,1.5615101304780763,0.09454288250331244,DEFINED,875e1f3ae4d4139c29a2865b
W00,S2_COMBINATION,neg_log10_mol_l,MTL_MOL,locked_common,ECx_GeneticDamage,47,47,0,0.9976438370262002,1.2772173198350962,0.7820002654629513,DEFINED,875e1f3ae4d4139c29a2865b
W00,S2_COMBINATION,neg_log10_mol_l,MTL_MOL,locked_common,ECx_Growth,725,725,0,0.8947649557791519,1.255809656757239,0.5050419764411037,DEFINED,875e1f3ae4d4139c29a2865b
W00,S2_COMBINATION,neg_log10_mol_l,MTL_MOL,locked_common,ECx_Immobilization,1566,1566,0,0.7968467681353926,1.0550451442880528,0.7622131950001443,DEFINED,875e1f3ae4d4139c29a2865b
W00,S2_COMBINATION,neg_log10_mol_l,MTL_MOL,locked_common,ECx_Injury,65,65,0,1.0967808043278708,1.4580504869517337,0.49421722882534813,DEFINED,875e1f3ae4d4139c29a2865b
W00,S2_COMBINATION,neg_log10_mol_l,MTL_MOL,locked_common,ECx_Molting,182,182,0,1.0775300250451125,1.3733613670455718,-0.03383014589410838,DEFINED,875e1f3ae4d4139c29a2865b
W00,S2_COMBINATION,neg_log10_mol_l,MTL_MOL,locked_common,ECx_Morphology,49,49,0,0.7136780087738587,1.0153189169859904,0.6225413659030892,DEFINED,875e1f3ae4d4139c29a2865b
W00,S2_COMBINATION,neg_log10_mol_l,MTL_MOL,locked_common,ECx_Mortality,14822,14822,0,0.8729211567828862,1.1656612837854325,0.6073884857802457,DEFINED,875e1f3ae4d4139c29a2865b
W00,S2_COMBINATION,neg_log10_mol_l,MTL_MOL,locked_common,ECx_Physiology,447,447,0,0.8828421846042289,1.1699547769515302,0.6343265709891557,DEFINED,875e1f3ae4d4139c29a2865b
W00,S2_COMBINATION,neg_log10_mol_l,MTL_MOL,locked_common,ECx_Population,2104,2104,0,0.84987183431056,1.1580344742009951,0.5133163795392084,DEFINED,875e1f3ae4d4139c29a2865b
W00,S2_COMBINATION,neg_log10_mol_l,MTL_MOL,locked_common,ECx_Reproduction,208,208,0,0.8096047289336566,1.0557276685095978,0.5700739960897871,DEFINED,875e1f3ae4d4139c29a2865b
W00,S2_COMBINATION,neg_log10_mol_l,MTL_MOL,locked_common,EDx_Development,5,5,0,1.029454483780366,1.4921865271469523,0.0010045839921293265,DEFINED,875e1f3ae4d4139c29a2865b
W00,S2_COMBINATION,neg_log10_mol_l,MTL_MOL,locked_common,EDx_Growth,2,2,0,1.269610416051549,1.2795347503114403,-258.5112169623902,DEFINED,875e1f3ae4d4139c29a2865b
W00,S2_COMBINATION,neg_log10_mol_l,MTL_MOL,locked_common,EDx_Molting,3,3,0,0.7038571084975205,0.7199438046218413,-0.013885638364008024,DEFINED,875e1f3ae4d4139c29a2865b
W00,S2_COMBINATION,neg_log10_mol_l,MTL_MOL,locked_common,EDx_Physiology,2,2,0,1.1679145375063757,1.3542738561871395,-0.34463561270221565,DEFINED,875e1f3ae4d4139c29a2865b
W00,S2_COMBINATION,neg_log10_mol_l,MTL_MOL,locked_common,EDx_Population,2,2,0,0.11550457326583308,0.11987841023838013,-0.07716836429614715,DEFINED,875e1f3ae4d4139c29a2865b
W00,S2_COMBINATION,neg_log10_mol_l,MTL_MOL,locked_common,ICx_Behavior,3,3,0,1.7612903958236095,1.9460868703230039,-5.41434927206686,DEFINED,875e1f3ae4d4139c29a2865b
W00,S2_COMBINATION,neg_log10_mol_l,MTL_MOL,locked_common,ICx_Biochemical,171,171,0,1.0280810975942396,1.3239142561231068,0.28612151803154207,DEFINED,875e1f3ae4d4139c29a2865b
W00,S2_COMBINATION,neg_log10_mol_l,MTL_MOL,locked_common,ICx_Development,29,29,0,0.9774860372221847,1.161667409915064,0.39252366017551565,DEFINED,875e1f3ae4d4139c29a2865b
W00,S2_COMBINATION,neg_log10_mol_l,MTL_MOL,locked_common,ICx_Feeding,3,3,0,0.586734007665199,0.5881917600685955,-24.19139251257809,DEFINED,875e1f3ae4d4139c29a2865b
W00,S2_COMBINATION,neg_log10_mol_l,MTL_MOL,locked_common,ICx_GeneticDamage,5,5,0,0.5559153822307653,0.7039953472595761,0.4114115205615164,DEFINED,875e1f3ae4d4139c29a2865b
W00,S2_COMBINATION,neg_log10_mol_l,MTL_MOL,locked_common,ICx_Growth,110,110,0,0.41578507004965454,0.6001548577754467,0.7994909371039157,DEFINED,875e1f3ae4d4139c29a2865b
W00,S2_COMBINATION,neg_log10_mol_l,MTL_MOL,locked_common,ICx_Immobilization,77,77,0,0.24529053122045155,0.303602001190511,-0.16671916183475322,DEFINED,875e1f3ae4d4139c29a2865b
W00,S2_COMBINATION,neg_log10_mol_l,MTL_MOL,locked_common,ICx_Morphology,2,2,0,0.9747027738437777,0.979866295532867,-94.1341870870234,DEFINED,875e1f3ae4d4139c29a2865b
W00,S2_COMBINATION,neg_log10_mol_l,MTL_MOL,locked_common,ICx_Mortality,23,23,0,0.4847116944997805,0.7226074354293655,0.7445911528533442,DEFINED,875e1f3ae4d4139c29a2865b
W00,S2_COMBINATION,neg_log10_mol_l,MTL_MOL,locked_common,ICx_Physiology,164,164,0,0.7100496912062878,1.0491701147606713,0.6996893525954619,DEFINED,875e1f3ae4d4139c29a2865b
W00,S2_COMBINATION,neg_log10_mol_l,MTL_MOL,locked_common,ICx_Population,289,289,0,0.8687261199276135,1.1921458713235389,0.6161682550323992,DEFINED,875e1f3ae4d4139c29a2865b
W00,S2_COMBINATION,neg_log10_mol_l,MTL_MOL,locked_common,ICx_Reproduction,66,66,0,0.8122579957300428,1.0728101683035822,0.8284521708977226,DEFINED,875e1f3ae4d4139c29a2865b
W00,S2_COMBINATION,neg_log10_mol_l,MTL_MOL,locked_common,LDx_Injury,5,5,0,0.8410892342667049,1.1274433082753768,-0.40834469049581523,DEFINED,875e1f3ae4d4139c29a2865b
W00,S2_COMBINATION,neg_log10_mol_l,MTL_MOL,locked_common,LDx_Mortality,239,239,0,0.8091161390898728,1.1108199155077287,0.5778412711828433,DEFINED,875e1f3ae4d4139c29a2865b
W00,S2_COMBINATION,neg_log10_mol_l,MTL_MOL,locked_common,LDx_Physiology,8,8,0,0.29959311329621596,0.36483053998982923,-0.0058293982448967,DEFINED,875e1f3ae4d4139c29a2865b
W00,S2_COMBINATION,neg_log10_mol_l,MTL_MOL,locked_common,LDx_Reproduction,1,1,0,0.7519372533205209,0.7519372533205209,,N_LT_2,875e1f3ae4d4139c29a2865b
W00,S2_COMBINATION,neg_log10_mol_l,MTL_MOL,locked_common,LOEC_Accumulation,45,45,0,1.350791742442124,1.5883068197697252,-0.18565864209221195,DEFINED,875e1f3ae4d4139c29a2865b
W00,S2_COMBINATION,neg_log10_mol_l,MTL_MOL,locked_common,LOEC_Behavior,332,332,0,1.12684360605255,1.4345762520638505,0.3016366628191153,DEFINED,875e1f3ae4d4139c29a2865b
W00,S2_COMBINATION,neg_log10_mol_l,MTL_MOL,locked_common,LOEC_Biochemical,1314,1314,0,1.18552853046839,1.5243570952290109,0.3285133789026704,DEFINED,875e1f3ae4d4139c29a2865b
W00,S2_COMBINATION,neg_log10_mol_l,MTL_MOL,locked_common,LOEC_Development,422,422,0,1.1935816138214712,1.5834389633881825,0.41473088197256236,DEFINED,875e1f3ae4d4139c29a2865b
W00,S2_COMBINATION,neg_log10_mol_l,MTL_MOL,locked_common,LOEC_Feeding,30,30,0,0.4892780484289784,0.5924156163019405,0.24713768252530732,DEFINED,875e1f3ae4d4139c29a2865b
W00,S2_COMBINATION,neg_log10_mol_l,MTL_MOL,locked_common,LOEC_GeneticDamage,857,857,0,1.206167808079853,1.5419819581442884,0.3303771021471076,DEFINED,875e1f3ae4d4139c29a2865b
W00,S2_COMBINATION,neg_log10_mol_l,MTL_MOL,locked_common,LOEC_Growth,853,853,0,0.9823261688900875,1.3013487432305735,0.48877801043586067,DEFINED,875e1f3ae4d4139c29a2865b
W00,S2_COMBINATION,neg_log10_mol_l,MTL_MOL,locked_common,LOEC_Immobilization,61,61,0,0.6620172781076036,0.9293488672833679,0.723382223981693,DEFINED,875e1f3ae4d4139c29a2865b
W00,S2_COMBINATION,neg_log10_mol_l,MTL_MOL,locked_common,LOEC_Injury,113,113,0,1.1879459565810289,1.6064968807976288,0.35767362664567137,DEFINED,875e1f3ae4d4139c29a2865b
W00,S2_COMBINATION,neg_log10_mol_l,MTL_MOL,locked_common,LOEC_Molting,24,24,0,0.9981315983040283,1.2717064144948504,0.6664715748959693,DEFINED,875e1f3ae4d4139c29a2865b
W00,S2_COMBINATION,neg_log10_mol_l,MTL_MOL,locked_common,LOEC_Morphology,168,168,0,1.0520832245463525,1.4012352602117757,0.5924528322787079,DEFINED,875e1f3ae4d4139c29a2865b
W00,S2_COMBINATION,neg_log10_mol_l,MTL_MOL,locked_common,LOEC_Mortality,831,831,0,1.0881935654406707,1.419979908485238,0.5398242986528113,DEFINED,875e1f3ae4d4139c29a2865b
W00,S2_COMBINATION,neg_log10_mol_l,MTL_MOL,locked_common,LOEC_Physiology,721,721,0,1.198664817787074,1.5153795268970511,0.3978979736939525,DEFINED,875e1f3ae4d4139c29a2865b
W00,S2_COMBINATION,neg_log10_mol_l,MTL_MOL,locked_common,LOEC_Population,936,936,0,0.9038994032317439,1.1829787812508603,0.6223107626120435,DEFINED,875e1f3ae4d4139c29a2865b
W00,S2_COMBINATION,neg_log10_mol_l,MTL_MOL,locked_common,LOEC_Reproduction,495,495,0,0.9986695190409494,1.329246240989404,0.6248461328892476,DEFINED,875e1f3ae4d4139c29a2865b
W00,S2_COMBINATION,neg_log10_mol_l,MTL_MOL,locked_common,MATC_Behavior,2,2,0,1.3484866886755444,1.4826685739177274,-3.525276387907824,DEFINED,875e1f3ae4d4139c29a2865b
W00,S2_COMBINATION,neg_log10_mol_l,MTL_MOL,locked_common,MATC_Biochemical,6,6,0,0.7890758284243097,0.9715979191977614,-0.21171559306150645,DEFINED,875e1f3ae4d4139c29a2865b
W00,S2_COMBINATION,neg_log10_mol_l,MTL_MOL,locked_common,MATC_Development,17,17,0,0.466674357560405,0.6271378921544384,0.6239997096708589,DEFINED,875e1f3ae4d4139c29a2865b
W00,S2_COMBINATION,neg_log10_mol_l,MTL_MOL,locked_common,MATC_Growth,56,56,0,0.6801931604085524,0.8399677576245101,0.72198239849412,DEFINED,875e1f3ae4d4139c29a2865b
W00,S2_COMBINATION,neg_log10_mol_l,MTL_MOL,locked_common,MATC_Immobilization,3,3,0,0.8970078932146285,1.0333355103475146,0.4787458406498618,DEFINED,875e1f3ae4d4139c29a2865b
W00,S2_COMBINATION,neg_log10_mol_l,MTL_MOL,locked_common,MATC_Molting,7,7,0,1.1008828021137727,1.3578981354281385,-0.09556606902397968,DEFINED,875e1f3ae4d4139c29a2865b
W00,S2_COMBINATION,neg_log10_mol_l,MTL_MOL,locked_common,MATC_Mortality,92,92,0,0.860999617119183,1.0274620274796058,0.7726969701307451,DEFINED,875e1f3ae4d4139c29a2865b
W00,S2_COMBINATION,neg_log10_mol_l,MTL_MOL,locked_common,MATC_Physiology,3,3,0,3.233567676506718,3.237079244837353,-492.9851505229176,DEFINED,875e1f3ae4d4139c29a2865b
W00,S2_COMBINATION,neg_log10_mol_l,MTL_MOL,locked_common,MATC_Population,22,22,0,0.601990566833151,0.7406586518936463,0.7435859361061332,DEFINED,875e1f3ae4d4139c29a2865b
W00,S2_COMBINATION,neg_log10_mol_l,MTL_MOL,locked_common,MATC_Reproduction,37,37,0,0.7483388311400379,1.075115359707039,0.4332210940286335,DEFINED,875e1f3ae4d4139c29a2865b
W00,S2_COMBINATION,neg_log10_mol_l,MTL_MOL,locked_common,NOEC_Accumulation,30,30,0,1.039335125303942,1.2714355742903198,0.4897485326976042,DEFINED,875e1f3ae4d4139c29a2865b
W00,S2_COMBINATION,neg_log10_mol_l,MTL_MOL,locked_common,NOEC_Behavior,434,434,0,1.1242824615998068,1.4004090005025265,0.32119053700799827,DEFINED,875e1f3ae4d4139c29a2865b
W00,S2_COMBINATION,neg_log10_mol_l,MTL_MOL,locked_common,NOEC_Biochemical,1258,1258,0,1.215692747906056,1.577355960672716,0.3581159442053873,DEFINED,875e1f3ae4d4139c29a2865b
W00,S2_COMBINATION,neg_log10_mol_l,MTL_MOL,locked_common,NOEC_Development,593,593,0,1.036001194083068,1.3337460818870075,0.4392311859653435,DEFINED,875e1f3ae4d4139c29a2865b
W00,S2_COMBINATION,neg_log10_mol_l,MTL_MOL,locked_common,NOEC_Feeding,71,71,0,1.2892682905178936,1.753658079708575,0.2712399682072931,DEFINED,875e1f3ae4d4139c29a2865b
W00,S2_COMBINATION,neg_log10_mol_l,MTL_MOL,locked_common,NOEC_GeneticDamage,838,838,0,1.2458011153517083,1.581645488610463,0.3081631510810121,DEFINED,875e1f3ae4d4139c29a2865b
W00,S2_COMBINATION,neg_log10_mol_l,MTL_MOL,locked_common,NOEC_Growth,1168,1168,0,0.972530008571231,1.280139202803836,0.5173993587417204,DEFINED,875e1f3ae4d4139c29a2865b
W00,S2_COMBINATION,neg_log10_mol_l,MTL_MOL,locked_common,NOEC_Immobilization,275,275,0,0.8941372099194826,1.1742533733313156,0.6193445748503745,DEFINED,875e1f3ae4d4139c29a2865b
W00,S2_COMBINATION,neg_log10_mol_l,MTL_MOL,locked_common,NOEC_Injury,155,155,0,1.0119011236856168,1.3215292012889595,0.5062058264339138,DEFINED,875e1f3ae4d4139c29a2865b
W00,S2_COMBINATION,neg_log10_mol_l,MTL_MOL,locked_common,NOEC_Molting,47,47,0,0.6997595173135948,0.9430782353109282,0.6713152992868647,DEFINED,875e1f3ae4d4139c29a2865b
W00,S2_COMBINATION,neg_log10_mol_l,MTL_MOL,locked_common,NOEC_Morphology,281,281,0,0.9508596935871317,1.2605459550988756,0.5873311038096918,DEFINED,875e1f3ae4d4139c29a2865b
W00,S2_COMBINATION,neg_log10_mol_l,MTL_MOL,locked_common,NOEC_Mortality,1793,1793,0,1.0211815567102647,1.3214358305130205,0.5628416820121449,DEFINED,875e1f3ae4d4139c29a2865b
W00,S2_COMBINATION,neg_log10_mol_l,MTL_MOL,locked_common,NOEC_Physiology,798,798,0,1.1538358315098205,1.4823457962535498,0.3069801124804925,DEFINED,875e1f3ae4d4139c29a2865b
W00,S2_COMBINATION,neg_log10_mol_l,MTL_MOL,locked_common,NOEC_Population,1386,1386,0,0.9061690717332359,1.2067863014847513,0.525752792307111,DEFINED,875e1f3ae4d4139c29a2865b
W00,S2_COMBINATION,neg_log10_mol_l,MTL_MOL,locked_common,NOEC_Reproduction,620,620,0,0.9202270262292909,1.1999745714459318,0.5666514274813201,DEFINED,875e1f3ae4d4139c29a2865b
W00,S2_COMBINATION,neg_log10_mol_l,STL_FULL,full,ACx_Development,60,60,0,1.574936675390288,1.8988002810204476,-0.13358784488494946,DEFINED,1d32cd818c188ce35f72deb2
W00,S2_COMBINATION,neg_log10_mol_l,STL_FULL,full,ACx_Growth,1,1,0,0.29685143771781597,0.29685143771781597,,N_LT_2,1d32cd818c188ce35f72deb2
W00,S2_COMBINATION,neg_log10_mol_l,STL_FULL,full,ACx_Immobilization,32,32,0,1.6512523704859605,1.891623477500153,-0.033275622020970674,DEFINED,1d32cd818c188ce35f72deb2
W00,S2_COMBINATION,neg_log10_mol_l,STL_FULL,full,ACx_Injury,72,72,0,1.2850083712233724,1.704433924794351,-0.11084822244530823,DEFINED,1d32cd818c188ce35f72deb2
W00,S2_COMBINATION,neg_log10_mol_l,STL_FULL,full,ACx_Molting,104,104,0,0.5059679772410077,0.5997048033765802,0.18891302071979343,DEFINED,1d32cd818c188ce35f72deb2
W00,S2_COMBINATION,neg_log10_mol_l,STL_FULL,full,ACx_Mortality,59,59,0,1.3050906504257795,1.6444132288488078,0.1969008251775275,DEFINED,1d32cd818c188ce35f72deb2
W00,S2_COMBINATION,neg_log10_mol_l,STL_FULL,full,ACx_Physiology,73,73,0,1.421539237528017,1.703383956065532,0.07264122241746984,DEFINED,1d32cd818c188ce35f72deb2
W00,S2_COMBINATION,neg_log10_mol_l,STL_FULL,full,BMCx_Biochemical,2,2,0,1.5979663172891714,1.5995745774787629,-496.5498126430531,DEFINED,1d32cd818c188ce35f72deb2
W00,S2_COMBINATION,neg_log10_mol_l,STL_FULL,full,BMCx_Development,8,8,0,0.3566899410720542,0.4854860676134464,-0.09406863844914892,DEFINED,1d32cd818c188ce35f72deb2
W00,S2_COMBINATION,neg_log10_mol_l,STL_FULL,full,BMCx_Immobilization,3,3,0,0.39642295205212746,0.5226348086020292,-1.1612745066325552,DEFINED,1d32cd818c188ce35f72deb2
W00,S2_COMBINATION,neg_log10_mol_l,STL_FULL,full,BMCx_Injury,10,10,0,0.4886017829094521,0.5432533987203162,0.286996798755496,DEFINED,1d32cd818c188ce35f72deb2
W00,S2_COMBINATION,neg_log10_mol_l,STL_FULL,full,BMCx_Molting,19,19,0,0.5842562800820484,0.6324593619854461,-2.281235317905444,DEFINED,1d32cd818c188ce35f72deb2
W00,S2_COMBINATION,neg_log10_mol_l,STL_FULL,full,BMCx_Mortality,8,8,0,0.3238090735031528,0.46746736146673407,-0.26795480504155367,DEFINED,1d32cd818c188ce35f72deb2
W00,S2_COMBINATION,neg_log10_mol_l,STL_FULL,full,BMCx_Physiology,7,7,0,0.6124508438781641,0.80546532331294,0.005405896191747361,DEFINED,1d32cd818c188ce35f72deb2
W00,S2_COMBINATION,neg_log10_mol_l,STL_FULL,full,BMDx_Behavior,34,34,0,1.3008015740595296,1.7062899185734357,0.195605251770414,DEFINED,1d32cd818c188ce35f72deb2
W00,S2_COMBINATION,neg_log10_mol_l,STL_FULL,full,BMDx_Development,48,48,0,1.0001263178537159,1.2272037369913422,0.011331187408368026,DEFINED,1d32cd818c188ce35f72deb2
W00,S2_COMBINATION,neg_log10_mol_l,STL_FULL,full,BMDx_Immobilization,8,8,0,0.02519411757888429,0.02978936017590585,,CONSTANT_TARGET,1d32cd818c188ce35f72deb2
W00,S2_COMBINATION,neg_log10_mol_l,STL_FULL,full,BMDx_Injury,13,13,0,1.6199813553722178,1.7330467320844838,-0.24033120979407574,DEFINED,1d32cd818c188ce35f72deb2
W00,S2_COMBINATION,neg_log10_mol_l,STL_FULL,full,BMDx_Molting,3,3,0,2.5018893848909607,2.5929241110623216,-13.495868196339332,DEFINED,1d32cd818c188ce35f72deb2
W00,S2_COMBINATION,neg_log10_mol_l,STL_FULL,full,BMDx_Morphology,6,6,0,0.2666474245074255,0.2854555401838498,0.03357145754688029,DEFINED,1d32cd818c188ce35f72deb2
W00,S2_COMBINATION,neg_log10_mol_l,STL_FULL,full,BMDx_Mortality,17,17,0,1.2912608432998514,1.5386502535930728,0.10916105334710025,DEFINED,1d32cd818c188ce35f72deb2
W00,S2_COMBINATION,neg_log10_mol_l,STL_FULL,full,BMDx_Physiology,10,10,0,0.74356559704825,1.052022826685659,0.3044886919307245,DEFINED,1d32cd818c188ce35f72deb2
W00,S2_COMBINATION,neg_log10_mol_l,STL_FULL,full,ECx_Behavior,492,492,0,0.7927932661588993,1.083940525625349,0.7559197899992669,DEFINED,1d32cd818c188ce35f72deb2
W00,S2_COMBINATION,neg_log10_mol_l,STL_FULL,full,ECx_Biochemical,240,240,0,0.9933143627065616,1.319147131499456,0.6642163235470346,DEFINED,1d32cd818c188ce35f72deb2
W00,S2_COMBINATION,neg_log10_mol_l,STL_FULL,full,ECx_Development,504,504,0,1.0506498828696547,1.3641048688163664,0.548728196028814,DEFINED,1d32cd818c188ce35f72deb2
W00,S2_COMBINATION,neg_log10_mol_l,STL_FULL,full,ECx_Feeding,40,40,0,0.9795736768442133,1.509383441155303,0.15398621966721393,DEFINED,1d32cd818c188ce35f72deb2
W00,S2_COMBINATION,neg_log10_mol_l,STL_FULL,full,ECx_GeneticDamage,47,47,0,1.326441046616306,1.7268511727963847,0.6014927874087024,DEFINED,1d32cd818c188ce35f72deb2
W00,S2_COMBINATION,neg_log10_mol_l,STL_FULL,full,ECx_Growth,725,725,0,0.8167216656026609,1.171108951260281,0.5695573136315781,DEFINED,1d32cd818c188ce35f72deb2
W00,S2_COMBINATION,neg_log10_mol_l,STL_FULL,full,ECx_Immobilization,1566,1566,0,0.7350986863409759,0.9955191807722628,0.7882882658250827,DEFINED,1d32cd818c188ce35f72deb2
W00,S2_COMBINATION,neg_log10_mol_l,STL_FULL,full,ECx_Injury,65,65,0,0.9650474016040698,1.2935662538717942,0.6018962562593556,DEFINED,1d32cd818c188ce35f72deb2
W00,S2_COMBINATION,neg_log10_mol_l,STL_FULL,full,ECx_Molting,182,182,0,0.7551782880143119,0.9819686280350425,0.4714637667849225,DEFINED,1d32cd818c188ce35f72deb2
W00,S2_COMBINATION,neg_log10_mol_l,STL_FULL,full,ECx_Morphology,49,49,0,0.880261494060735,1.1304510000089885,0.5320840029621487,DEFINED,1d32cd818c188ce35f72deb2
W00,S2_COMBINATION,neg_log10_mol_l,STL_FULL,full,ECx_Mortality,14822,14822,0,0.6518318473612144,0.9140158045047169,0.7586064294627384,DEFINED,1d32cd818c188ce35f72deb2
W00,S2_COMBINATION,neg_log10_mol_l,STL_FULL,full,ECx_Physiology,447,447,0,0.8394348300097887,1.0746573506406296,0.6914715044287484,DEFINED,1d32cd818c188ce35f72deb2
W00,S2_COMBINATION,neg_log10_mol_l,STL_FULL,full,ECx_Population,2104,2104,0,0.7618262169348428,1.0255504364868748,0.6183038310249689,DEFINED,1d32cd818c188ce35f72deb2
W00,S2_COMBINATION,neg_log10_mol_l,STL_FULL,full,ECx_Reproduction,208,208,0,0.8722941273433398,1.0767475270859768,0.5527836500677058,DEFINED,1d32cd818c188ce35f72deb2
W00,S2_COMBINATION,neg_log10_mol_l,STL_FULL,full,EDx_Development,5,5,0,1.231996688438658,1.7914013564882842,-0.43980296636458793,DEFINED,1d32cd818c188ce35f72deb2
W00,S2_COMBINATION,neg_log10_mol_l,STL_FULL,full,EDx_Growth,2,2,0,1.2640590109474208,1.3622513162880419,-293.14836336983666,DEFINED,1d32cd818c188ce35f72deb2
W00,S2_COMBINATION,neg_log10_mol_l,STL_FULL,full,EDx_Molting,3,3,0,0.5934020924144345,0.6597760274742401,0.14849963761406537,DEFINED,1d32cd818c188ce35f72deb2
W00,S2_COMBINATION,neg_log10_mol_l,STL_FULL,full,EDx_Physiology,2,2,0,1.1670282216844314,1.47614936080004,-0.5975417828287368,DEFINED,1d32cd818c188ce35f72deb2
W00,S2_COMBINATION,neg_log10_mol_l,STL_FULL,full,EDx_Population,2,2,0,0.11550457326583308,0.11585305773185958,-0.006043226788157385,DEFINED,1d32cd818c188ce35f72deb2
W00,S2_COMBINATION,neg_log10_mol_l,STL_FULL,full,EDx_Reproduction,2,2,0,0.3260129592150731,0.38023287236209247,0.766582936326813,DEFINED,1d32cd818c188ce35f72deb2
W00,S2_COMBINATION,neg_log10_mol_l,STL_FULL,full,ICx_Behavior,3,3,0,1.0564659008458885,1.1380569749157115,-1.19359359190004,DEFINED,1d32cd818c188ce35f72deb2
W00,S2_COMBINATION,neg_log10_mol_l,STL_FULL,full,ICx_Biochemical,171,171,0,1.0234434477549186,1.348045643632247,0.25986018278957135,DEFINED,1d32cd818c188ce35f72deb2
W00,S2_COMBINATION,neg_log10_mol_l,STL_FULL,full,ICx_Development,29,29,0,1.0007559541916013,1.1665641358080885,0.38739152933840315,DEFINED,1d32cd818c188ce35f72deb2
W00,S2_COMBINATION,neg_log10_mol_l,STL_FULL,full,ICx_Feeding,3,3,0,0.47381337269288554,0.4888091229622727,-16.397742874952545,DEFINED,1d32cd818c188ce35f72deb2
W00,S2_COMBINATION,neg_log10_mol_l,STL_FULL,full,ICx_GeneticDamage,5,5,0,1.1690163267733475,1.3199219752798652,-1.0690391027663568,DEFINED,1d32cd818c188ce35f72deb2
W00,S2_COMBINATION,neg_log10_mol_l,STL_FULL,full,ICx_Growth,110,110,0,0.5440905789079654,0.7306731754173822,0.7027966616563803,DEFINED,1d32cd818c188ce35f72deb2
W00,S2_COMBINATION,neg_log10_mol_l,STL_FULL,full,ICx_Immobilization,77,77,0,0.18447183531612285,0.21142060831023207,0.4342146382406684,DEFINED,1d32cd818c188ce35f72deb2
W00,S2_COMBINATION,neg_log10_mol_l,STL_FULL,full,ICx_Molting,1,1,0,1.135224516939192,1.135224516939192,,N_LT_2,1d32cd818c188ce35f72deb2
W00,S2_COMBINATION,neg_log10_mol_l,STL_FULL,full,ICx_Morphology,2,2,0,1.0080542744523284,1.0101119650592545,-100.09786949263828,DEFINED,1d32cd818c188ce35f72deb2
W00,S2_COMBINATION,neg_log10_mol_l,STL_FULL,full,ICx_Mortality,23,23,0,0.6992011361699417,1.0786767324859348,0.4308670805118725,DEFINED,1d32cd818c188ce35f72deb2
W00,S2_COMBINATION,neg_log10_mol_l,STL_FULL,full,ICx_Physiology,164,164,0,0.6779342417657163,0.951656112979601,0.7529192045828492,DEFINED,1d32cd818c188ce35f72deb2
W00,S2_COMBINATION,neg_log10_mol_l,STL_FULL,full,ICx_Population,289,289,0,0.8280329636192829,1.1311347710170463,0.6544500791427588,DEFINED,1d32cd818c188ce35f72deb2
W00,S2_COMBINATION,neg_log10_mol_l,STL_FULL,full,ICx_Reproduction,66,66,0,0.8473019064921865,1.0422133916236274,0.838097795382149,DEFINED,1d32cd818c188ce35f72deb2
W00,S2_COMBINATION,neg_log10_mol_l,STL_FULL,full,LDx_Injury,5,5,0,0.5712342089702024,0.7553086077700535,0.3679253069102495,DEFINED,1d32cd818c188ce35f72deb2
W00,S2_COMBINATION,neg_log10_mol_l,STL_FULL,full,LDx_Mortality,239,239,0,0.6870399619128846,0.9082683567179424,0.7177611287882196,DEFINED,1d32cd818c188ce35f72deb2
W00,S2_COMBINATION,neg_log10_mol_l,STL_FULL,full,LDx_Physiology,8,8,0,0.45756823383752687,0.524226388669176,-1.0767284407276838,DEFINED,1d32cd818c188ce35f72deb2
W00,S2_COMBINATION,neg_log10_mol_l,STL_FULL,full,LDx_Reproduction,1,1,0,0.2906357728032045,0.2906357728032045,,N_LT_2,1d32cd818c188ce35f72deb2
W00,S2_COMBINATION,neg_log10_mol_l,STL_FULL,full,LOEC_Accumulation,45,45,0,1.3145865709586064,1.5561473201985654,-0.13813109321108286,DEFINED,1d32cd818c188ce35f72deb2
W00,S2_COMBINATION,neg_log10_mol_l,STL_FULL,full,LOEC_Behavior,332,332,0,1.1128686362123115,1.389591517809309,0.3447478327585407,DEFINED,1d32cd818c188ce35f72deb2
W00,S2_COMBINATION,neg_log10_mol_l,STL_FULL,full,LOEC_Biochemical,1314,1314,0,1.1266132616664406,1.435243942280634,0.4047281082560372,DEFINED,1d32cd818c188ce35f72deb2
W00,S2_COMBINATION,neg_log10_mol_l,STL_FULL,full,LOEC_Development,422,422,0,1.1777908939786554,1.520869352413272,0.46007085499283196,DEFINED,1d32cd818c188ce35f72deb2
W00,S2_COMBINATION,neg_log10_mol_l,STL_FULL,full,LOEC_Feeding,30,30,0,0.5350192691246765,0.6716546732942162,0.03226901717500985,DEFINED,1d32cd818c188ce35f72deb2
W00,S2_COMBINATION,neg_log10_mol_l,STL_FULL,full,LOEC_GeneticDamage,857,857,0,1.15353989901136,1.4688689380545306,0.39237196220067583,DEFINED,1d32cd818c188ce35f72deb2
W00,S2_COMBINATION,neg_log10_mol_l,STL_FULL,full,LOEC_Growth,853,853,0,1.044030130412101,1.3558805117563622,0.44503579855116027,DEFINED,1d32cd818c188ce35f72deb2
W00,S2_COMBINATION,neg_log10_mol_l,STL_FULL,full,LOEC_Immobilization,61,61,0,0.8359418755797019,1.1912366997176005,0.5455159285364726,DEFINED,1d32cd818c188ce35f72deb2
W00,S2_COMBINATION,neg_log10_mol_l,STL_FULL,full,LOEC_Injury,113,113,0,1.187263488288064,1.5749623497076088,0.38264306194520414,DEFINED,1d32cd818c188ce35f72deb2
W00,S2_COMBINATION,neg_log10_mol_l,STL_FULL,full,LOEC_Molting,24,24,0,1.4921067025163177,1.834827883710651,0.3056958008176843,DEFINED,1d32cd818c188ce35f72deb2
W00,S2_COMBINATION,neg_log10_mol_l,STL_FULL,full,LOEC_Morphology,168,168,0,1.1030962843138719,1.4017663991753313,0.5921438117853732,DEFINED,1d32cd818c188ce35f72deb2
W00,S2_COMBINATION,neg_log10_mol_l,STL_FULL,full,LOEC_Mortality,831,831,0,1.0545108350535215,1.3799822902220897,0.5653834001820601,DEFINED,1d32cd818c188ce35f72deb2
W00,S2_COMBINATION,neg_log10_mol_l,STL_FULL,full,LOEC_Physiology,721,721,0,1.1249104220497037,1.4329873994688718,0.4615913843802901,DEFINED,1d32cd818c188ce35f72deb2
W00,S2_COMBINATION,neg_log10_mol_l,STL_FULL,full,LOEC_Population,936,936,0,0.8299000406026179,1.0901442355351885,0.6792633233179957,DEFINED,1d32cd818c188ce35f72deb2
W00,S2_COMBINATION,neg_log10_mol_l,STL_FULL,full,LOEC_Reproduction,495,495,0,1.0622892191931945,1.3405975056252482,0.6184114279186499,DEFINED,1d32cd818c188ce35f72deb2
W00,S2_COMBINATION,neg_log10_mol_l,STL_FULL,full,MATC_Behavior,2,2,0,1.5798167821962066,1.8130623714271348,-5.766785868255563,DEFINED,1d32cd818c188ce35f72deb2
W00,S2_COMBINATION,neg_log10_mol_l,STL_FULL,full,MATC_Biochemical,6,6,0,0.9866467996087759,1.2089476777970491,-0.876041993186609,DEFINED,1d32cd818c188ce35f72deb2
W00,S2_COMBINATION,neg_log10_mol_l,STL_FULL,full,MATC_Development,17,17,0,0.692105922984136,0.9403879551348803,0.1545728082729948,DEFINED,1d32cd818c188ce35f72deb2
W00,S2_COMBINATION,neg_log10_mol_l,STL_FULL,full,MATC_Growth,56,56,0,1.064059250000394,1.3011416519853534,0.33289189075289605,DEFINED,1d32cd818c188ce35f72deb2
W00,S2_COMBINATION,neg_log10_mol_l,STL_FULL,full,MATC_Immobilization,3,3,0,1.0199186630872468,1.1814422290884645,0.31861619762748605,DEFINED,1d32cd818c188ce35f72deb2
W00,S2_COMBINATION,neg_log10_mol_l,STL_FULL,full,MATC_Molting,7,7,0,0.6713573434829866,1.0702119221579565,0.3194755101890102,DEFINED,1d32cd818c188ce35f72deb2
W00,S2_COMBINATION,neg_log10_mol_l,STL_FULL,full,MATC_Mortality,92,92,0,0.9948925692982445,1.2257849387158104,0.6764791866745768,DEFINED,1d32cd818c188ce35f72deb2
W00,S2_COMBINATION,neg_log10_mol_l,STL_FULL,full,MATC_Physiology,3,3,0,2.949860527334637,2.986425427592392,-419.44634449189635,DEFINED,1d32cd818c188ce35f72deb2
W00,S2_COMBINATION,neg_log10_mol_l,STL_FULL,full,MATC_Population,22,22,0,0.6886558554316766,0.8930397026031127,0.6272246596819389,DEFINED,1d32cd818c188ce35f72deb2
W00,S2_COMBINATION,neg_log10_mol_l,STL_FULL,full,MATC_Reproduction,37,37,0,0.8931148473701277,1.215612571496295,0.27540737209421773,DEFINED,1d32cd818c188ce35f72deb2
W00,S2_COMBINATION,neg_log10_mol_l,STL_FULL,full,NOEC_Accumulation,30,30,0,1.130016702771627,1.3976727051574318,0.3833957512081325,DEFINED,1d32cd818c188ce35f72deb2
W00,S2_COMBINATION,neg_log10_mol_l,STL_FULL,full,NOEC_Behavior,434,434,0,1.0284165407786425,1.2897773597874682,0.42420538379701545,DEFINED,1d32cd818c188ce35f72deb2
W00,S2_COMBINATION,neg_log10_mol_l,STL_FULL,full,NOEC_Biochemical,1258,1258,0,1.1065164027864773,1.4390989051628906,0.4657082711778552,DEFINED,1d32cd818c188ce35f72deb2
W00,S2_COMBINATION,neg_log10_mol_l,STL_FULL,full,NOEC_Development,593,593,0,1.0231434006053428,1.3398503717196568,0.434086385423473,DEFINED,1d32cd818c188ce35f72deb2
W00,S2_COMBINATION,neg_log10_mol_l,STL_FULL,full,NOEC_Feeding,71,71,0,1.3352368926078952,1.7249421876982427,0.2949112373033185,DEFINED,1d32cd818c188ce35f72deb2
W00,S2_COMBINATION,neg_log10_mol_l,STL_FULL,full,NOEC_GeneticDamage,838,838,0,1.202320954598138,1.538083446986582,0.34574779869293115,DEFINED,1d32cd818c188ce35f72deb2
W00,S2_COMBINATION,neg_log10_mol_l,STL_FULL,full,NOEC_Growth,1168,1168,0,0.9649570607744913,1.2478142548356135,0.541464056298914,DEFINED,1d32cd818c188ce35f72deb2
W00,S2_COMBINATION,neg_log10_mol_l,STL_FULL,full,NOEC_Immobilization,275,275,0,1.0369107201359093,1.3175323678251225,0.520784366653879,DEFINED,1d32cd818c188ce35f72deb2
W00,S2_COMBINATION,neg_log10_mol_l,STL_FULL,full,NOEC_Injury,155,155,0,1.0131770800289885,1.312751068341872,0.512744001821082,DEFINED,1d32cd818c188ce35f72deb2
W00,S2_COMBINATION,neg_log10_mol_l,STL_FULL,full,NOEC_Molting,47,47,0,0.9556075970305921,1.1596283028552687,0.5030397434603538,DEFINED,1d32cd818c188ce35f72deb2
W00,S2_COMBINATION,neg_log10_mol_l,STL_FULL,full,NOEC_Morphology,281,281,0,0.9565919870024044,1.2507166705494557,0.5937416998498579,DEFINED,1d32cd818c188ce35f72deb2
W00,S2_COMBINATION,neg_log10_mol_l,STL_FULL,full,NOEC_Mortality,1793,1793,0,0.8752956911172525,1.1486657664541537,0.6696807030939501,DEFINED,1d32cd818c188ce35f72deb2
W00,S2_COMBINATION,neg_log10_mol_l,STL_FULL,full,NOEC_Physiology,798,798,0,1.0358818240606584,1.3311513974676732,0.4411418994400408,DEFINED,1d32cd818c188ce35f72deb2
W00,S2_COMBINATION,neg_log10_mol_l,STL_FULL,full,NOEC_Population,1386,1386,0,0.8032313267060548,1.0935006150507756,0.6106124135048037,DEFINED,1d32cd818c188ce35f72deb2
W00,S2_COMBINATION,neg_log10_mol_l,STL_FULL,full,NOEC_Reproduction,620,620,0,0.9606304367561037,1.2205728287679682,0.551646380655915,DEFINED,1d32cd818c188ce35f72deb2
W00,S2_COMBINATION,neg_log10_mol_l,STL_FULL,locked_common,ACx_Development,60,60,0,1.574936675390288,1.8988002810204476,-0.13358784488494946,DEFINED,1d32cd818c188ce35f72deb2
W00,S2_COMBINATION,neg_log10_mol_l,STL_FULL,locked_common,ACx_Growth,1,1,0,0.29685143771781597,0.29685143771781597,,N_LT_2,1d32cd818c188ce35f72deb2
W00,S2_COMBINATION,neg_log10_mol_l,STL_FULL,locked_common,ACx_Immobilization,32,32,0,1.6512523704859605,1.891623477500153,-0.033275622020970674,DEFINED,1d32cd818c188ce35f72deb2
W00,S2_COMBINATION,neg_log10_mol_l,STL_FULL,locked_common,ACx_Injury,72,72,0,1.2850083712233724,1.704433924794351,-0.11084822244530823,DEFINED,1d32cd818c188ce35f72deb2
W00,S2_COMBINATION,neg_log10_mol_l,STL_FULL,locked_common,ACx_Molting,104,104,0,0.5059679772410077,0.5997048033765802,0.18891302071979343,DEFINED,1d32cd818c188ce35f72deb2
W00,S2_COMBINATION,neg_log10_mol_l,STL_FULL,locked_common,ACx_Mortality,59,59,0,1.3050906504257795,1.6444132288488078,0.1969008251775275,DEFINED,1d32cd818c188ce35f72deb2
W00,S2_COMBINATION,neg_log10_mol_l,STL_FULL,locked_common,ACx_Physiology,73,73,0,1.421539237528017,1.703383956065532,0.07264122241746984,DEFINED,1d32cd818c188ce35f72deb2
W00,S2_COMBINATION,neg_log10_mol_l,STL_FULL,locked_common,BMCx_Development,8,8,0,0.3566899410720542,0.4854860676134464,-0.09406863844914892,DEFINED,1d32cd818c188ce35f72deb2
W00,S2_COMBINATION,neg_log10_mol_l,STL_FULL,locked_common,BMCx_Immobilization,3,3,0,0.39642295205212746,0.5226348086020292,-1.1612745066325552,DEFINED,1d32cd818c188ce35f72deb2
W00,S2_COMBINATION,neg_log10_mol_l,STL_FULL,locked_common,BMCx_Injury,10,10,0,0.4886017829094521,0.5432533987203162,0.286996798755496,DEFINED,1d32cd818c188ce35f72deb2
W00,S2_COMBINATION,neg_log10_mol_l,STL_FULL,locked_common,BMCx_Molting,19,19,0,0.5842562800820484,0.6324593619854461,-2.281235317905444,DEFINED,1d32cd818c188ce35f72deb2
W00,S2_COMBINATION,neg_log10_mol_l,STL_FULL,locked_common,BMCx_Mortality,8,8,0,0.3238090735031528,0.46746736146673407,-0.26795480504155367,DEFINED,1d32cd818c188ce35f72deb2
W00,S2_COMBINATION,neg_log10_mol_l,STL_FULL,locked_common,BMCx_Physiology,7,7,0,0.6124508438781641,0.80546532331294,0.005405896191747361,DEFINED,1d32cd818c188ce35f72deb2
W00,S2_COMBINATION,neg_log10_mol_l,STL_FULL,locked_common,BMDx_Behavior,34,34,0,1.3008015740595296,1.7062899185734357,0.195605251770414,DEFINED,1d32cd818c188ce35f72deb2
W00,S2_COMBINATION,neg_log10_mol_l,STL_FULL,locked_common,BMDx_Development,48,48,0,1.0001263178537159,1.2272037369913422,0.011331187408368026,DEFINED,1d32cd818c188ce35f72deb2
W00,S2_COMBINATION,neg_log10_mol_l,STL_FULL,locked_common,BMDx_Immobilization,8,8,0,0.02519411757888429,0.02978936017590585,,CONSTANT_TARGET,1d32cd818c188ce35f72deb2
W00,S2_COMBINATION,neg_log10_mol_l,STL_FULL,locked_common,BMDx_Injury,13,13,0,1.6199813553722178,1.7330467320844838,-0.24033120979407574,DEFINED,1d32cd818c188ce35f72deb2
W00,S2_COMBINATION,neg_log10_mol_l,STL_FULL,locked_common,BMDx_Molting,3,3,0,2.5018893848909607,2.5929241110623216,-13.495868196339332,DEFINED,1d32cd818c188ce35f72deb2
W00,S2_COMBINATION,neg_log10_mol_l,STL_FULL,locked_common,BMDx_Morphology,6,6,0,0.2666474245074255,0.2854555401838498,0.03357145754688029,DEFINED,1d32cd818c188ce35f72deb2
W00,S2_COMBINATION,neg_log10_mol_l,STL_FULL,locked_common,BMDx_Mortality,17,17,0,1.2912608432998514,1.5386502535930728,0.10916105334710025,DEFINED,1d32cd818c188ce35f72deb2
W00,S2_COMBINATION,neg_log10_mol_l,STL_FULL,locked_common,BMDx_Physiology,10,10,0,0.74356559704825,1.052022826685659,0.3044886919307245,DEFINED,1d32cd818c188ce35f72deb2
W00,S2_COMBINATION,neg_log10_mol_l,STL_FULL,locked_common,ECx_Behavior,492,492,0,0.7927932661588993,1.083940525625349,0.7559197899992669,DEFINED,1d32cd818c188ce35f72deb2
W00,S2_COMBINATION,neg_log10_mol_l,STL_FULL,locked_common,ECx_Biochemical,240,240,0,0.9933143627065616,1.319147131499456,0.6642163235470346,DEFINED,1d32cd818c188ce35f72deb2
W00,S2_COMBINATION,neg_log10_mol_l,STL_FULL,locked_common,ECx_Development,504,504,0,1.0506498828696547,1.3641048688163664,0.548728196028814,DEFINED,1d32cd818c188ce35f72deb2
W00,S2_COMBINATION,neg_log10_mol_l,STL_FULL,locked_common,ECx_Feeding,40,40,0,0.9795736768442133,1.509383441155303,0.15398621966721393,DEFINED,1d32cd818c188ce35f72deb2
W00,S2_COMBINATION,neg_log10_mol_l,STL_FULL,locked_common,ECx_GeneticDamage,47,47,0,1.326441046616306,1.7268511727963847,0.6014927874087024,DEFINED,1d32cd818c188ce35f72deb2
W00,S2_COMBINATION,neg_log10_mol_l,STL_FULL,locked_common,ECx_Growth,725,725,0,0.8167216656026609,1.171108951260281,0.5695573136315781,DEFINED,1d32cd818c188ce35f72deb2
W00,S2_COMBINATION,neg_log10_mol_l,STL_FULL,locked_common,ECx_Immobilization,1566,1566,0,0.7350986863409759,0.9955191807722628,0.7882882658250827,DEFINED,1d32cd818c188ce35f72deb2
W00,S2_COMBINATION,neg_log10_mol_l,STL_FULL,locked_common,ECx_Injury,65,65,0,0.9650474016040698,1.2935662538717942,0.6018962562593556,DEFINED,1d32cd818c188ce35f72deb2
W00,S2_COMBINATION,neg_log10_mol_l,STL_FULL,locked_common,ECx_Molting,182,182,0,0.7551782880143119,0.9819686280350425,0.4714637667849225,DEFINED,1d32cd818c188ce35f72deb2
W00,S2_COMBINATION,neg_log10_mol_l,STL_FULL,locked_common,ECx_Morphology,49,49,0,0.880261494060735,1.1304510000089885,0.5320840029621487,DEFINED,1d32cd818c188ce35f72deb2
W00,S2_COMBINATION,neg_log10_mol_l,STL_FULL,locked_common,ECx_Mortality,14822,14822,0,0.6518318473612144,0.9140158045047169,0.7586064294627384,DEFINED,1d32cd818c188ce35f72deb2
W00,S2_COMBINATION,neg_log10_mol_l,STL_FULL,locked_common,ECx_Physiology,447,447,0,0.8394348300097887,1.0746573506406296,0.6914715044287484,DEFINED,1d32cd818c188ce35f72deb2
W00,S2_COMBINATION,neg_log10_mol_l,STL_FULL,locked_common,ECx_Population,2104,2104,0,0.7618262169348428,1.0255504364868748,0.6183038310249689,DEFINED,1d32cd818c188ce35f72deb2
W00,S2_COMBINATION,neg_log10_mol_l,STL_FULL,locked_common,ECx_Reproduction,208,208,0,0.8722941273433398,1.0767475270859768,0.5527836500677058,DEFINED,1d32cd818c188ce35f72deb2
W00,S2_COMBINATION,neg_log10_mol_l,STL_FULL,locked_common,EDx_Development,5,5,0,1.231996688438658,1.7914013564882842,-0.43980296636458793,DEFINED,1d32cd818c188ce35f72deb2
W00,S2_COMBINATION,neg_log10_mol_l,STL_FULL,locked_common,EDx_Growth,2,2,0,1.2640590109474208,1.3622513162880419,-293.14836336983666,DEFINED,1d32cd818c188ce35f72deb2
W00,S2_COMBINATION,neg_log10_mol_l,STL_FULL,locked_common,EDx_Molting,3,3,0,0.5934020924144345,0.6597760274742401,0.14849963761406537,DEFINED,1d32cd818c188ce35f72deb2
W00,S2_COMBINATION,neg_log10_mol_l,STL_FULL,locked_common,EDx_Physiology,2,2,0,1.1670282216844314,1.47614936080004,-0.5975417828287368,DEFINED,1d32cd818c188ce35f72deb2
W00,S2_COMBINATION,neg_log10_mol_l,STL_FULL,locked_common,EDx_Population,2,2,0,0.11550457326583308,0.11585305773185958,-0.006043226788157385,DEFINED,1d32cd818c188ce35f72deb2
W00,S2_COMBINATION,neg_log10_mol_l,STL_FULL,locked_common,ICx_Behavior,3,3,0,1.0564659008458885,1.1380569749157115,-1.19359359190004,DEFINED,1d32cd818c188ce35f72deb2
W00,S2_COMBINATION,neg_log10_mol_l,STL_FULL,locked_common,ICx_Biochemical,171,171,0,1.0234434477549186,1.348045643632247,0.25986018278957135,DEFINED,1d32cd818c188ce35f72deb2
W00,S2_COMBINATION,neg_log10_mol_l,STL_FULL,locked_common,ICx_Development,29,29,0,1.0007559541916013,1.1665641358080885,0.38739152933840315,DEFINED,1d32cd818c188ce35f72deb2
W00,S2_COMBINATION,neg_log10_mol_l,STL_FULL,locked_common,ICx_Feeding,3,3,0,0.47381337269288554,0.4888091229622727,-16.397742874952545,DEFINED,1d32cd818c188ce35f72deb2
W00,S2_COMBINATION,neg_log10_mol_l,STL_FULL,locked_common,ICx_GeneticDamage,5,5,0,1.1690163267733475,1.3199219752798652,-1.0690391027663568,DEFINED,1d32cd818c188ce35f72deb2
W00,S2_COMBINATION,neg_log10_mol_l,STL_FULL,locked_common,ICx_Growth,110,110,0,0.5440905789079654,0.7306731754173822,0.7027966616563803,DEFINED,1d32cd818c188ce35f72deb2
W00,S2_COMBINATION,neg_log10_mol_l,STL_FULL,locked_common,ICx_Immobilization,77,77,0,0.18447183531612285,0.21142060831023207,0.4342146382406684,DEFINED,1d32cd818c188ce35f72deb2
W00,S2_COMBINATION,neg_log10_mol_l,STL_FULL,locked_common,ICx_Morphology,2,2,0,1.0080542744523284,1.0101119650592545,-100.09786949263828,DEFINED,1d32cd818c188ce35f72deb2
W00,S2_COMBINATION,neg_log10_mol_l,STL_FULL,locked_common,ICx_Mortality,23,23,0,0.6992011361699417,1.0786767324859348,0.4308670805118725,DEFINED,1d32cd818c188ce35f72deb2
W00,S2_COMBINATION,neg_log10_mol_l,STL_FULL,locked_common,ICx_Physiology,164,164,0,0.6779342417657163,0.951656112979601,0.7529192045828492,DEFINED,1d32cd818c188ce35f72deb2
W00,S2_COMBINATION,neg_log10_mol_l,STL_FULL,locked_common,ICx_Population,289,289,0,0.8280329636192829,1.1311347710170463,0.6544500791427588,DEFINED,1d32cd818c188ce35f72deb2
W00,S2_COMBINATION,neg_log10_mol_l,STL_FULL,locked_common,ICx_Reproduction,66,66,0,0.8473019064921865,1.0422133916236274,0.838097795382149,DEFINED,1d32cd818c188ce35f72deb2
W00,S2_COMBINATION,neg_log10_mol_l,STL_FULL,locked_common,LDx_Injury,5,5,0,0.5712342089702024,0.7553086077700535,0.3679253069102495,DEFINED,1d32cd818c188ce35f72deb2
W00,S2_COMBINATION,neg_log10_mol_l,STL_FULL,locked_common,LDx_Mortality,239,239,0,0.6870399619128846,0.9082683567179424,0.7177611287882196,DEFINED,1d32cd818c188ce35f72deb2
W00,S2_COMBINATION,neg_log10_mol_l,STL_FULL,locked_common,LDx_Physiology,8,8,0,0.45756823383752687,0.524226388669176,-1.0767284407276838,DEFINED,1d32cd818c188ce35f72deb2
W00,S2_COMBINATION,neg_log10_mol_l,STL_FULL,locked_common,LDx_Reproduction,1,1,0,0.2906357728032045,0.2906357728032045,,N_LT_2,1d32cd818c188ce35f72deb2
W00,S2_COMBINATION,neg_log10_mol_l,STL_FULL,locked_common,LOEC_Accumulation,45,45,0,1.3145865709586064,1.5561473201985654,-0.13813109321108286,DEFINED,1d32cd818c188ce35f72deb2
W00,S2_COMBINATION,neg_log10_mol_l,STL_FULL,locked_common,LOEC_Behavior,332,332,0,1.1128686362123115,1.389591517809309,0.3447478327585407,DEFINED,1d32cd818c188ce35f72deb2
W00,S2_COMBINATION,neg_log10_mol_l,STL_FULL,locked_common,LOEC_Biochemical,1314,1314,0,1.1266132616664406,1.435243942280634,0.4047281082560372,DEFINED,1d32cd818c188ce35f72deb2
W00,S2_COMBINATION,neg_log10_mol_l,STL_FULL,locked_common,LOEC_Development,422,422,0,1.1777908939786554,1.520869352413272,0.46007085499283196,DEFINED,1d32cd818c188ce35f72deb2
W00,S2_COMBINATION,neg_log10_mol_l,STL_FULL,locked_common,LOEC_Feeding,30,30,0,0.5350192691246765,0.6716546732942162,0.03226901717500985,DEFINED,1d32cd818c188ce35f72deb2
W00,S2_COMBINATION,neg_log10_mol_l,STL_FULL,locked_common,LOEC_GeneticDamage,857,857,0,1.15353989901136,1.4688689380545306,0.39237196220067583,DEFINED,1d32cd818c188ce35f72deb2
W00,S2_COMBINATION,neg_log10_mol_l,STL_FULL,locked_common,LOEC_Growth,853,853,0,1.044030130412101,1.3558805117563622,0.44503579855116027,DEFINED,1d32cd818c188ce35f72deb2
W00,S2_COMBINATION,neg_log10_mol_l,STL_FULL,locked_common,LOEC_Immobilization,61,61,0,0.8359418755797019,1.1912366997176005,0.5455159285364726,DEFINED,1d32cd818c188ce35f72deb2
W00,S2_COMBINATION,neg_log10_mol_l,STL_FULL,locked_common,LOEC_Injury,113,113,0,1.187263488288064,1.5749623497076088,0.38264306194520414,DEFINED,1d32cd818c188ce35f72deb2
W00,S2_COMBINATION,neg_log10_mol_l,STL_FULL,locked_common,LOEC_Molting,24,24,0,1.4921067025163177,1.834827883710651,0.3056958008176843,DEFINED,1d32cd818c188ce35f72deb2
W00,S2_COMBINATION,neg_log10_mol_l,STL_FULL,locked_common,LOEC_Morphology,168,168,0,1.1030962843138719,1.4017663991753313,0.5921438117853732,DEFINED,1d32cd818c188ce35f72deb2
W00,S2_COMBINATION,neg_log10_mol_l,STL_FULL,locked_common,LOEC_Mortality,831,831,0,1.0545108350535215,1.3799822902220897,0.5653834001820601,DEFINED,1d32cd818c188ce35f72deb2
W00,S2_COMBINATION,neg_log10_mol_l,STL_FULL,locked_common,LOEC_Physiology,721,721,0,1.1249104220497037,1.4329873994688718,0.4615913843802901,DEFINED,1d32cd818c188ce35f72deb2
W00,S2_COMBINATION,neg_log10_mol_l,STL_FULL,locked_common,LOEC_Population,936,936,0,0.8299000406026179,1.0901442355351885,0.6792633233179957,DEFINED,1d32cd818c188ce35f72deb2
W00,S2_COMBINATION,neg_log10_mol_l,STL_FULL,locked_common,LOEC_Reproduction,495,495,0,1.0622892191931945,1.3405975056252482,0.6184114279186499,DEFINED,1d32cd818c188ce35f72deb2
W00,S2_COMBINATION,neg_log10_mol_l,STL_FULL,locked_common,MATC_Behavior,2,2,0,1.5798167821962066,1.8130623714271348,-5.766785868255563,DEFINED,1d32cd818c188ce35f72deb2
W00,S2_COMBINATION,neg_log10_mol_l,STL_FULL,locked_common,MATC_Biochemical,6,6,0,0.9866467996087759,1.2089476777970491,-0.876041993186609,DEFINED,1d32cd818c188ce35f72deb2
W00,S2_COMBINATION,neg_log10_mol_l,STL_FULL,locked_common,MATC_Development,17,17,0,0.692105922984136,0.9403879551348803,0.1545728082729948,DEFINED,1d32cd818c188ce35f72deb2
W00,S2_COMBINATION,neg_log10_mol_l,STL_FULL,locked_common,MATC_Growth,56,56,0,1.064059250000394,1.3011416519853534,0.33289189075289605,DEFINED,1d32cd818c188ce35f72deb2
W00,S2_COMBINATION,neg_log10_mol_l,STL_FULL,locked_common,MATC_Immobilization,3,3,0,1.0199186630872468,1.1814422290884645,0.31861619762748605,DEFINED,1d32cd818c188ce35f72deb2
W00,S2_COMBINATION,neg_log10_mol_l,STL_FULL,locked_common,MATC_Molting,7,7,0,0.6713573434829866,1.0702119221579565,0.3194755101890102,DEFINED,1d32cd818c188ce35f72deb2
W00,S2_COMBINATION,neg_log10_mol_l,STL_FULL,locked_common,MATC_Mortality,92,92,0,0.9948925692982445,1.2257849387158104,0.6764791866745768,DEFINED,1d32cd818c188ce35f72deb2
W00,S2_COMBINATION,neg_log10_mol_l,STL_FULL,locked_common,MATC_Physiology,3,3,0,2.949860527334637,2.986425427592392,-419.44634449189635,DEFINED,1d32cd818c188ce35f72deb2
W00,S2_COMBINATION,neg_log10_mol_l,STL_FULL,locked_common,MATC_Population,22,22,0,0.6886558554316766,0.8930397026031127,0.6272246596819389,DEFINED,1d32cd818c188ce35f72deb2
W00,S2_COMBINATION,neg_log10_mol_l,STL_FULL,locked_common,MATC_Reproduction,37,37,0,0.8931148473701277,1.215612571496295,0.27540737209421773,DEFINED,1d32cd818c188ce35f72deb2
W00,S2_COMBINATION,neg_log10_mol_l,STL_FULL,locked_common,NOEC_Accumulation,30,30,0,1.130016702771627,1.3976727051574318,0.3833957512081325,DEFINED,1d32cd818c188ce35f72deb2
W00,S2_COMBINATION,neg_log10_mol_l,STL_FULL,locked_common,NOEC_Behavior,434,434,0,1.0284165407786425,1.2897773597874682,0.42420538379701545,DEFINED,1d32cd818c188ce35f72deb2
W00,S2_COMBINATION,neg_log10_mol_l,STL_FULL,locked_common,NOEC_Biochemical,1258,1258,0,1.1065164027864773,1.4390989051628906,0.4657082711778552,DEFINED,1d32cd818c188ce35f72deb2
W00,S2_COMBINATION,neg_log10_mol_l,STL_FULL,locked_common,NOEC_Development,593,593,0,1.0231434006053428,1.3398503717196568,0.434086385423473,DEFINED,1d32cd818c188ce35f72deb2
W00,S2_COMBINATION,neg_log10_mol_l,STL_FULL,locked_common,NOEC_Feeding,71,71,0,1.3352368926078952,1.7249421876982427,0.2949112373033185,DEFINED,1d32cd818c188ce35f72deb2
W00,S2_COMBINATION,neg_log10_mol_l,STL_FULL,locked_common,NOEC_GeneticDamage,838,838,0,1.202320954598138,1.538083446986582,0.34574779869293115,DEFINED,1d32cd818c188ce35f72deb2
W00,S2_COMBINATION,neg_log10_mol_l,STL_FULL,locked_common,NOEC_Growth,1168,1168,0,0.9649570607744913,1.2478142548356135,0.541464056298914,DEFINED,1d32cd818c188ce35f72deb2
W00,S2_COMBINATION,neg_log10_mol_l,STL_FULL,locked_common,NOEC_Immobilization,275,275,0,1.0369107201359093,1.3175323678251225,0.520784366653879,DEFINED,1d32cd818c188ce35f72deb2
W00,S2_COMBINATION,neg_log10_mol_l,STL_FULL,locked_common,NOEC_Injury,155,155,0,1.0131770800289885,1.312751068341872,0.512744001821082,DEFINED,1d32cd818c188ce35f72deb2
W00,S2_COMBINATION,neg_log10_mol_l,STL_FULL,locked_common,NOEC_Molting,47,47,0,0.9556075970305921,1.1596283028552687,0.5030397434603538,DEFINED,1d32cd818c188ce35f72deb2
W00,S2_COMBINATION,neg_log10_mol_l,STL_FULL,locked_common,NOEC_Morphology,281,281,0,0.9565919870024044,1.2507166705494557,0.5937416998498579,DEFINED,1d32cd818c188ce35f72deb2
W00,S2_COMBINATION,neg_log10_mol_l,STL_FULL,locked_common,NOEC_Mortality,1793,1793,0,0.8752956911172525,1.1486657664541537,0.6696807030939501,DEFINED,1d32cd818c188ce35f72deb2
W00,S2_COMBINATION,neg_log10_mol_l,STL_FULL,locked_common,NOEC_Physiology,798,798,0,1.0358818240606584,1.3311513974676732,0.4411418994400408,DEFINED,1d32cd818c188ce35f72deb2
W00,S2_COMBINATION,neg_log10_mol_l,STL_FULL,locked_common,NOEC_Population,1386,1386,0,0.8032313267060548,1.0935006150507756,0.6106124135048037,DEFINED,1d32cd818c188ce35f72deb2
W00,S2_COMBINATION,neg_log10_mol_l,STL_FULL,locked_common,NOEC_Reproduction,620,620,0,0.9606304367561037,1.2205728287679682,0.551646380655915,DEFINED,1d32cd818c188ce35f72deb2
W00,S2_COMBINATION,neg_log10_mol_l,STL_MOL,full,ACx_Development,60,60,0,1.5485685881169367,1.9064207962138109,-0.1427050312588829,DEFINED,d34155f04ad4fc239a29b86a
W00,S2_COMBINATION,neg_log10_mol_l,STL_MOL,full,ACx_Growth,1,1,0,0.36034831049446225,0.36034831049446225,,N_LT_2,d34155f04ad4fc239a29b86a
W00,S2_COMBINATION,neg_log10_mol_l,STL_MOL,full,ACx_Immobilization,32,32,0,1.7602606496074278,1.9847410750715744,-0.13750812537667234,DEFINED,d34155f04ad4fc239a29b86a
W00,S2_COMBINATION,neg_log10_mol_l,STL_MOL,full,ACx_Injury,72,72,0,1.2740673883339397,1.6824149362608052,-0.08233229068202985,DEFINED,d34155f04ad4fc239a29b86a
W00,S2_COMBINATION,neg_log10_mol_l,STL_MOL,full,ACx_Molting,104,104,0,0.5588986692388846,0.6748789082522768,-0.027174160590176966,DEFINED,d34155f04ad4fc239a29b86a
W00,S2_COMBINATION,neg_log10_mol_l,STL_MOL,full,ACx_Mortality,59,59,0,1.6915418360986478,1.8573880368692337,-0.024595735310886324,DEFINED,d34155f04ad4fc239a29b86a
W00,S2_COMBINATION,neg_log10_mol_l,STL_MOL,full,ACx_Physiology,73,73,0,1.4809860328793278,1.7583782712183775,0.011794426330390406,DEFINED,d34155f04ad4fc239a29b86a
W00,S2_COMBINATION,neg_log10_mol_l,STL_MOL,full,BMCx_Biochemical,2,2,0,2.024591226235297,2.0258608321093012,-797.0806782315882,DEFINED,d34155f04ad4fc239a29b86a
W00,S2_COMBINATION,neg_log10_mol_l,STL_MOL,full,BMCx_Development,8,8,0,0.3504829129504491,0.46816841429608197,-0.017408231156901488,DEFINED,d34155f04ad4fc239a29b86a
W00,S2_COMBINATION,neg_log10_mol_l,STL_MOL,full,BMCx_Immobilization,3,3,0,0.4266127245600731,0.5485663874047617,-1.3810672126573595,DEFINED,d34155f04ad4fc239a29b86a
W00,S2_COMBINATION,neg_log10_mol_l,STL_MOL,full,BMCx_Injury,10,10,0,0.5625467928441353,0.5972980589856931,0.13807637933586236,DEFINED,d34155f04ad4fc239a29b86a
W00,S2_COMBINATION,neg_log10_mol_l,STL_MOL,full,BMCx_Molting,19,19,0,0.5687374270951817,0.613913311167401,-2.0916208419086706,DEFINED,d34155f04ad4fc239a29b86a
W00,S2_COMBINATION,neg_log10_mol_l,STL_MOL,full,BMCx_Mortality,8,8,0,0.3297696198154262,0.46347303584900523,-0.24637902388861677,DEFINED,d34155f04ad4fc239a29b86a
W00,S2_COMBINATION,neg_log10_mol_l,STL_MOL,full,BMCx_Physiology,7,7,0,0.602874369064622,0.7988991578506973,0.021555692358490752,DEFINED,d34155f04ad4fc239a29b86a
W00,S2_COMBINATION,neg_log10_mol_l,STL_MOL,full,BMDx_Behavior,34,34,0,1.3201813183581537,1.7428801405125376,0.16073595184329637,DEFINED,d34155f04ad4fc239a29b86a
W00,S2_COMBINATION,neg_log10_mol_l,STL_MOL,full,BMDx_Development,48,48,0,1.0051410448843783,1.2350840059233317,-0.0014066980314921818,DEFINED,d34155f04ad4fc239a29b86a
W00,S2_COMBINATION,neg_log10_mol_l,STL_MOL,full,BMDx_Immobilization,8,8,0,0.027495919551274506,0.03954625965750996,,CONSTANT_TARGET,d34155f04ad4fc239a29b86a
W00,S2_COMBINATION,neg_log10_mol_l,STL_MOL,full,BMDx_Injury,13,13,0,1.6036105813683161,1.7103275762093506,-0.2080244390169701,DEFINED,d34155f04ad4fc239a29b86a
W00,S2_COMBINATION,neg_log10_mol_l,STL_MOL,full,BMDx_Molting,3,3,0,2.34810534152585,2.444872930522257,-11.887752981272167,DEFINED,d34155f04ad4fc239a29b86a
W00,S2_COMBINATION,neg_log10_mol_l,STL_MOL,full,BMDx_Morphology,6,6,0,0.25610136256988597,0.27762661782621967,0.08585518567440242,DEFINED,d34155f04ad4fc239a29b86a
W00,S2_COMBINATION,neg_log10_mol_l,STL_MOL,full,BMDx_Mortality,17,17,0,1.3193116349926493,1.5571901779447794,0.08756343334195771,DEFINED,d34155f04ad4fc239a29b86a
W00,S2_COMBINATION,neg_log10_mol_l,STL_MOL,full,BMDx_Physiology,10,10,0,1.4136300745462198,1.5428931713774385,-0.495979295419414,DEFINED,d34155f04ad4fc239a29b86a
W00,S2_COMBINATION,neg_log10_mol_l,STL_MOL,full,ECx_Behavior,492,492,0,0.9078794341880146,1.2686569383130546,0.6656432779632524,DEFINED,d34155f04ad4fc239a29b86a
W00,S2_COMBINATION,neg_log10_mol_l,STL_MOL,full,ECx_Biochemical,240,240,0,0.9841684961619267,1.3336884632982327,0.6567726447387259,DEFINED,d34155f04ad4fc239a29b86a
W00,S2_COMBINATION,neg_log10_mol_l,STL_MOL,full,ECx_Development,504,504,0,1.108286919261056,1.4165173832772409,0.513383872803236,DEFINED,d34155f04ad4fc239a29b86a
W00,S2_COMBINATION,neg_log10_mol_l,STL_MOL,full,ECx_Feeding,40,40,0,0.8765609808556623,1.4348796032152857,0.23544417933518447,DEFINED,d34155f04ad4fc239a29b86a
W00,S2_COMBINATION,neg_log10_mol_l,STL_MOL,full,ECx_GeneticDamage,47,47,0,1.3305978935718124,1.5210550489495465,0.6908165560720168,DEFINED,d34155f04ad4fc239a29b86a
W00,S2_COMBINATION,neg_log10_mol_l,STL_MOL,full,ECx_Growth,725,725,0,0.9581540638656686,1.365251350553334,0.41501334098814824,DEFINED,d34155f04ad4fc239a29b86a
W00,S2_COMBINATION,neg_log10_mol_l,STL_MOL,full,ECx_Immobilization,1566,1566,0,0.8495184040482523,1.1383899792655636,0.7231606672142634,DEFINED,d34155f04ad4fc239a29b86a
W00,S2_COMBINATION,neg_log10_mol_l,STL_MOL,full,ECx_Injury,65,65,0,1.0997939585405856,1.5645794565501203,0.417609671697043,DEFINED,d34155f04ad4fc239a29b86a
W00,S2_COMBINATION,neg_log10_mol_l,STL_MOL,full,ECx_Molting,182,182,0,1.0356680008009407,1.3032924020857544,0.06897087772913602,DEFINED,d34155f04ad4fc239a29b86a
W00,S2_COMBINATION,neg_log10_mol_l,STL_MOL,full,ECx_Morphology,49,49,0,0.8701712467837415,1.191160395850698,0.48047685649514404,DEFINED,d34155f04ad4fc239a29b86a
W00,S2_COMBINATION,neg_log10_mol_l,STL_MOL,full,ECx_Mortality,14822,14822,0,0.8079426880390099,1.1217014699985417,0.6364427028605767,DEFINED,d34155f04ad4fc239a29b86a
W00,S2_COMBINATION,neg_log10_mol_l,STL_MOL,full,ECx_Physiology,447,447,0,0.9861787198774825,1.3240134637859724,0.5316828553908175,DEFINED,d34155f04ad4fc239a29b86a
W00,S2_COMBINATION,neg_log10_mol_l,STL_MOL,full,ECx_Population,2104,2104,0,0.8774681803727197,1.20602701303944,0.4721411293759572,DEFINED,d34155f04ad4fc239a29b86a
W00,S2_COMBINATION,neg_log10_mol_l,STL_MOL,full,ECx_Reproduction,208,208,0,0.8477454964225084,1.1195900689471756,0.5164871932568427,DEFINED,d34155f04ad4fc239a29b86a
W00,S2_COMBINATION,neg_log10_mol_l,STL_MOL,full,EDx_Development,5,5,0,1.1081698166365483,1.5898662144705051,-0.1340662537804782,DEFINED,d34155f04ad4fc239a29b86a
W00,S2_COMBINATION,neg_log10_mol_l,STL_MOL,full,EDx_Growth,2,2,0,1.3874389596190055,1.4658273078738746,-339.57877595207486,DEFINED,d34155f04ad4fc239a29b86a
W00,S2_COMBINATION,neg_log10_mol_l,STL_MOL,full,EDx_Molting,3,3,0,0.5782034746330051,0.6433183713229379,0.19044999220997028,DEFINED,d34155f04ad4fc239a29b86a
W00,S2_COMBINATION,neg_log10_mol_l,STL_MOL,full,EDx_Physiology,2,2,0,1.121255003952291,1.3311299204657023,-0.2990698724723386,DEFINED,d34155f04ad4fc239a29b86a
W00,S2_COMBINATION,neg_log10_mol_l,STL_MOL,full,EDx_Population,2,2,0,0.15349245661493827,0.1920969564647262,-1.765939065581498,DEFINED,d34155f04ad4fc239a29b86a
W00,S2_COMBINATION,neg_log10_mol_l,STL_MOL,full,EDx_Reproduction,2,2,0,0.787015633863859,0.8534017714504762,-0.1758186945612621,DEFINED,d34155f04ad4fc239a29b86a
W00,S2_COMBINATION,neg_log10_mol_l,STL_MOL,full,ICx_Behavior,3,3,0,0.8657265650851261,1.174854333883583,-1.3377399877882699,DEFINED,d34155f04ad4fc239a29b86a
W00,S2_COMBINATION,neg_log10_mol_l,STL_MOL,full,ICx_Biochemical,171,171,0,1.1561359926905124,1.457968191036757,0.13423370998931128,DEFINED,d34155f04ad4fc239a29b86a
W00,S2_COMBINATION,neg_log10_mol_l,STL_MOL,full,ICx_Development,29,29,0,0.7506699097251721,1.0006348029027585,0.5492694819538209,DEFINED,d34155f04ad4fc239a29b86a
W00,S2_COMBINATION,neg_log10_mol_l,STL_MOL,full,ICx_Feeding,3,3,0,0.3200098136221712,0.3288662162604013,-6.875041036893958,DEFINED,d34155f04ad4fc239a29b86a
W00,S2_COMBINATION,neg_log10_mol_l,STL_MOL,full,ICx_GeneticDamage,5,5,0,0.7651691578337572,1.112268975761833,-0.4692368995112033,DEFINED,d34155f04ad4fc239a29b86a
W00,S2_COMBINATION,neg_log10_mol_l,STL_MOL,full,ICx_Growth,110,110,0,0.8526228823866856,0.9632691117436692,0.4834615861363648,DEFINED,d34155f04ad4fc239a29b86a
W00,S2_COMBINATION,neg_log10_mol_l,STL_MOL,full,ICx_Immobilization,77,77,0,0.23913096051945087,0.2970439731409923,-0.1168595478990353,DEFINED,d34155f04ad4fc239a29b86a
W00,S2_COMBINATION,neg_log10_mol_l,STL_MOL,full,ICx_Molting,1,1,0,1.190210747036903,1.190210747036903,,N_LT_2,d34155f04ad4fc239a29b86a
W00,S2_COMBINATION,neg_log10_mol_l,STL_MOL,full,ICx_Morphology,2,2,0,0.9814831935895554,0.9866112299590463,-95.44841198816519,DEFINED,d34155f04ad4fc239a29b86a
W00,S2_COMBINATION,neg_log10_mol_l,STL_MOL,full,ICx_Mortality,23,23,0,0.7926948066312841,1.1856930629804459,0.3123370235283971,DEFINED,d34155f04ad4fc239a29b86a
W00,S2_COMBINATION,neg_log10_mol_l,STL_MOL,full,ICx_Physiology,164,164,0,0.7910181134413281,1.1169486708450995,0.6596346520809045,DEFINED,d34155f04ad4fc239a29b86a
W00,S2_COMBINATION,neg_log10_mol_l,STL_MOL,full,ICx_Population,289,289,0,0.9923607243568727,1.341339809501466,0.5140856547073365,DEFINED,d34155f04ad4fc239a29b86a
W00,S2_COMBINATION,neg_log10_mol_l,STL_MOL,full,ICx_Reproduction,66,66,0,1.129032360156787,1.3727693301906758,0.7191110855169163,DEFINED,d34155f04ad4fc239a29b86a
W00,S2_COMBINATION,neg_log10_mol_l,STL_MOL,full,LDx_Injury,5,5,0,0.5850777291536052,0.7552065784055199,0.368096060487917,DEFINED,d34155f04ad4fc239a29b86a
W00,S2_COMBINATION,neg_log10_mol_l,STL_MOL,full,LDx_Mortality,239,239,0,0.8285954459041421,1.1323831852791346,0.5612922744055886,DEFINED,d34155f04ad4fc239a29b86a
W00,S2_COMBINATION,neg_log10_mol_l,STL_MOL,full,LDx_Physiology,8,8,0,0.4655155770865952,0.5362922526127221,-1.1734267061030494,DEFINED,d34155f04ad4fc239a29b86a
W00,S2_COMBINATION,neg_log10_mol_l,STL_MOL,full,LDx_Reproduction,1,1,0,0.27841179834618046,0.27841179834618046,,N_LT_2,d34155f04ad4fc239a29b86a
W00,S2_COMBINATION,neg_log10_mol_l,STL_MOL,full,LOEC_Accumulation,45,45,0,1.1201720487278584,1.4090233358702724,0.0669020365812274,DEFINED,d34155f04ad4fc239a29b86a
W00,S2_COMBINATION,neg_log10_mol_l,STL_MOL,full,LOEC_Behavior,332,332,0,1.241084491594642,1.5579773383791735,0.1763239659972088,DEFINED,d34155f04ad4fc239a29b86a
W00,S2_COMBINATION,neg_log10_mol_l,STL_MOL,full,LOEC_Biochemical,1314,1314,0,1.2457705110361503,1.603795796725408,0.25670352567570054,DEFINED,d34155f04ad4fc239a29b86a
W00,S2_COMBINATION,neg_log10_mol_l,STL_MOL,full,LOEC_Development,422,422,0,1.2958976539259286,1.644181300283285,0.3689665756483249,DEFINED,d34155f04ad4fc239a29b86a
W00,S2_COMBINATION,neg_log10_mol_l,STL_MOL,full,LOEC_Feeding,30,30,0,0.5640674449342371,0.6634961105032687,0.05563620983519568,DEFINED,d34155f04ad4fc239a29b86a
W00,S2_COMBINATION,neg_log10_mol_l,STL_MOL,full,LOEC_GeneticDamage,857,857,0,1.2640591099287788,1.6071138101482294,0.27261393372897114,DEFINED,d34155f04ad4fc239a29b86a
W00,S2_COMBINATION,neg_log10_mol_l,STL_MOL,full,LOEC_Growth,853,853,0,1.1182439203877275,1.491959495911132,0.32805117614242196,DEFINED,d34155f04ad4fc239a29b86a
W00,S2_COMBINATION,neg_log10_mol_l,STL_MOL,full,LOEC_Immobilization,61,61,0,1.0370450215532068,1.4072043272621246,0.3657844861538885,DEFINED,d34155f04ad4fc239a29b86a
W00,S2_COMBINATION,neg_log10_mol_l,STL_MOL,full,LOEC_Injury,113,113,0,1.3098734069563973,1.7175407319371472,0.26580728427720757,DEFINED,d34155f04ad4fc239a29b86a
W00,S2_COMBINATION,neg_log10_mol_l,STL_MOL,full,LOEC_Molting,24,24,0,1.5703106663801114,1.9159051024197657,0.24298041200640863,DEFINED,d34155f04ad4fc239a29b86a
W00,S2_COMBINATION,neg_log10_mol_l,STL_MOL,full,LOEC_Morphology,168,168,0,1.1613423133024134,1.4751457991166412,0.5483254104724112,DEFINED,d34155f04ad4fc239a29b86a
W00,S2_COMBINATION,neg_log10_mol_l,STL_MOL,full,LOEC_Mortality,831,831,0,1.1573721827289145,1.509419820569808,0.4800286908725847,DEFINED,d34155f04ad4fc239a29b86a
W00,S2_COMBINATION,neg_log10_mol_l,STL_MOL,full,LOEC_Physiology,721,721,0,1.2908990817286135,1.6027437495506371,0.32647233115710295,DEFINED,d34155f04ad4fc239a29b86a
W00,S2_COMBINATION,neg_log10_mol_l,STL_MOL,full,LOEC_Population,936,936,0,0.891318751056239,1.2052932580381668,0.6079277055955483,DEFINED,d34155f04ad4fc239a29b86a
W00,S2_COMBINATION,neg_log10_mol_l,STL_MOL,full,LOEC_Reproduction,495,495,0,1.1155445068093475,1.4458972672477102,0.5561119845125435,DEFINED,d34155f04ad4fc239a29b86a
W00,S2_COMBINATION,neg_log10_mol_l,STL_MOL,full,MATC_Behavior,2,2,0,1.5935157399628985,1.7756303615551674,-5.490259616795115,DEFINED,d34155f04ad4fc239a29b86a
W00,S2_COMBINATION,neg_log10_mol_l,STL_MOL,full,MATC_Biochemical,6,6,0,0.8434715170278365,1.0194490728267396,-0.33400855601205315,DEFINED,d34155f04ad4fc239a29b86a
W00,S2_COMBINATION,neg_log10_mol_l,STL_MOL,full,MATC_Development,17,17,0,0.6791512407343212,0.8775622541745287,0.26376244561922657,DEFINED,d34155f04ad4fc239a29b86a
W00,S2_COMBINATION,neg_log10_mol_l,STL_MOL,full,MATC_Growth,56,56,0,1.0251472535315966,1.2923845657719544,0.3418413609990062,DEFINED,d34155f04ad4fc239a29b86a
W00,S2_COMBINATION,neg_log10_mol_l,STL_MOL,full,MATC_Immobilization,3,3,0,1.051564854411838,1.1349625319434442,0.37117489145987104,DEFINED,d34155f04ad4fc239a29b86a
W00,S2_COMBINATION,neg_log10_mol_l,STL_MOL,full,MATC_Molting,7,7,0,1.4571308706612869,1.743175312987325,-0.8054535633047568,DEFINED,d34155f04ad4fc239a29b86a
W00,S2_COMBINATION,neg_log10_mol_l,STL_MOL,full,MATC_Mortality,92,92,0,1.0826738558567612,1.3139160356315978,0.628286024291808,DEFINED,d34155f04ad4fc239a29b86a
W00,S2_COMBINATION,neg_log10_mol_l,STL_MOL,full,MATC_Physiology,3,3,0,3.028527129768064,3.065304707691679,-441.94982653145604,DEFINED,d34155f04ad4fc239a29b86a
W00,S2_COMBINATION,neg_log10_mol_l,STL_MOL,full,MATC_Population,22,22,0,0.7023064045301826,0.872071780771982,0.6445241445178992,DEFINED,d34155f04ad4fc239a29b86a
W00,S2_COMBINATION,neg_log10_mol_l,STL_MOL,full,MATC_Reproduction,37,37,0,0.983670460520296,1.3587302391943872,0.09474688586577495,DEFINED,d34155f04ad4fc239a29b86a
W00,S2_COMBINATION,neg_log10_mol_l,STL_MOL,full,NOEC_Accumulation,30,30,0,1.308147880378948,1.632381329183461,0.15891714062681905,DEFINED,d34155f04ad4fc239a29b86a
W00,S2_COMBINATION,neg_log10_mol_l,STL_MOL,full,NOEC_Behavior,434,434,0,1.2347232587623997,1.5453460156938832,0.17341108883641343,DEFINED,d34155f04ad4fc239a29b86a
W00,S2_COMBINATION,neg_log10_mol_l,STL_MOL,full,NOEC_Biochemical,1258,1258,0,1.296273080529011,1.6643837961683696,0.2853323505433343,DEFINED,d34155f04ad4fc239a29b86a
W00,S2_COMBINATION,neg_log10_mol_l,STL_MOL,full,NOEC_Development,593,593,0,1.1321975268080573,1.4434098065050247,0.3432246520932538,DEFINED,d34155f04ad4fc239a29b86a
W00,S2_COMBINATION,neg_log10_mol_l,STL_MOL,full,NOEC_Feeding,71,71,0,1.2732132419107751,1.7504148843917808,0.273932996710625,DEFINED,d34155f04ad4fc239a29b86a
W00,S2_COMBINATION,neg_log10_mol_l,STL_MOL,full,NOEC_GeneticDamage,838,838,0,1.3583376863954368,1.7017576434869612,0.19909534867656564,DEFINED,d34155f04ad4fc239a29b86a
W00,S2_COMBINATION,neg_log10_mol_l,STL_MOL,full,NOEC_Growth,1168,1168,0,1.0618042882437553,1.4142119216167253,0.411017369320551,DEFINED,d34155f04ad4fc239a29b86a
W00,S2_COMBINATION,neg_log10_mol_l,STL_MOL,full,NOEC_Immobilization,275,275,0,1.031390457092194,1.3305947276367043,0.5112351255584497,DEFINED,d34155f04ad4fc239a29b86a
W00,S2_COMBINATION,neg_log10_mol_l,STL_MOL,full,NOEC_Injury,155,155,0,1.1204972943295561,1.4152906972429355,0.43365152251076655,DEFINED,d34155f04ad4fc239a29b86a
W00,S2_COMBINATION,neg_log10_mol_l,STL_MOL,full,NOEC_Molting,47,47,0,0.9721528852474742,1.2333165754148483,0.43787463604095855,DEFINED,d34155f04ad4fc239a29b86a
W00,S2_COMBINATION,neg_log10_mol_l,STL_MOL,full,NOEC_Morphology,281,281,0,1.006518757838467,1.3240955857939911,0.5446733757591736,DEFINED,d34155f04ad4fc239a29b86a
W00,S2_COMBINATION,neg_log10_mol_l,STL_MOL,full,NOEC_Mortality,1793,1793,0,1.0537617604668863,1.3848116296327835,0.5199041039479456,DEFINED,d34155f04ad4fc239a29b86a
W00,S2_COMBINATION,neg_log10_mol_l,STL_MOL,full,NOEC_Physiology,798,798,0,1.2465104827848916,1.5734365426596855,0.2191904614338238,DEFINED,d34155f04ad4fc239a29b86a
W00,S2_COMBINATION,neg_log10_mol_l,STL_MOL,full,NOEC_Population,1386,1386,0,0.9200725227803093,1.2483494271462923,0.492522990905923,DEFINED,d34155f04ad4fc239a29b86a
W00,S2_COMBINATION,neg_log10_mol_l,STL_MOL,full,NOEC_Reproduction,620,620,0,1.0644070849662304,1.374065874396062,0.4317906290435196,DEFINED,d34155f04ad4fc239a29b86a
W00,S2_COMBINATION,neg_log10_mol_l,STL_MOL,locked_common,ACx_Development,60,60,0,1.5485685881169367,1.9064207962138109,-0.1427050312588829,DEFINED,d34155f04ad4fc239a29b86a
W00,S2_COMBINATION,neg_log10_mol_l,STL_MOL,locked_common,ACx_Growth,1,1,0,0.36034831049446225,0.36034831049446225,,N_LT_2,d34155f04ad4fc239a29b86a
W00,S2_COMBINATION,neg_log10_mol_l,STL_MOL,locked_common,ACx_Immobilization,32,32,0,1.7602606496074278,1.9847410750715744,-0.13750812537667234,DEFINED,d34155f04ad4fc239a29b86a
W00,S2_COMBINATION,neg_log10_mol_l,STL_MOL,locked_common,ACx_Injury,72,72,0,1.2740673883339397,1.6824149362608052,-0.08233229068202985,DEFINED,d34155f04ad4fc239a29b86a
W00,S2_COMBINATION,neg_log10_mol_l,STL_MOL,locked_common,ACx_Molting,104,104,0,0.5588986692388846,0.6748789082522768,-0.027174160590176966,DEFINED,d34155f04ad4fc239a29b86a
W00,S2_COMBINATION,neg_log10_mol_l,STL_MOL,locked_common,ACx_Mortality,59,59,0,1.6915418360986478,1.8573880368692337,-0.024595735310886324,DEFINED,d34155f04ad4fc239a29b86a
W00,S2_COMBINATION,neg_log10_mol_l,STL_MOL,locked_common,ACx_Physiology,73,73,0,1.4809860328793278,1.7583782712183775,0.011794426330390406,DEFINED,d34155f04ad4fc239a29b86a
W00,S2_COMBINATION,neg_log10_mol_l,STL_MOL,locked_common,BMCx_Development,8,8,0,0.3504829129504491,0.46816841429608197,-0.017408231156901488,DEFINED,d34155f04ad4fc239a29b86a
W00,S2_COMBINATION,neg_log10_mol_l,STL_MOL,locked_common,BMCx_Immobilization,3,3,0,0.4266127245600731,0.5485663874047617,-1.3810672126573595,DEFINED,d34155f04ad4fc239a29b86a
W00,S2_COMBINATION,neg_log10_mol_l,STL_MOL,locked_common,BMCx_Injury,10,10,0,0.5625467928441353,0.5972980589856931,0.13807637933586236,DEFINED,d34155f04ad4fc239a29b86a
W00,S2_COMBINATION,neg_log10_mol_l,STL_MOL,locked_common,BMCx_Molting,19,19,0,0.5687374270951817,0.613913311167401,-2.0916208419086706,DEFINED,d34155f04ad4fc239a29b86a
W00,S2_COMBINATION,neg_log10_mol_l,STL_MOL,locked_common,BMCx_Mortality,8,8,0,0.3297696198154262,0.46347303584900523,-0.24637902388861677,DEFINED,d34155f04ad4fc239a29b86a
W00,S2_COMBINATION,neg_log10_mol_l,STL_MOL,locked_common,BMCx_Physiology,7,7,0,0.602874369064622,0.7988991578506973,0.021555692358490752,DEFINED,d34155f04ad4fc239a29b86a
W00,S2_COMBINATION,neg_log10_mol_l,STL_MOL,locked_common,BMDx_Behavior,34,34,0,1.3201813183581537,1.7428801405125376,0.16073595184329637,DEFINED,d34155f04ad4fc239a29b86a
W00,S2_COMBINATION,neg_log10_mol_l,STL_MOL,locked_common,BMDx_Development,48,48,0,1.0051410448843783,1.2350840059233317,-0.0014066980314921818,DEFINED,d34155f04ad4fc239a29b86a
W00,S2_COMBINATION,neg_log10_mol_l,STL_MOL,locked_common,BMDx_Immobilization,8,8,0,0.027495919551274506,0.03954625965750996,,CONSTANT_TARGET,d34155f04ad4fc239a29b86a
W00,S2_COMBINATION,neg_log10_mol_l,STL_MOL,locked_common,BMDx_Injury,13,13,0,1.6036105813683161,1.7103275762093506,-0.2080244390169701,DEFINED,d34155f04ad4fc239a29b86a
W00,S2_COMBINATION,neg_log10_mol_l,STL_MOL,locked_common,BMDx_Molting,3,3,0,2.34810534152585,2.444872930522257,-11.887752981272167,DEFINED,d34155f04ad4fc239a29b86a
W00,S2_COMBINATION,neg_log10_mol_l,STL_MOL,locked_common,BMDx_Morphology,6,6,0,0.25610136256988597,0.27762661782621967,0.08585518567440242,DEFINED,d34155f04ad4fc239a29b86a
W00,S2_COMBINATION,neg_log10_mol_l,STL_MOL,locked_common,BMDx_Mortality,17,17,0,1.3193116349926493,1.5571901779447794,0.08756343334195771,DEFINED,d34155f04ad4fc239a29b86a
W00,S2_COMBINATION,neg_log10_mol_l,STL_MOL,locked_common,BMDx_Physiology,10,10,0,1.4136300745462198,1.5428931713774385,-0.495979295419414,DEFINED,d34155f04ad4fc239a29b86a
W00,S2_COMBINATION,neg_log10_mol_l,STL_MOL,locked_common,ECx_Behavior,492,492,0,0.9078794341880146,1.2686569383130546,0.6656432779632524,DEFINED,d34155f04ad4fc239a29b86a
W00,S2_COMBINATION,neg_log10_mol_l,STL_MOL,locked_common,ECx_Biochemical,240,240,0,0.9841684961619267,1.3336884632982327,0.6567726447387259,DEFINED,d34155f04ad4fc239a29b86a
W00,S2_COMBINATION,neg_log10_mol_l,STL_MOL,locked_common,ECx_Development,504,504,0,1.108286919261056,1.4165173832772409,0.513383872803236,DEFINED,d34155f04ad4fc239a29b86a
W00,S2_COMBINATION,neg_log10_mol_l,STL_MOL,locked_common,ECx_Feeding,40,40,0,0.8765609808556623,1.4348796032152857,0.23544417933518447,DEFINED,d34155f04ad4fc239a29b86a
W00,S2_COMBINATION,neg_log10_mol_l,STL_MOL,locked_common,ECx_GeneticDamage,47,47,0,1.3305978935718124,1.5210550489495465,0.6908165560720168,DEFINED,d34155f04ad4fc239a29b86a
W00,S2_COMBINATION,neg_log10_mol_l,STL_MOL,locked_common,ECx_Growth,725,725,0,0.9581540638656686,1.365251350553334,0.41501334098814824,DEFINED,d34155f04ad4fc239a29b86a
W00,S2_COMBINATION,neg_log10_mol_l,STL_MOL,locked_common,ECx_Immobilization,1566,1566,0,0.8495184040482523,1.1383899792655636,0.7231606672142634,DEFINED,d34155f04ad4fc239a29b86a
W00,S2_COMBINATION,neg_log10_mol_l,STL_MOL,locked_common,ECx_Injury,65,65,0,1.0997939585405856,1.5645794565501203,0.417609671697043,DEFINED,d34155f04ad4fc239a29b86a
W00,S2_COMBINATION,neg_log10_mol_l,STL_MOL,locked_common,ECx_Molting,182,182,0,1.0356680008009407,1.3032924020857544,0.06897087772913602,DEFINED,d34155f04ad4fc239a29b86a
W00,S2_COMBINATION,neg_log10_mol_l,STL_MOL,locked_common,ECx_Morphology,49,49,0,0.8701712467837415,1.191160395850698,0.48047685649514404,DEFINED,d34155f04ad4fc239a29b86a
W00,S2_COMBINATION,neg_log10_mol_l,STL_MOL,locked_common,ECx_Mortality,14822,14822,0,0.8079426880390099,1.1217014699985417,0.6364427028605767,DEFINED,d34155f04ad4fc239a29b86a
W00,S2_COMBINATION,neg_log10_mol_l,STL_MOL,locked_common,ECx_Physiology,447,447,0,0.9861787198774825,1.3240134637859724,0.5316828553908175,DEFINED,d34155f04ad4fc239a29b86a
W00,S2_COMBINATION,neg_log10_mol_l,STL_MOL,locked_common,ECx_Population,2104,2104,0,0.8774681803727197,1.20602701303944,0.4721411293759572,DEFINED,d34155f04ad4fc239a29b86a
W00,S2_COMBINATION,neg_log10_mol_l,STL_MOL,locked_common,ECx_Reproduction,208,208,0,0.8477454964225084,1.1195900689471756,0.5164871932568427,DEFINED,d34155f04ad4fc239a29b86a
W00,S2_COMBINATION,neg_log10_mol_l,STL_MOL,locked_common,EDx_Development,5,5,0,1.1081698166365483,1.5898662144705051,-0.1340662537804782,DEFINED,d34155f04ad4fc239a29b86a
W00,S2_COMBINATION,neg_log10_mol_l,STL_MOL,locked_common,EDx_Growth,2,2,0,1.3874389596190055,1.4658273078738746,-339.57877595207486,DEFINED,d34155f04ad4fc239a29b86a
W00,S2_COMBINATION,neg_log10_mol_l,STL_MOL,locked_common,EDx_Molting,3,3,0,0.5782034746330051,0.6433183713229379,0.19044999220997028,DEFINED,d34155f04ad4fc239a29b86a
W00,S2_COMBINATION,neg_log10_mol_l,STL_MOL,locked_common,EDx_Physiology,2,2,0,1.121255003952291,1.3311299204657023,-0.2990698724723386,DEFINED,d34155f04ad4fc239a29b86a
W00,S2_COMBINATION,neg_log10_mol_l,STL_MOL,locked_common,EDx_Population,2,2,0,0.15349245661493827,0.1920969564647262,-1.765939065581498,DEFINED,d34155f04ad4fc239a29b86a
W00,S2_COMBINATION,neg_log10_mol_l,STL_MOL,locked_common,ICx_Behavior,3,3,0,0.8657265650851261,1.174854333883583,-1.3377399877882699,DEFINED,d34155f04ad4fc239a29b86a
W00,S2_COMBINATION,neg_log10_mol_l,STL_MOL,locked_common,ICx_Biochemical,171,171,0,1.1561359926905124,1.457968191036757,0.13423370998931128,DEFINED,d34155f04ad4fc239a29b86a
W00,S2_COMBINATION,neg_log10_mol_l,STL_MOL,locked_common,ICx_Development,29,29,0,0.7506699097251721,1.0006348029027585,0.5492694819538209,DEFINED,d34155f04ad4fc239a29b86a
W00,S2_COMBINATION,neg_log10_mol_l,STL_MOL,locked_common,ICx_Feeding,3,3,0,0.3200098136221712,0.3288662162604013,-6.875041036893958,DEFINED,d34155f04ad4fc239a29b86a
W00,S2_COMBINATION,neg_log10_mol_l,STL_MOL,locked_common,ICx_GeneticDamage,5,5,0,0.7651691578337572,1.112268975761833,-0.4692368995112033,DEFINED,d34155f04ad4fc239a29b86a
W00,S2_COMBINATION,neg_log10_mol_l,STL_MOL,locked_common,ICx_Growth,110,110,0,0.8526228823866856,0.9632691117436692,0.4834615861363648,DEFINED,d34155f04ad4fc239a29b86a
W00,S2_COMBINATION,neg_log10_mol_l,STL_MOL,locked_common,ICx_Immobilization,77,77,0,0.23913096051945087,0.2970439731409923,-0.1168595478990353,DEFINED,d34155f04ad4fc239a29b86a
W00,S2_COMBINATION,neg_log10_mol_l,STL_MOL,locked_common,ICx_Morphology,2,2,0,0.9814831935895554,0.9866112299590463,-95.44841198816519,DEFINED,d34155f04ad4fc239a29b86a
W00,S2_COMBINATION,neg_log10_mol_l,STL_MOL,locked_common,ICx_Mortality,23,23,0,0.7926948066312841,1.1856930629804459,0.3123370235283971,DEFINED,d34155f04ad4fc239a29b86a
W00,S2_COMBINATION,neg_log10_mol_l,STL_MOL,locked_common,ICx_Physiology,164,164,0,0.7910181134413281,1.1169486708450995,0.6596346520809045,DEFINED,d34155f04ad4fc239a29b86a
W00,S2_COMBINATION,neg_log10_mol_l,STL_MOL,locked_common,ICx_Population,289,289,0,0.9923607243568727,1.341339809501466,0.5140856547073365,DEFINED,d34155f04ad4fc239a29b86a
W00,S2_COMBINATION,neg_log10_mol_l,STL_MOL,locked_common,ICx_Reproduction,66,66,0,1.129032360156787,1.3727693301906758,0.7191110855169163,DEFINED,d34155f04ad4fc239a29b86a
W00,S2_COMBINATION,neg_log10_mol_l,STL_MOL,locked_common,LDx_Injury,5,5,0,0.5850777291536052,0.7552065784055199,0.368096060487917,DEFINED,d34155f04ad4fc239a29b86a
W00,S2_COMBINATION,neg_log10_mol_l,STL_MOL,locked_common,LDx_Mortality,239,239,0,0.8285954459041421,1.1323831852791346,0.5612922744055886,DEFINED,d34155f04ad4fc239a29b86a
W00,S2_COMBINATION,neg_log10_mol_l,STL_MOL,locked_common,LDx_Physiology,8,8,0,0.4655155770865952,0.5362922526127221,-1.1734267061030494,DEFINED,d34155f04ad4fc239a29b86a
W00,S2_COMBINATION,neg_log10_mol_l,STL_MOL,locked_common,LDx_Reproduction,1,1,0,0.27841179834618046,0.27841179834618046,,N_LT_2,d34155f04ad4fc239a29b86a
W00,S2_COMBINATION,neg_log10_mol_l,STL_MOL,locked_common,LOEC_Accumulation,45,45,0,1.1201720487278584,1.4090233358702724,0.0669020365812274,DEFINED,d34155f04ad4fc239a29b86a
W00,S2_COMBINATION,neg_log10_mol_l,STL_MOL,locked_common,LOEC_Behavior,332,332,0,1.241084491594642,1.5579773383791735,0.1763239659972088,DEFINED,d34155f04ad4fc239a29b86a
W00,S2_COMBINATION,neg_log10_mol_l,STL_MOL,locked_common,LOEC_Biochemical,1314,1314,0,1.2457705110361503,1.603795796725408,0.25670352567570054,DEFINED,d34155f04ad4fc239a29b86a
W00,S2_COMBINATION,neg_log10_mol_l,STL_MOL,locked_common,LOEC_Development,422,422,0,1.2958976539259286,1.644181300283285,0.3689665756483249,DEFINED,d34155f04ad4fc239a29b86a
W00,S2_COMBINATION,neg_log10_mol_l,STL_MOL,locked_common,LOEC_Feeding,30,30,0,0.5640674449342371,0.6634961105032687,0.05563620983519568,DEFINED,d34155f04ad4fc239a29b86a
W00,S2_COMBINATION,neg_log10_mol_l,STL_MOL,locked_common,LOEC_GeneticDamage,857,857,0,1.2640591099287788,1.6071138101482294,0.27261393372897114,DEFINED,d34155f04ad4fc239a29b86a
W00,S2_COMBINATION,neg_log10_mol_l,STL_MOL,locked_common,LOEC_Growth,853,853,0,1.1182439203877275,1.491959495911132,0.32805117614242196,DEFINED,d34155f04ad4fc239a29b86a
W00,S2_COMBINATION,neg_log10_mol_l,STL_MOL,locked_common,LOEC_Immobilization,61,61,0,1.0370450215532068,1.4072043272621246,0.3657844861538885,DEFINED,d34155f04ad4fc239a29b86a
W00,S2_COMBINATION,neg_log10_mol_l,STL_MOL,locked_common,LOEC_Injury,113,113,0,1.3098734069563973,1.7175407319371472,0.26580728427720757,DEFINED,d34155f04ad4fc239a29b86a
W00,S2_COMBINATION,neg_log10_mol_l,STL_MOL,locked_common,LOEC_Molting,24,24,0,1.5703106663801114,1.9159051024197657,0.24298041200640863,DEFINED,d34155f04ad4fc239a29b86a
W00,S2_COMBINATION,neg_log10_mol_l,STL_MOL,locked_common,LOEC_Morphology,168,168,0,1.1613423133024134,1.4751457991166412,0.5483254104724112,DEFINED,d34155f04ad4fc239a29b86a
W00,S2_COMBINATION,neg_log10_mol_l,STL_MOL,locked_common,LOEC_Mortality,831,831,0,1.1573721827289145,1.509419820569808,0.4800286908725847,DEFINED,d34155f04ad4fc239a29b86a
W00,S2_COMBINATION,neg_log10_mol_l,STL_MOL,locked_common,LOEC_Physiology,721,721,0,1.2908990817286135,1.6027437495506371,0.32647233115710295,DEFINED,d34155f04ad4fc239a29b86a
W00,S2_COMBINATION,neg_log10_mol_l,STL_MOL,locked_common,LOEC_Population,936,936,0,0.891318751056239,1.2052932580381668,0.6079277055955483,DEFINED,d34155f04ad4fc239a29b86a
W00,S2_COMBINATION,neg_log10_mol_l,STL_MOL,locked_common,LOEC_Reproduction,495,495,0,1.1155445068093475,1.4458972672477102,0.5561119845125435,DEFINED,d34155f04ad4fc239a29b86a
W00,S2_COMBINATION,neg_log10_mol_l,STL_MOL,locked_common,MATC_Behavior,2,2,0,1.5935157399628985,1.7756303615551674,-5.490259616795115,DEFINED,d34155f04ad4fc239a29b86a
W00,S2_COMBINATION,neg_log10_mol_l,STL_MOL,locked_common,MATC_Biochemical,6,6,0,0.8434715170278365,1.0194490728267396,-0.33400855601205315,DEFINED,d34155f04ad4fc239a29b86a
W00,S2_COMBINATION,neg_log10_mol_l,STL_MOL,locked_common,MATC_Development,17,17,0,0.6791512407343212,0.8775622541745287,0.26376244561922657,DEFINED,d34155f04ad4fc239a29b86a
W00,S2_COMBINATION,neg_log10_mol_l,STL_MOL,locked_common,MATC_Growth,56,56,0,1.0251472535315966,1.2923845657719544,0.3418413609990062,DEFINED,d34155f04ad4fc239a29b86a
W00,S2_COMBINATION,neg_log10_mol_l,STL_MOL,locked_common,MATC_Immobilization,3,3,0,1.051564854411838,1.1349625319434442,0.37117489145987104,DEFINED,d34155f04ad4fc239a29b86a
W00,S2_COMBINATION,neg_log10_mol_l,STL_MOL,locked_common,MATC_Molting,7,7,0,1.4571308706612869,1.743175312987325,-0.8054535633047568,DEFINED,d34155f04ad4fc239a29b86a
W00,S2_COMBINATION,neg_log10_mol_l,STL_MOL,locked_common,MATC_Mortality,92,92,0,1.0826738558567612,1.3139160356315978,0.628286024291808,DEFINED,d34155f04ad4fc239a29b86a
W00,S2_COMBINATION,neg_log10_mol_l,STL_MOL,locked_common,MATC_Physiology,3,3,0,3.028527129768064,3.065304707691679,-441.94982653145604,DEFINED,d34155f04ad4fc239a29b86a
W00,S2_COMBINATION,neg_log10_mol_l,STL_MOL,locked_common,MATC_Population,22,22,0,0.7023064045301826,0.872071780771982,0.6445241445178992,DEFINED,d34155f04ad4fc239a29b86a
W00,S2_COMBINATION,neg_log10_mol_l,STL_MOL,locked_common,MATC_Reproduction,37,37,0,0.983670460520296,1.3587302391943872,0.09474688586577495,DEFINED,d34155f04ad4fc239a29b86a
W00,S2_COMBINATION,neg_log10_mol_l,STL_MOL,locked_common,NOEC_Accumulation,30,30,0,1.308147880378948,1.632381329183461,0.15891714062681905,DEFINED,d34155f04ad4fc239a29b86a
W00,S2_COMBINATION,neg_log10_mol_l,STL_MOL,locked_common,NOEC_Behavior,434,434,0,1.2347232587623997,1.5453460156938832,0.17341108883641343,DEFINED,d34155f04ad4fc239a29b86a
W00,S2_COMBINATION,neg_log10_mol_l,STL_MOL,locked_common,NOEC_Biochemical,1258,1258,0,1.296273080529011,1.6643837961683696,0.2853323505433343,DEFINED,d34155f04ad4fc239a29b86a
W00,S2_COMBINATION,neg_log10_mol_l,STL_MOL,locked_common,NOEC_Development,593,593,0,1.1321975268080573,1.4434098065050247,0.3432246520932538,DEFINED,d34155f04ad4fc239a29b86a
W00,S2_COMBINATION,neg_log10_mol_l,STL_MOL,locked_common,NOEC_Feeding,71,71,0,1.2732132419107751,1.7504148843917808,0.273932996710625,DEFINED,d34155f04ad4fc239a29b86a
W00,S2_COMBINATION,neg_log10_mol_l,STL_MOL,locked_common,NOEC_GeneticDamage,838,838,0,1.3583376863954368,1.7017576434869612,0.19909534867656564,DEFINED,d34155f04ad4fc239a29b86a
W00,S2_COMBINATION,neg_log10_mol_l,STL_MOL,locked_common,NOEC_Growth,1168,1168,0,1.0618042882437553,1.4142119216167253,0.411017369320551,DEFINED,d34155f04ad4fc239a29b86a
W00,S2_COMBINATION,neg_log10_mol_l,STL_MOL,locked_common,NOEC_Immobilization,275,275,0,1.031390457092194,1.3305947276367043,0.5112351255584497,DEFINED,d34155f04ad4fc239a29b86a
W00,S2_COMBINATION,neg_log10_mol_l,STL_MOL,locked_common,NOEC_Injury,155,155,0,1.1204972943295561,1.4152906972429355,0.43365152251076655,DEFINED,d34155f04ad4fc239a29b86a
W00,S2_COMBINATION,neg_log10_mol_l,STL_MOL,locked_common,NOEC_Molting,47,47,0,0.9721528852474742,1.2333165754148483,0.43787463604095855,DEFINED,d34155f04ad4fc239a29b86a
W00,S2_COMBINATION,neg_log10_mol_l,STL_MOL,locked_common,NOEC_Morphology,281,281,0,1.006518757838467,1.3240955857939911,0.5446733757591736,DEFINED,d34155f04ad4fc239a29b86a
W00,S2_COMBINATION,neg_log10_mol_l,STL_MOL,locked_common,NOEC_Mortality,1793,1793,0,1.0537617604668863,1.3848116296327835,0.5199041039479456,DEFINED,d34155f04ad4fc239a29b86a
W00,S2_COMBINATION,neg_log10_mol_l,STL_MOL,locked_common,NOEC_Physiology,798,798,0,1.2465104827848916,1.5734365426596855,0.2191904614338238,DEFINED,d34155f04ad4fc239a29b86a
W00,S2_COMBINATION,neg_log10_mol_l,STL_MOL,locked_common,NOEC_Population,1386,1386,0,0.9200725227803093,1.2483494271462923,0.492522990905923,DEFINED,d34155f04ad4fc239a29b86a
W00,S2_COMBINATION,neg_log10_mol_l,STL_MOL,locked_common,NOEC_Reproduction,620,620,0,1.0644070849662304,1.374065874396062,0.4317906290435196,DEFINED,d34155f04ad4fc239a29b86a
W00,S3_PARENT,neg_log10_mol_l,MTL_FULL,full,ACx_Development,61,61,0,1.7015892315530976,2.023863602869278,-0.2636260245037474,DEFINED,3b49bf8c75e42f160b2c68e9
W00,S3_PARENT,neg_log10_mol_l,MTL_FULL,full,ACx_Immobilization,33,33,0,1.6624458175979488,1.9110392327584862,-0.1268210249382098,DEFINED,3b49bf8c75e42f160b2c68e9
W00,S3_PARENT,neg_log10_mol_l,MTL_FULL,full,ACx_Injury,70,70,0,1.1798216537721682,1.5358565310256447,0.09464074985410564,DEFINED,3b49bf8c75e42f160b2c68e9
W00,S3_PARENT,neg_log10_mol_l,MTL_FULL,full,ACx_Molting,104,104,0,0.6139310114624865,0.7690693665613038,0.19703160482667903,DEFINED,3b49bf8c75e42f160b2c68e9
W00,S3_PARENT,neg_log10_mol_l,MTL_FULL,full,ACx_Mortality,59,59,0,1.5255630172186114,1.9864312142266836,-0.02372923808894889,DEFINED,3b49bf8c75e42f160b2c68e9
W00,S3_PARENT,neg_log10_mol_l,MTL_FULL,full,ACx_Physiology,71,71,0,1.4407338411515889,1.6975494544746734,0.07978541132692407,DEFINED,3b49bf8c75e42f160b2c68e9
W00,S3_PARENT,neg_log10_mol_l,MTL_FULL,full,BMCx_Behavior,10,0,10,,,,NO_PREDICTION,3b49bf8c75e42f160b2c68e9
W00,S3_PARENT,neg_log10_mol_l,MTL_FULL,full,BMCx_Biochemical,8,8,0,2.0278477369670673,2.0431194169633224,-66.52524009144086,DEFINED,3b49bf8c75e42f160b2c68e9
W00,S3_PARENT,neg_log10_mol_l,MTL_FULL,full,BMCx_Development,9,9,0,0.7747554502158652,0.9568239711068466,0.4198620753819211,DEFINED,3b49bf8c75e42f160b2c68e9
W00,S3_PARENT,neg_log10_mol_l,MTL_FULL,full,BMCx_Immobilization,3,3,0,0.5592684116725879,0.7546989847986816,-0.48410597890356266,DEFINED,3b49bf8c75e42f160b2c68e9
W00,S3_PARENT,neg_log10_mol_l,MTL_FULL,full,BMCx_Injury,10,10,0,0.5989116357269124,0.7093351162602992,-0.08113540903162653,DEFINED,3b49bf8c75e42f160b2c68e9
W00,S3_PARENT,neg_log10_mol_l,MTL_FULL,full,BMCx_Molting,18,18,0,0.43448540223342724,0.514092890465459,0.1782814640738153,DEFINED,3b49bf8c75e42f160b2c68e9
W00,S3_PARENT,neg_log10_mol_l,MTL_FULL,full,BMCx_Mortality,9,9,0,0.42359663916404877,0.5306516286580201,0.1114358198441977,DEFINED,3b49bf8c75e42f160b2c68e9
W00,S3_PARENT,neg_log10_mol_l,MTL_FULL,full,BMCx_Physiology,6,6,0,0.49114446491802105,0.5169899379154997,0.14327080702288664,DEFINED,3b49bf8c75e42f160b2c68e9
W00,S3_PARENT,neg_log10_mol_l,MTL_FULL,full,BMDx_Behavior,34,34,0,1.5480851670546922,2.2169840076808827,-0.03083718771556443,DEFINED,3b49bf8c75e42f160b2c68e9
W00,S3_PARENT,neg_log10_mol_l,MTL_FULL,full,BMDx_Development,47,47,0,0.829921813590786,1.1359431321408355,0.042846475966378916,DEFINED,3b49bf8c75e42f160b2c68e9
W00,S3_PARENT,neg_log10_mol_l,MTL_FULL,full,BMDx_Immobilization,9,9,0,0.30733504538579964,0.7310044936739449,-0.12417295282707363,DEFINED,3b49bf8c75e42f160b2c68e9
W00,S3_PARENT,neg_log10_mol_l,MTL_FULL,full,BMDx_Injury,14,14,0,1.250458459652139,1.347237676878377,-0.2984724620858934,DEFINED,3b49bf8c75e42f160b2c68e9
W00,S3_PARENT,neg_log10_mol_l,MTL_FULL,full,BMDx_Morphology,6,6,0,0.30351917913583043,0.3458079420204783,-0.14978744560951296,DEFINED,3b49bf8c75e42f160b2c68e9
W00,S3_PARENT,neg_log10_mol_l,MTL_FULL,full,BMDx_Mortality,17,17,0,2.096131605039154,3.280906533315703,-0.051611714773623474,DEFINED,3b49bf8c75e42f160b2c68e9
W00,S3_PARENT,neg_log10_mol_l,MTL_FULL,full,BMDx_Physiology,12,12,0,0.9309911824271261,1.267747214137094,-0.12953549393034236,DEFINED,3b49bf8c75e42f160b2c68e9
W00,S3_PARENT,neg_log10_mol_l,MTL_FULL,full,ECx_Behavior,492,492,0,0.968189668613497,1.2446214511627427,0.6538228697216991,DEFINED,3b49bf8c75e42f160b2c68e9
W00,S3_PARENT,neg_log10_mol_l,MTL_FULL,full,ECx_Biochemical,240,240,0,1.0549300680380698,1.3404910093807132,0.6126522186068721,DEFINED,3b49bf8c75e42f160b2c68e9
W00,S3_PARENT,neg_log10_mol_l,MTL_FULL,full,ECx_Development,504,504,0,1.0655950130816132,1.439946870755583,0.5868419067743695,DEFINED,3b49bf8c75e42f160b2c68e9
W00,S3_PARENT,neg_log10_mol_l,MTL_FULL,full,ECx_Feeding,39,39,0,0.767336224927649,1.0762036910649766,0.3844848286018401,DEFINED,3b49bf8c75e42f160b2c68e9
W00,S3_PARENT,neg_log10_mol_l,MTL_FULL,full,ECx_GeneticDamage,47,47,0,0.6490975804654234,0.8432785422735927,0.9103986083559941,DEFINED,3b49bf8c75e42f160b2c68e9
W00,S3_PARENT,neg_log10_mol_l,MTL_FULL,full,ECx_Growth,725,725,0,0.9274996225454457,1.2817161938432289,0.44618176066922666,DEFINED,3b49bf8c75e42f160b2c68e9
W00,S3_PARENT,neg_log10_mol_l,MTL_FULL,full,ECx_Immobilization,1566,1566,0,0.8661194963730364,1.1137820717043905,0.7159870426028854,DEFINED,3b49bf8c75e42f160b2c68e9
W00,S3_PARENT,neg_log10_mol_l,MTL_FULL,full,ECx_Injury,65,65,0,0.7189134903798919,1.0023860172060837,0.7736731466527108,DEFINED,3b49bf8c75e42f160b2c68e9
W00,S3_PARENT,neg_log10_mol_l,MTL_FULL,full,ECx_Molting,182,182,0,0.9095683162777658,1.1456384658424845,0.6002565762833163,DEFINED,3b49bf8c75e42f160b2c68e9
W00,S3_PARENT,neg_log10_mol_l,MTL_FULL,full,ECx_Morphology,48,48,0,0.4766366139282108,0.7070185750585853,0.6921722063363946,DEFINED,3b49bf8c75e42f160b2c68e9
W00,S3_PARENT,neg_log10_mol_l,MTL_FULL,full,ECx_Mortality,14822,14822,0,1.0267305833805016,1.3152834293414841,0.5350198335983014,DEFINED,3b49bf8c75e42f160b2c68e9
W00,S3_PARENT,neg_log10_mol_l,MTL_FULL,full,ECx_Physiology,447,447,0,0.8962294882554707,1.157649434058299,0.6146115822491743,DEFINED,3b49bf8c75e42f160b2c68e9
W00,S3_PARENT,neg_log10_mol_l,MTL_FULL,full,ECx_Population,2104,2104,0,0.912565213149497,1.2168901457046188,0.456581647628331,DEFINED,3b49bf8c75e42f160b2c68e9
W00,S3_PARENT,neg_log10_mol_l,MTL_FULL,full,ECx_Reproduction,208,208,0,0.8553440748784141,1.1476873844820175,0.530603497880094,DEFINED,3b49bf8c75e42f160b2c68e9
W00,S3_PARENT,neg_log10_mol_l,MTL_FULL,full,EDx_Development,5,5,0,0.9797522745222947,1.0698467929766486,-1.0437607690061133,DEFINED,3b49bf8c75e42f160b2c68e9
W00,S3_PARENT,neg_log10_mol_l,MTL_FULL,full,EDx_Growth,1,1,0,1.6838592555981915,1.6838592555981915,,N_LT_2,3b49bf8c75e42f160b2c68e9
W00,S3_PARENT,neg_log10_mol_l,MTL_FULL,full,EDx_Molting,3,3,0,0.6752288295050759,0.7152978682154377,-7.514774872410657,DEFINED,3b49bf8c75e42f160b2c68e9
W00,S3_PARENT,neg_log10_mol_l,MTL_FULL,full,EDx_Physiology,2,2,0,0.9849110298064745,0.9955537493999603,-2.3357667846363963,DEFINED,3b49bf8c75e42f160b2c68e9
W00,S3_PARENT,neg_log10_mol_l,MTL_FULL,full,EDx_Population,2,2,0,0.69156383635982,0.691870230353762,-1128.3032418429045,DEFINED,3b49bf8c75e42f160b2c68e9
W00,S3_PARENT,neg_log10_mol_l,MTL_FULL,full,EDx_Reproduction,2,2,0,0.810846975229198,0.8822264608401025,-0.2565895388997026,DEFINED,3b49bf8c75e42f160b2c68e9
W00,S3_PARENT,neg_log10_mol_l,MTL_FULL,full,ICx_Behavior,3,3,0,0.7289874790494685,0.7313352656357154,0.5316629408680241,DEFINED,3b49bf8c75e42f160b2c68e9
W00,S3_PARENT,neg_log10_mol_l,MTL_FULL,full,ICx_Biochemical,171,171,0,1.3034825178370009,1.6680791085158213,0.24383311678162523,DEFINED,3b49bf8c75e42f160b2c68e9
W00,S3_PARENT,neg_log10_mol_l,MTL_FULL,full,ICx_Development,29,29,0,1.867951779446541,2.1160774347618436,0.11051000620833717,DEFINED,3b49bf8c75e42f160b2c68e9
W00,S3_PARENT,neg_log10_mol_l,MTL_FULL,full,ICx_Feeding,3,3,0,0.3265338580970744,0.3546798585767518,-5.381028899452209,DEFINED,3b49bf8c75e42f160b2c68e9
W00,S3_PARENT,neg_log10_mol_l,MTL_FULL,full,ICx_GeneticDamage,6,6,0,0.7287955261479774,0.887049934086364,0.7731245470587508,DEFINED,3b49bf8c75e42f160b2c68e9
W00,S3_PARENT,neg_log10_mol_l,MTL_FULL,full,ICx_Growth,108,108,0,0.8819251547348519,1.0833825207590984,0.4749227031176183,DEFINED,3b49bf8c75e42f160b2c68e9
W00,S3_PARENT,neg_log10_mol_l,MTL_FULL,full,ICx_Immobilization,17,17,0,1.4924721052583623,1.6302371166083447,-2.39556572818808,DEFINED,3b49bf8c75e42f160b2c68e9
W00,S3_PARENT,neg_log10_mol_l,MTL_FULL,full,ICx_Mortality,23,23,0,2.118409048559387,2.3623545988767347,-0.05826381124577651,DEFINED,3b49bf8c75e42f160b2c68e9
W00,S3_PARENT,neg_log10_mol_l,MTL_FULL,full,ICx_Physiology,164,164,0,0.8531206314534457,1.1052496518927704,0.7508703231517295,DEFINED,3b49bf8c75e42f160b2c68e9
W00,S3_PARENT,neg_log10_mol_l,MTL_FULL,full,ICx_Population,289,289,0,0.8824438820968542,1.1722150598604912,0.5983984996396917,DEFINED,3b49bf8c75e42f160b2c68e9
W00,S3_PARENT,neg_log10_mol_l,MTL_FULL,full,ICx_Reproduction,66,66,0,1.4028763231600856,1.6738402564203299,-0.11029418156395421,DEFINED,3b49bf8c75e42f160b2c68e9
W00,S3_PARENT,neg_log10_mol_l,MTL_FULL,full,LDx_Injury,5,5,0,0.5641263805507468,0.7759256028616901,0.45973940102628064,DEFINED,3b49bf8c75e42f160b2c68e9
W00,S3_PARENT,neg_log10_mol_l,MTL_FULL,full,LDx_Mortality,239,239,0,0.9310560583051909,1.269670459636956,0.34651000207525706,DEFINED,3b49bf8c75e42f160b2c68e9
W00,S3_PARENT,neg_log10_mol_l,MTL_FULL,full,LDx_Physiology,6,6,0,0.20055369369565543,0.2800678030351955,-0.6938365208343056,DEFINED,3b49bf8c75e42f160b2c68e9
W00,S3_PARENT,neg_log10_mol_l,MTL_FULL,full,LOEC_Accumulation,43,43,0,1.211657861009821,1.5223599969124013,0.32861948586127054,DEFINED,3b49bf8c75e42f160b2c68e9
W00,S3_PARENT,neg_log10_mol_l,MTL_FULL,full,LOEC_Behavior,332,332,0,0.9906006595729486,1.2578514862565824,0.44689570701418924,DEFINED,3b49bf8c75e42f160b2c68e9
W00,S3_PARENT,neg_log10_mol_l,MTL_FULL,full,LOEC_Biochemical,1314,1314,0,1.1229132311304213,1.460973267744598,0.36333091656106864,DEFINED,3b49bf8c75e42f160b2c68e9
W00,S3_PARENT,neg_log10_mol_l,MTL_FULL,full,LOEC_Development,422,422,0,1.2225064903987366,1.54244530114588,0.38350977126507135,DEFINED,3b49bf8c75e42f160b2c68e9
W00,S3_PARENT,neg_log10_mol_l,MTL_FULL,full,LOEC_Feeding,29,29,0,0.5614368325299676,0.6812488471400768,0.0442567155391983,DEFINED,3b49bf8c75e42f160b2c68e9
W00,S3_PARENT,neg_log10_mol_l,MTL_FULL,full,LOEC_GeneticDamage,857,857,0,1.1205633174605696,1.4237345193060316,0.33345287698128867,DEFINED,3b49bf8c75e42f160b2c68e9
W00,S3_PARENT,neg_log10_mol_l,MTL_FULL,full,LOEC_Growth,853,853,0,1.0285331416369208,1.3484867485366627,0.41585392502967145,DEFINED,3b49bf8c75e42f160b2c68e9
W00,S3_PARENT,neg_log10_mol_l,MTL_FULL,full,LOEC_Immobilization,61,61,0,0.8591350109173386,1.1737704050904874,0.5795914340660413,DEFINED,3b49bf8c75e42f160b2c68e9
W00,S3_PARENT,neg_log10_mol_l,MTL_FULL,full,LOEC_Injury,113,113,0,1.2536044753863451,1.543843306517091,0.3898860199132287,DEFINED,3b49bf8c75e42f160b2c68e9
W00,S3_PARENT,neg_log10_mol_l,MTL_FULL,full,LOEC_Molting,24,24,0,1.0974908082028036,1.3769920150337995,0.605441028040953,DEFINED,3b49bf8c75e42f160b2c68e9
W00,S3_PARENT,neg_log10_mol_l,MTL_FULL,full,LOEC_Morphology,168,168,0,1.1960042247775362,1.487534734631235,0.3076797208022185,DEFINED,3b49bf8c75e42f160b2c68e9
W00,S3_PARENT,neg_log10_mol_l,MTL_FULL,full,LOEC_Mortality,831,831,0,1.0727938384436293,1.3656808254327808,0.5560151091340122,DEFINED,3b49bf8c75e42f160b2c68e9
W00,S3_PARENT,neg_log10_mol_l,MTL_FULL,full,LOEC_Physiology,721,721,0,1.0891592017988732,1.3738742066729253,0.4516952610561119,DEFINED,3b49bf8c75e42f160b2c68e9
W00,S3_PARENT,neg_log10_mol_l,MTL_FULL,full,LOEC_Population,936,936,0,1.0796841126091847,1.3825322097945443,0.5542000051758551,DEFINED,3b49bf8c75e42f160b2c68e9
W00,S3_PARENT,neg_log10_mol_l,MTL_FULL,full,LOEC_Reproduction,495,495,0,1.166338805587644,1.5130335914846842,0.41748437582679665,DEFINED,3b49bf8c75e42f160b2c68e9
W00,S3_PARENT,neg_log10_mol_l,MTL_FULL,full,MATC_Behavior,2,2,0,1.2519597435618741,1.252655042677152,-19.929131261329598,DEFINED,3b49bf8c75e42f160b2c68e9
W00,S3_PARENT,neg_log10_mol_l,MTL_FULL,full,MATC_Biochemical,6,6,0,0.9950155852306762,1.192406248267091,-0.28040892858735655,DEFINED,3b49bf8c75e42f160b2c68e9
W00,S3_PARENT,neg_log10_mol_l,MTL_FULL,full,MATC_Development,15,15,0,0.665285913769236,0.7636398638733006,0.4675180649461472,DEFINED,3b49bf8c75e42f160b2c68e9
W00,S3_PARENT,neg_log10_mol_l,MTL_FULL,full,MATC_Growth,56,56,0,0.62951965569214,0.8945587960666794,0.5696346759395026,DEFINED,3b49bf8c75e42f160b2c68e9
W00,S3_PARENT,neg_log10_mol_l,MTL_FULL,full,MATC_Immobilization,3,3,0,1.4082739750050886,1.4426058461215987,-261.40816191107695,DEFINED,3b49bf8c75e42f160b2c68e9
W00,S3_PARENT,neg_log10_mol_l,MTL_FULL,full,MATC_Molting,4,4,0,0.8564323469278075,1.3463593802837708,-1.8887990670348693,DEFINED,3b49bf8c75e42f160b2c68e9
W00,S3_PARENT,neg_log10_mol_l,MTL_FULL,full,MATC_Mortality,94,94,0,0.8859238900740026,1.1638026448479064,0.703681567453697,DEFINED,3b49bf8c75e42f160b2c68e9
W00,S3_PARENT,neg_log10_mol_l,MTL_FULL,full,MATC_Physiology,3,3,0,2.385792052565081,2.4878757371519296,-0.40553162841518375,DEFINED,3b49bf8c75e42f160b2c68e9
W00,S3_PARENT,neg_log10_mol_l,MTL_FULL,full,MATC_Population,20,20,0,1.2975205318851828,1.5334997428762787,-0.8557053505440642,DEFINED,3b49bf8c75e42f160b2c68e9
W00,S3_PARENT,neg_log10_mol_l,MTL_FULL,full,MATC_Reproduction,34,34,0,0.9795256368867048,1.280667858470804,0.6019700740600253,DEFINED,3b49bf8c75e42f160b2c68e9
W00,S3_PARENT,neg_log10_mol_l,MTL_FULL,full,NOEC_Accumulation,31,31,0,1.0474346388566,1.4407689986125956,0.12674989419984928,DEFINED,3b49bf8c75e42f160b2c68e9
W00,S3_PARENT,neg_log10_mol_l,MTL_FULL,full,NOEC_Behavior,434,434,0,0.9583242173510169,1.202139659975458,0.4134499400799495,DEFINED,3b49bf8c75e42f160b2c68e9
W00,S3_PARENT,neg_log10_mol_l,MTL_FULL,full,NOEC_Biochemical,1258,1258,0,1.1792243499551749,1.5162827550955467,0.353066854884017,DEFINED,3b49bf8c75e42f160b2c68e9
W00,S3_PARENT,neg_log10_mol_l,MTL_FULL,full,NOEC_Development,593,593,0,1.2174671132229216,1.5706127867895645,0.37538453825078577,DEFINED,3b49bf8c75e42f160b2c68e9
W00,S3_PARENT,neg_log10_mol_l,MTL_FULL,full,NOEC_Feeding,74,74,0,1.1025537029647492,1.3350732465230555,0.6050023760329548,DEFINED,3b49bf8c75e42f160b2c68e9
W00,S3_PARENT,neg_log10_mol_l,MTL_FULL,full,NOEC_GeneticDamage,838,838,0,1.1199455845103115,1.4140113621696173,0.3837694288573773,DEFINED,3b49bf8c75e42f160b2c68e9
W00,S3_PARENT,neg_log10_mol_l,MTL_FULL,full,NOEC_Growth,1168,1168,0,1.0596174220765335,1.3508582303235337,0.40944417024727786,DEFINED,3b49bf8c75e42f160b2c68e9
W00,S3_PARENT,neg_log10_mol_l,MTL_FULL,full,NOEC_Immobilization,275,275,0,0.9640218167147749,1.2687194249985811,0.5011558698314698,DEFINED,3b49bf8c75e42f160b2c68e9
W00,S3_PARENT,neg_log10_mol_l,MTL_FULL,full,NOEC_Injury,155,155,0,1.1507623797877327,1.4443830188851035,0.39106084318079914,DEFINED,3b49bf8c75e42f160b2c68e9
W00,S3_PARENT,neg_log10_mol_l,MTL_FULL,full,NOEC_Molting,47,47,0,0.8571554258044443,1.1354953046478333,0.5965232884529017,DEFINED,3b49bf8c75e42f160b2c68e9
W00,S3_PARENT,neg_log10_mol_l,MTL_FULL,full,NOEC_Morphology,281,281,0,1.1226813602373078,1.4452625916308979,0.33654667232183666,DEFINED,3b49bf8c75e42f160b2c68e9
W00,S3_PARENT,neg_log10_mol_l,MTL_FULL,full,NOEC_Mortality,1793,1793,0,1.0312139043430968,1.3113664024642981,0.5134450174258998,DEFINED,3b49bf8c75e42f160b2c68e9
W00,S3_PARENT,neg_log10_mol_l,MTL_FULL,full,NOEC_Physiology,798,798,0,1.0685696456085223,1.3570626053055213,0.44337171653160157,DEFINED,3b49bf8c75e42f160b2c68e9
W00,S3_PARENT,neg_log10_mol_l,MTL_FULL,full,NOEC_Population,1386,1386,0,1.0971063954357605,1.3966628470292815,0.45275313652407323,DEFINED,3b49bf8c75e42f160b2c68e9
W00,S3_PARENT,neg_log10_mol_l,MTL_FULL,full,NOEC_Reproduction,620,620,0,1.1234795460450095,1.480958375633977,0.47986789268839747,DEFINED,3b49bf8c75e42f160b2c68e9
W00,S3_PARENT,neg_log10_mol_l,MTL_FULL,locked_common,ACx_Development,61,61,0,1.7015892315530976,2.023863602869278,-0.2636260245037474,DEFINED,3b49bf8c75e42f160b2c68e9
W00,S3_PARENT,neg_log10_mol_l,MTL_FULL,locked_common,ACx_Immobilization,33,33,0,1.6624458175979488,1.9110392327584862,-0.1268210249382098,DEFINED,3b49bf8c75e42f160b2c68e9
W00,S3_PARENT,neg_log10_mol_l,MTL_FULL,locked_common,ACx_Injury,70,70,0,1.1798216537721682,1.5358565310256447,0.09464074985410564,DEFINED,3b49bf8c75e42f160b2c68e9
W00,S3_PARENT,neg_log10_mol_l,MTL_FULL,locked_common,ACx_Molting,104,104,0,0.6139310114624865,0.7690693665613038,0.19703160482667903,DEFINED,3b49bf8c75e42f160b2c68e9
W00,S3_PARENT,neg_log10_mol_l,MTL_FULL,locked_common,ACx_Mortality,59,59,0,1.5255630172186114,1.9864312142266836,-0.02372923808894889,DEFINED,3b49bf8c75e42f160b2c68e9
W00,S3_PARENT,neg_log10_mol_l,MTL_FULL,locked_common,ACx_Physiology,71,71,0,1.4407338411515889,1.6975494544746734,0.07978541132692407,DEFINED,3b49bf8c75e42f160b2c68e9
W00,S3_PARENT,neg_log10_mol_l,MTL_FULL,locked_common,BMCx_Development,9,9,0,0.7747554502158652,0.9568239711068466,0.4198620753819211,DEFINED,3b49bf8c75e42f160b2c68e9
W00,S3_PARENT,neg_log10_mol_l,MTL_FULL,locked_common,BMCx_Immobilization,3,3,0,0.5592684116725879,0.7546989847986816,-0.48410597890356266,DEFINED,3b49bf8c75e42f160b2c68e9
W00,S3_PARENT,neg_log10_mol_l,MTL_FULL,locked_common,BMCx_Injury,10,10,0,0.5989116357269124,0.7093351162602992,-0.08113540903162653,DEFINED,3b49bf8c75e42f160b2c68e9
W00,S3_PARENT,neg_log10_mol_l,MTL_FULL,locked_common,BMCx_Molting,18,18,0,0.43448540223342724,0.514092890465459,0.1782814640738153,DEFINED,3b49bf8c75e42f160b2c68e9
W00,S3_PARENT,neg_log10_mol_l,MTL_FULL,locked_common,BMCx_Mortality,9,9,0,0.42359663916404877,0.5306516286580201,0.1114358198441977,DEFINED,3b49bf8c75e42f160b2c68e9
W00,S3_PARENT,neg_log10_mol_l,MTL_FULL,locked_common,BMCx_Physiology,6,6,0,0.49114446491802105,0.5169899379154997,0.14327080702288664,DEFINED,3b49bf8c75e42f160b2c68e9
W00,S3_PARENT,neg_log10_mol_l,MTL_FULL,locked_common,BMDx_Behavior,34,34,0,1.5480851670546922,2.2169840076808827,-0.03083718771556443,DEFINED,3b49bf8c75e42f160b2c68e9
W00,S3_PARENT,neg_log10_mol_l,MTL_FULL,locked_common,BMDx_Development,47,47,0,0.829921813590786,1.1359431321408355,0.042846475966378916,DEFINED,3b49bf8c75e42f160b2c68e9
W00,S3_PARENT,neg_log10_mol_l,MTL_FULL,locked_common,BMDx_Immobilization,9,9,0,0.30733504538579964,0.7310044936739449,-0.12417295282707363,DEFINED,3b49bf8c75e42f160b2c68e9
W00,S3_PARENT,neg_log10_mol_l,MTL_FULL,locked_common,BMDx_Injury,14,14,0,1.250458459652139,1.347237676878377,-0.2984724620858934,DEFINED,3b49bf8c75e42f160b2c68e9
W00,S3_PARENT,neg_log10_mol_l,MTL_FULL,locked_common,BMDx_Morphology,6,6,0,0.30351917913583043,0.3458079420204783,-0.14978744560951296,DEFINED,3b49bf8c75e42f160b2c68e9
W00,S3_PARENT,neg_log10_mol_l,MTL_FULL,locked_common,BMDx_Mortality,17,17,0,2.096131605039154,3.280906533315703,-0.051611714773623474,DEFINED,3b49bf8c75e42f160b2c68e9
W00,S3_PARENT,neg_log10_mol_l,MTL_FULL,locked_common,BMDx_Physiology,12,12,0,0.9309911824271261,1.267747214137094,-0.12953549393034236,DEFINED,3b49bf8c75e42f160b2c68e9
W00,S3_PARENT,neg_log10_mol_l,MTL_FULL,locked_common,ECx_Behavior,492,492,0,0.968189668613497,1.2446214511627427,0.6538228697216991,DEFINED,3b49bf8c75e42f160b2c68e9
W00,S3_PARENT,neg_log10_mol_l,MTL_FULL,locked_common,ECx_Biochemical,240,240,0,1.0549300680380698,1.3404910093807132,0.6126522186068721,DEFINED,3b49bf8c75e42f160b2c68e9
W00,S3_PARENT,neg_log10_mol_l,MTL_FULL,locked_common,ECx_Development,504,504,0,1.0655950130816132,1.439946870755583,0.5868419067743695,DEFINED,3b49bf8c75e42f160b2c68e9
W00,S3_PARENT,neg_log10_mol_l,MTL_FULL,locked_common,ECx_Feeding,39,39,0,0.767336224927649,1.0762036910649766,0.3844848286018401,DEFINED,3b49bf8c75e42f160b2c68e9
W00,S3_PARENT,neg_log10_mol_l,MTL_FULL,locked_common,ECx_GeneticDamage,47,47,0,0.6490975804654234,0.8432785422735927,0.9103986083559941,DEFINED,3b49bf8c75e42f160b2c68e9
W00,S3_PARENT,neg_log10_mol_l,MTL_FULL,locked_common,ECx_Growth,725,725,0,0.9274996225454457,1.2817161938432289,0.44618176066922666,DEFINED,3b49bf8c75e42f160b2c68e9
W00,S3_PARENT,neg_log10_mol_l,MTL_FULL,locked_common,ECx_Immobilization,1566,1566,0,0.8661194963730364,1.1137820717043905,0.7159870426028854,DEFINED,3b49bf8c75e42f160b2c68e9
W00,S3_PARENT,neg_log10_mol_l,MTL_FULL,locked_common,ECx_Injury,65,65,0,0.7189134903798919,1.0023860172060837,0.7736731466527108,DEFINED,3b49bf8c75e42f160b2c68e9
W00,S3_PARENT,neg_log10_mol_l,MTL_FULL,locked_common,ECx_Molting,182,182,0,0.9095683162777658,1.1456384658424845,0.6002565762833163,DEFINED,3b49bf8c75e42f160b2c68e9
W00,S3_PARENT,neg_log10_mol_l,MTL_FULL,locked_common,ECx_Morphology,48,48,0,0.4766366139282108,0.7070185750585853,0.6921722063363946,DEFINED,3b49bf8c75e42f160b2c68e9
W00,S3_PARENT,neg_log10_mol_l,MTL_FULL,locked_common,ECx_Mortality,14822,14822,0,1.0267305833805016,1.3152834293414841,0.5350198335983014,DEFINED,3b49bf8c75e42f160b2c68e9
W00,S3_PARENT,neg_log10_mol_l,MTL_FULL,locked_common,ECx_Physiology,447,447,0,0.8962294882554707,1.157649434058299,0.6146115822491743,DEFINED,3b49bf8c75e42f160b2c68e9
W00,S3_PARENT,neg_log10_mol_l,MTL_FULL,locked_common,ECx_Population,2104,2104,0,0.912565213149497,1.2168901457046188,0.456581647628331,DEFINED,3b49bf8c75e42f160b2c68e9
W00,S3_PARENT,neg_log10_mol_l,MTL_FULL,locked_common,ECx_Reproduction,208,208,0,0.8553440748784141,1.1476873844820175,0.530603497880094,DEFINED,3b49bf8c75e42f160b2c68e9
W00,S3_PARENT,neg_log10_mol_l,MTL_FULL,locked_common,EDx_Development,5,5,0,0.9797522745222947,1.0698467929766486,-1.0437607690061133,DEFINED,3b49bf8c75e42f160b2c68e9
W00,S3_PARENT,neg_log10_mol_l,MTL_FULL,locked_common,EDx_Growth,1,1,0,1.6838592555981915,1.6838592555981915,,N_LT_2,3b49bf8c75e42f160b2c68e9
W00,S3_PARENT,neg_log10_mol_l,MTL_FULL,locked_common,EDx_Molting,3,3,0,0.6752288295050759,0.7152978682154377,-7.514774872410657,DEFINED,3b49bf8c75e42f160b2c68e9
W00,S3_PARENT,neg_log10_mol_l,MTL_FULL,locked_common,EDx_Physiology,2,2,0,0.9849110298064745,0.9955537493999603,-2.3357667846363963,DEFINED,3b49bf8c75e42f160b2c68e9
W00,S3_PARENT,neg_log10_mol_l,MTL_FULL,locked_common,EDx_Population,2,2,0,0.69156383635982,0.691870230353762,-1128.3032418429045,DEFINED,3b49bf8c75e42f160b2c68e9
W00,S3_PARENT,neg_log10_mol_l,MTL_FULL,locked_common,ICx_Behavior,3,3,0,0.7289874790494685,0.7313352656357154,0.5316629408680241,DEFINED,3b49bf8c75e42f160b2c68e9
W00,S3_PARENT,neg_log10_mol_l,MTL_FULL,locked_common,ICx_Biochemical,171,171,0,1.3034825178370009,1.6680791085158213,0.24383311678162523,DEFINED,3b49bf8c75e42f160b2c68e9
W00,S3_PARENT,neg_log10_mol_l,MTL_FULL,locked_common,ICx_Development,29,29,0,1.867951779446541,2.1160774347618436,0.11051000620833717,DEFINED,3b49bf8c75e42f160b2c68e9
W00,S3_PARENT,neg_log10_mol_l,MTL_FULL,locked_common,ICx_Feeding,3,3,0,0.3265338580970744,0.3546798585767518,-5.381028899452209,DEFINED,3b49bf8c75e42f160b2c68e9
W00,S3_PARENT,neg_log10_mol_l,MTL_FULL,locked_common,ICx_GeneticDamage,6,6,0,0.7287955261479774,0.887049934086364,0.7731245470587508,DEFINED,3b49bf8c75e42f160b2c68e9
W00,S3_PARENT,neg_log10_mol_l,MTL_FULL,locked_common,ICx_Growth,108,108,0,0.8819251547348519,1.0833825207590984,0.4749227031176183,DEFINED,3b49bf8c75e42f160b2c68e9
W00,S3_PARENT,neg_log10_mol_l,MTL_FULL,locked_common,ICx_Immobilization,17,17,0,1.4924721052583623,1.6302371166083447,-2.39556572818808,DEFINED,3b49bf8c75e42f160b2c68e9
W00,S3_PARENT,neg_log10_mol_l,MTL_FULL,locked_common,ICx_Mortality,23,23,0,2.118409048559387,2.3623545988767347,-0.05826381124577651,DEFINED,3b49bf8c75e42f160b2c68e9
W00,S3_PARENT,neg_log10_mol_l,MTL_FULL,locked_common,ICx_Physiology,164,164,0,0.8531206314534457,1.1052496518927704,0.7508703231517295,DEFINED,3b49bf8c75e42f160b2c68e9
W00,S3_PARENT,neg_log10_mol_l,MTL_FULL,locked_common,ICx_Population,289,289,0,0.8824438820968542,1.1722150598604912,0.5983984996396917,DEFINED,3b49bf8c75e42f160b2c68e9
W00,S3_PARENT,neg_log10_mol_l,MTL_FULL,locked_common,ICx_Reproduction,66,66,0,1.4028763231600856,1.6738402564203299,-0.11029418156395421,DEFINED,3b49bf8c75e42f160b2c68e9
W00,S3_PARENT,neg_log10_mol_l,MTL_FULL,locked_common,LDx_Injury,5,5,0,0.5641263805507468,0.7759256028616901,0.45973940102628064,DEFINED,3b49bf8c75e42f160b2c68e9
W00,S3_PARENT,neg_log10_mol_l,MTL_FULL,locked_common,LDx_Mortality,239,239,0,0.9310560583051909,1.269670459636956,0.34651000207525706,DEFINED,3b49bf8c75e42f160b2c68e9
W00,S3_PARENT,neg_log10_mol_l,MTL_FULL,locked_common,LDx_Physiology,6,6,0,0.20055369369565543,0.2800678030351955,-0.6938365208343056,DEFINED,3b49bf8c75e42f160b2c68e9
W00,S3_PARENT,neg_log10_mol_l,MTL_FULL,locked_common,LOEC_Accumulation,43,43,0,1.211657861009821,1.5223599969124013,0.32861948586127054,DEFINED,3b49bf8c75e42f160b2c68e9
W00,S3_PARENT,neg_log10_mol_l,MTL_FULL,locked_common,LOEC_Behavior,332,332,0,0.9906006595729486,1.2578514862565824,0.44689570701418924,DEFINED,3b49bf8c75e42f160b2c68e9
W00,S3_PARENT,neg_log10_mol_l,MTL_FULL,locked_common,LOEC_Biochemical,1314,1314,0,1.1229132311304213,1.460973267744598,0.36333091656106864,DEFINED,3b49bf8c75e42f160b2c68e9
W00,S3_PARENT,neg_log10_mol_l,MTL_FULL,locked_common,LOEC_Development,422,422,0,1.2225064903987366,1.54244530114588,0.38350977126507135,DEFINED,3b49bf8c75e42f160b2c68e9
W00,S3_PARENT,neg_log10_mol_l,MTL_FULL,locked_common,LOEC_Feeding,29,29,0,0.5614368325299676,0.6812488471400768,0.0442567155391983,DEFINED,3b49bf8c75e42f160b2c68e9
W00,S3_PARENT,neg_log10_mol_l,MTL_FULL,locked_common,LOEC_GeneticDamage,857,857,0,1.1205633174605696,1.4237345193060316,0.33345287698128867,DEFINED,3b49bf8c75e42f160b2c68e9
W00,S3_PARENT,neg_log10_mol_l,MTL_FULL,locked_common,LOEC_Growth,853,853,0,1.0285331416369208,1.3484867485366627,0.41585392502967145,DEFINED,3b49bf8c75e42f160b2c68e9
W00,S3_PARENT,neg_log10_mol_l,MTL_FULL,locked_common,LOEC_Immobilization,61,61,0,0.8591350109173386,1.1737704050904874,0.5795914340660413,DEFINED,3b49bf8c75e42f160b2c68e9
W00,S3_PARENT,neg_log10_mol_l,MTL_FULL,locked_common,LOEC_Injury,113,113,0,1.2536044753863451,1.543843306517091,0.3898860199132287,DEFINED,3b49bf8c75e42f160b2c68e9
W00,S3_PARENT,neg_log10_mol_l,MTL_FULL,locked_common,LOEC_Molting,24,24,0,1.0974908082028036,1.3769920150337995,0.605441028040953,DEFINED,3b49bf8c75e42f160b2c68e9
W00,S3_PARENT,neg_log10_mol_l,MTL_FULL,locked_common,LOEC_Morphology,168,168,0,1.1960042247775362,1.487534734631235,0.3076797208022185,DEFINED,3b49bf8c75e42f160b2c68e9
W00,S3_PARENT,neg_log10_mol_l,MTL_FULL,locked_common,LOEC_Mortality,831,831,0,1.0727938384436293,1.3656808254327808,0.5560151091340122,DEFINED,3b49bf8c75e42f160b2c68e9
W00,S3_PARENT,neg_log10_mol_l,MTL_FULL,locked_common,LOEC_Physiology,721,721,0,1.0891592017988732,1.3738742066729253,0.4516952610561119,DEFINED,3b49bf8c75e42f160b2c68e9
W00,S3_PARENT,neg_log10_mol_l,MTL_FULL,locked_common,LOEC_Population,936,936,0,1.0796841126091847,1.3825322097945443,0.5542000051758551,DEFINED,3b49bf8c75e42f160b2c68e9
W00,S3_PARENT,neg_log10_mol_l,MTL_FULL,locked_common,LOEC_Reproduction,495,495,0,1.166338805587644,1.5130335914846842,0.41748437582679665,DEFINED,3b49bf8c75e42f160b2c68e9
W00,S3_PARENT,neg_log10_mol_l,MTL_FULL,locked_common,MATC_Behavior,2,2,0,1.2519597435618741,1.252655042677152,-19.929131261329598,DEFINED,3b49bf8c75e42f160b2c68e9
W00,S3_PARENT,neg_log10_mol_l,MTL_FULL,locked_common,MATC_Biochemical,6,6,0,0.9950155852306762,1.192406248267091,-0.28040892858735655,DEFINED,3b49bf8c75e42f160b2c68e9
W00,S3_PARENT,neg_log10_mol_l,MTL_FULL,locked_common,MATC_Development,15,15,0,0.665285913769236,0.7636398638733006,0.4675180649461472,DEFINED,3b49bf8c75e42f160b2c68e9
W00,S3_PARENT,neg_log10_mol_l,MTL_FULL,locked_common,MATC_Growth,56,56,0,0.62951965569214,0.8945587960666794,0.5696346759395026,DEFINED,3b49bf8c75e42f160b2c68e9
W00,S3_PARENT,neg_log10_mol_l,MTL_FULL,locked_common,MATC_Immobilization,3,3,0,1.4082739750050886,1.4426058461215987,-261.40816191107695,DEFINED,3b49bf8c75e42f160b2c68e9
W00,S3_PARENT,neg_log10_mol_l,MTL_FULL,locked_common,MATC_Molting,4,4,0,0.8564323469278075,1.3463593802837708,-1.8887990670348693,DEFINED,3b49bf8c75e42f160b2c68e9
W00,S3_PARENT,neg_log10_mol_l,MTL_FULL,locked_common,MATC_Mortality,94,94,0,0.8859238900740026,1.1638026448479064,0.703681567453697,DEFINED,3b49bf8c75e42f160b2c68e9
W00,S3_PARENT,neg_log10_mol_l,MTL_FULL,locked_common,MATC_Physiology,3,3,0,2.385792052565081,2.4878757371519296,-0.40553162841518375,DEFINED,3b49bf8c75e42f160b2c68e9
W00,S3_PARENT,neg_log10_mol_l,MTL_FULL,locked_common,MATC_Population,20,20,0,1.2975205318851828,1.5334997428762787,-0.8557053505440642,DEFINED,3b49bf8c75e42f160b2c68e9
W00,S3_PARENT,neg_log10_mol_l,MTL_FULL,locked_common,MATC_Reproduction,34,34,0,0.9795256368867048,1.280667858470804,0.6019700740600253,DEFINED,3b49bf8c75e42f160b2c68e9
W00,S3_PARENT,neg_log10_mol_l,MTL_FULL,locked_common,NOEC_Accumulation,31,31,0,1.0474346388566,1.4407689986125956,0.12674989419984928,DEFINED,3b49bf8c75e42f160b2c68e9
W00,S3_PARENT,neg_log10_mol_l,MTL_FULL,locked_common,NOEC_Behavior,434,434,0,0.9583242173510169,1.202139659975458,0.4134499400799495,DEFINED,3b49bf8c75e42f160b2c68e9
W00,S3_PARENT,neg_log10_mol_l,MTL_FULL,locked_common,NOEC_Biochemical,1258,1258,0,1.1792243499551749,1.5162827550955467,0.353066854884017,DEFINED,3b49bf8c75e42f160b2c68e9
W00,S3_PARENT,neg_log10_mol_l,MTL_FULL,locked_common,NOEC_Development,593,593,0,1.2174671132229216,1.5706127867895645,0.37538453825078577,DEFINED,3b49bf8c75e42f160b2c68e9
W00,S3_PARENT,neg_log10_mol_l,MTL_FULL,locked_common,NOEC_Feeding,74,74,0,1.1025537029647492,1.3350732465230555,0.6050023760329548,DEFINED,3b49bf8c75e42f160b2c68e9
W00,S3_PARENT,neg_log10_mol_l,MTL_FULL,locked_common,NOEC_GeneticDamage,838,838,0,1.1199455845103115,1.4140113621696173,0.3837694288573773,DEFINED,3b49bf8c75e42f160b2c68e9
W00,S3_PARENT,neg_log10_mol_l,MTL_FULL,locked_common,NOEC_Growth,1168,1168,0,1.0596174220765335,1.3508582303235337,0.40944417024727786,DEFINED,3b49bf8c75e42f160b2c68e9
W00,S3_PARENT,neg_log10_mol_l,MTL_FULL,locked_common,NOEC_Immobilization,275,275,0,0.9640218167147749,1.2687194249985811,0.5011558698314698,DEFINED,3b49bf8c75e42f160b2c68e9
W00,S3_PARENT,neg_log10_mol_l,MTL_FULL,locked_common,NOEC_Injury,155,155,0,1.1507623797877327,1.4443830188851035,0.39106084318079914,DEFINED,3b49bf8c75e42f160b2c68e9
W00,S3_PARENT,neg_log10_mol_l,MTL_FULL,locked_common,NOEC_Molting,47,47,0,0.8571554258044443,1.1354953046478333,0.5965232884529017,DEFINED,3b49bf8c75e42f160b2c68e9
W00,S3_PARENT,neg_log10_mol_l,MTL_FULL,locked_common,NOEC_Morphology,281,281,0,1.1226813602373078,1.4452625916308979,0.33654667232183666,DEFINED,3b49bf8c75e42f160b2c68e9
W00,S3_PARENT,neg_log10_mol_l,MTL_FULL,locked_common,NOEC_Mortality,1793,1793,0,1.0312139043430968,1.3113664024642981,0.5134450174258998,DEFINED,3b49bf8c75e42f160b2c68e9
W00,S3_PARENT,neg_log10_mol_l,MTL_FULL,locked_common,NOEC_Physiology,798,798,0,1.0685696456085223,1.3570626053055213,0.44337171653160157,DEFINED,3b49bf8c75e42f160b2c68e9
W00,S3_PARENT,neg_log10_mol_l,MTL_FULL,locked_common,NOEC_Population,1386,1386,0,1.0971063954357605,1.3966628470292815,0.45275313652407323,DEFINED,3b49bf8c75e42f160b2c68e9
W00,S3_PARENT,neg_log10_mol_l,MTL_FULL,locked_common,NOEC_Reproduction,620,620,0,1.1234795460450095,1.480958375633977,0.47986789268839747,DEFINED,3b49bf8c75e42f160b2c68e9
W00,S3_PARENT,neg_log10_mol_l,MTL_MOL,full,ACx_Development,61,61,0,1.6312779319233983,1.9990188980561103,-0.23279220892002517,DEFINED,16375756fbd832d840d1359a
W00,S3_PARENT,neg_log10_mol_l,MTL_MOL,full,ACx_Immobilization,33,33,0,1.6450106160201312,1.9538814858784697,-0.1779101691716911,DEFINED,16375756fbd832d840d1359a
W00,S3_PARENT,neg_log10_mol_l,MTL_MOL,full,ACx_Injury,70,70,0,1.204288069358681,1.521704065830401,0.11124911230136114,DEFINED,16375756fbd832d840d1359a
W00,S3_PARENT,neg_log10_mol_l,MTL_MOL,full,ACx_Molting,104,104,0,0.6629592333508737,0.8302359716168147,0.06422698310625308,DEFINED,16375756fbd832d840d1359a
W00,S3_PARENT,neg_log10_mol_l,MTL_MOL,full,ACx_Mortality,59,59,0,1.794136138754614,1.9660848389535899,-0.002865182168116931,DEFINED,16375756fbd832d840d1359a
W00,S3_PARENT,neg_log10_mol_l,MTL_MOL,full,ACx_Physiology,71,71,0,1.5661423716114313,1.7710022278473498,-0.0015726537904652282,DEFINED,16375756fbd832d840d1359a
W00,S3_PARENT,neg_log10_mol_l,MTL_MOL,full,BMCx_Behavior,10,0,10,,,,NO_PREDICTION,16375756fbd832d840d1359a
W00,S3_PARENT,neg_log10_mol_l,MTL_MOL,full,BMCx_Biochemical,8,8,0,2.026849859679008,2.0420429150291737,-66.45410190850744,DEFINED,16375756fbd832d840d1359a
W00,S3_PARENT,neg_log10_mol_l,MTL_MOL,full,BMCx_Development,9,9,0,0.7759878636956711,0.9608984365763297,0.41491072628848924,DEFINED,16375756fbd832d840d1359a
W00,S3_PARENT,neg_log10_mol_l,MTL_MOL,full,BMCx_Immobilization,3,3,0,0.5151226531773773,0.6846955622063702,-0.22155326597898273,DEFINED,16375756fbd832d840d1359a
W00,S3_PARENT,neg_log10_mol_l,MTL_MOL,full,BMCx_Injury,10,10,0,0.5407565256728464,0.6557664357873332,0.07599240898658066,DEFINED,16375756fbd832d840d1359a
W00,S3_PARENT,neg_log10_mol_l,MTL_MOL,full,BMCx_Molting,18,18,0,0.4090173016219342,0.4815366139770613,0.27906100459043737,DEFINED,16375756fbd832d840d1359a
W00,S3_PARENT,neg_log10_mol_l,MTL_MOL,full,BMCx_Mortality,9,9,0,0.4211941696596895,0.5256517948075162,0.1281011552565391,DEFINED,16375756fbd832d840d1359a
W00,S3_PARENT,neg_log10_mol_l,MTL_MOL,full,BMCx_Physiology,6,6,0,0.4696504078482753,0.5061683408599887,0.17876142536903028,DEFINED,16375756fbd832d840d1359a
W00,S3_PARENT,neg_log10_mol_l,MTL_MOL,full,BMDx_Behavior,34,34,0,1.5164009005605767,2.206405120520445,-0.021022870573570662,DEFINED,16375756fbd832d840d1359a
W00,S3_PARENT,neg_log10_mol_l,MTL_MOL,full,BMDx_Development,47,47,0,0.8869591975270564,1.1323641376315277,0.048868345458651485,DEFINED,16375756fbd832d840d1359a
W00,S3_PARENT,neg_log10_mol_l,MTL_MOL,full,BMDx_Immobilization,9,9,0,0.3405721687371061,0.7404000159272256,-0.1532564111273249,DEFINED,16375756fbd832d840d1359a
W00,S3_PARENT,neg_log10_mol_l,MTL_MOL,full,BMDx_Injury,14,14,0,1.2917380731655626,1.375045229066715,-0.35262768165721403,DEFINED,16375756fbd832d840d1359a
W00,S3_PARENT,neg_log10_mol_l,MTL_MOL,full,BMDx_Morphology,6,6,0,0.25876383750721893,0.30779328945688517,0.0891100093437226,DEFINED,16375756fbd832d840d1359a
W00,S3_PARENT,neg_log10_mol_l,MTL_MOL,full,BMDx_Mortality,17,17,0,2.1282493934532525,3.3444841406900725,-0.0927629968975745,DEFINED,16375756fbd832d840d1359a
W00,S3_PARENT,neg_log10_mol_l,MTL_MOL,full,BMDx_Physiology,12,12,0,1.1892738225690784,1.371116037183393,-0.3212438351557998,DEFINED,16375756fbd832d840d1359a
W00,S3_PARENT,neg_log10_mol_l,MTL_MOL,full,ECx_Behavior,492,492,0,1.0937197585536793,1.4179287699171408,0.550703910438916,DEFINED,16375756fbd832d840d1359a
W00,S3_PARENT,neg_log10_mol_l,MTL_MOL,full,ECx_Biochemical,240,240,0,1.1271794768663328,1.4973755595250131,0.516680027445444,DEFINED,16375756fbd832d840d1359a
W00,S3_PARENT,neg_log10_mol_l,MTL_MOL,full,ECx_Development,504,504,0,1.2781872247753974,1.6410984625216056,0.4633481820451719,DEFINED,16375756fbd832d840d1359a
W00,S3_PARENT,neg_log10_mol_l,MTL_MOL,full,ECx_Feeding,39,39,0,0.9381787525232061,1.2335676800801016,0.1913217325822214,DEFINED,16375756fbd832d840d1359a
W00,S3_PARENT,neg_log10_mol_l,MTL_MOL,full,ECx_GeneticDamage,47,47,0,0.8044843371838573,1.0365957528776104,0.8646084668832903,DEFINED,16375756fbd832d840d1359a
W00,S3_PARENT,neg_log10_mol_l,MTL_MOL,full,ECx_Growth,725,725,0,1.0111903246204406,1.4737218263774534,0.2678255949503139,DEFINED,16375756fbd832d840d1359a
W00,S3_PARENT,neg_log10_mol_l,MTL_MOL,full,ECx_Immobilization,1566,1566,0,0.9192215345227407,1.2059225029125875,0.6670519259760054,DEFINED,16375756fbd832d840d1359a
W00,S3_PARENT,neg_log10_mol_l,MTL_MOL,full,ECx_Injury,65,65,0,0.7911569317608819,1.1095667565765985,0.7226852570382614,DEFINED,16375756fbd832d840d1359a
W00,S3_PARENT,neg_log10_mol_l,MTL_MOL,full,ECx_Molting,182,182,0,1.2066166036920136,1.5041206438301267,0.310948793377284,DEFINED,16375756fbd832d840d1359a
W00,S3_PARENT,neg_log10_mol_l,MTL_MOL,full,ECx_Morphology,48,48,0,0.5098811799878885,0.6919319289824769,0.7051691498973558,DEFINED,16375756fbd832d840d1359a
W00,S3_PARENT,neg_log10_mol_l,MTL_MOL,full,ECx_Mortality,14822,14822,0,1.1307040239569626,1.4245131812296314,0.45458299328735163,DEFINED,16375756fbd832d840d1359a
W00,S3_PARENT,neg_log10_mol_l,MTL_MOL,full,ECx_Physiology,447,447,0,1.024939538842857,1.3243641931347234,0.495618218459573,DEFINED,16375756fbd832d840d1359a
W00,S3_PARENT,neg_log10_mol_l,MTL_MOL,full,ECx_Population,2104,2104,0,0.9940538164027883,1.3348406003106756,0.34613157176870224,DEFINED,16375756fbd832d840d1359a
W00,S3_PARENT,neg_log10_mol_l,MTL_MOL,full,ECx_Reproduction,208,208,0,0.9685430490555895,1.2854887320842914,0.41111677698091353,DEFINED,16375756fbd832d840d1359a
W00,S3_PARENT,neg_log10_mol_l,MTL_MOL,full,EDx_Development,5,5,0,0.8051609696623503,0.8741364046333053,-0.3644112602899763,DEFINED,16375756fbd832d840d1359a
W00,S3_PARENT,neg_log10_mol_l,MTL_MOL,full,EDx_Growth,1,1,0,1.642968604411445,1.642968604411445,,N_LT_2,16375756fbd832d840d1359a
W00,S3_PARENT,neg_log10_mol_l,MTL_MOL,full,EDx_Molting,3,3,0,0.6379860787791195,0.6821753896867279,-6.744464684773315,DEFINED,16375756fbd832d840d1359a
W00,S3_PARENT,neg_log10_mol_l,MTL_MOL,full,EDx_Physiology,2,2,0,0.5056964455415347,0.5095064218176968,0.1262934736955693,DEFINED,16375756fbd832d840d1359a
W00,S3_PARENT,neg_log10_mol_l,MTL_MOL,full,EDx_Population,2,2,0,0.7646511555957893,0.7649282748356423,-1379.392895067439,DEFINED,16375756fbd832d840d1359a
W00,S3_PARENT,neg_log10_mol_l,MTL_MOL,full,EDx_Reproduction,2,2,0,0.787015633863859,0.8279350628952247,-0.1066896067014873,DEFINED,16375756fbd832d840d1359a
W00,S3_PARENT,neg_log10_mol_l,MTL_MOL,full,ICx_Behavior,3,3,0,1.2717612280886281,1.3002022256729635,-0.4802916956282224,DEFINED,16375756fbd832d840d1359a
W00,S3_PARENT,neg_log10_mol_l,MTL_MOL,full,ICx_Biochemical,171,171,0,1.4772033266393625,1.7722820006246365,0.1464086204275481,DEFINED,16375756fbd832d840d1359a
W00,S3_PARENT,neg_log10_mol_l,MTL_MOL,full,ICx_Development,29,29,0,1.8176817879003264,2.0818404692074726,0.1390600751863117,DEFINED,16375756fbd832d840d1359a
W00,S3_PARENT,neg_log10_mol_l,MTL_MOL,full,ICx_Feeding,3,3,0,0.4964529909312286,0.5745025796942319,-15.74177976521398,DEFINED,16375756fbd832d840d1359a
W00,S3_PARENT,neg_log10_mol_l,MTL_MOL,full,ICx_GeneticDamage,6,6,0,0.6110728420675197,0.686539196284169,0.8640991891227474,DEFINED,16375756fbd832d840d1359a
W00,S3_PARENT,neg_log10_mol_l,MTL_MOL,full,ICx_Growth,108,108,0,0.9021550493976286,1.1685873841963992,0.38908332570767135,DEFINED,16375756fbd832d840d1359a
W00,S3_PARENT,neg_log10_mol_l,MTL_MOL,full,ICx_Immobilization,17,17,0,1.4255327268751867,1.586365437854454,-2.2152671742339742,DEFINED,16375756fbd832d840d1359a
W00,S3_PARENT,neg_log10_mol_l,MTL_MOL,full,ICx_Mortality,23,23,0,2.156699686777368,2.4267258483215506,-0.11672233464506432,DEFINED,16375756fbd832d840d1359a
W00,S3_PARENT,neg_log10_mol_l,MTL_MOL,full,ICx_Physiology,164,164,0,0.9740679986833551,1.3520041214120369,0.6272130317018061,DEFINED,16375756fbd832d840d1359a
W00,S3_PARENT,neg_log10_mol_l,MTL_MOL,full,ICx_Population,289,289,0,0.9887933539110854,1.3024973453164865,0.5041681424718185,DEFINED,16375756fbd832d840d1359a
W00,S3_PARENT,neg_log10_mol_l,MTL_MOL,full,ICx_Reproduction,66,66,0,1.8725074073216312,2.06153733815015,-0.6841953226549542,DEFINED,16375756fbd832d840d1359a
W00,S3_PARENT,neg_log10_mol_l,MTL_MOL,full,LDx_Injury,5,5,0,0.49760154064179274,0.7282298207865869,0.524117154798729,DEFINED,16375756fbd832d840d1359a
W00,S3_PARENT,neg_log10_mol_l,MTL_MOL,full,LDx_Mortality,239,239,0,0.9673492872112096,1.3073729125107043,0.3071234242676253,DEFINED,16375756fbd832d840d1359a
W00,S3_PARENT,neg_log10_mol_l,MTL_MOL,full,LDx_Physiology,6,6,0,0.2365576895895527,0.27809665418985,-0.6700775994115922,DEFINED,16375756fbd832d840d1359a
W00,S3_PARENT,neg_log10_mol_l,MTL_MOL,full,LOEC_Accumulation,43,43,0,1.571203853654719,1.8517781000044122,0.006628049900252009,DEFINED,16375756fbd832d840d1359a
W00,S3_PARENT,neg_log10_mol_l,MTL_MOL,full,LOEC_Behavior,332,332,0,1.2221290031473666,1.5460715508957759,0.16438260427555762,DEFINED,16375756fbd832d840d1359a
W00,S3_PARENT,neg_log10_mol_l,MTL_MOL,full,LOEC_Biochemical,1314,1314,0,1.3098457250528805,1.6531304729984664,0.18483882769510473,DEFINED,16375756fbd832d840d1359a
W00,S3_PARENT,neg_log10_mol_l,MTL_MOL,full,LOEC_Development,422,422,0,1.410380960186545,1.7288645945919776,0.22548717283113173,DEFINED,16375756fbd832d840d1359a
W00,S3_PARENT,neg_log10_mol_l,MTL_MOL,full,LOEC_Feeding,29,29,0,0.5332532784516111,0.675516569078869,0.06027299759490645,DEFINED,16375756fbd832d840d1359a
W00,S3_PARENT,neg_log10_mol_l,MTL_MOL,full,LOEC_GeneticDamage,857,857,0,1.2602726551641306,1.5635410290308238,0.19611968756952824,DEFINED,16375756fbd832d840d1359a
W00,S3_PARENT,neg_log10_mol_l,MTL_MOL,full,LOEC_Growth,853,853,0,1.1801191980247308,1.530536434857308,0.24748451355366408,DEFINED,16375756fbd832d840d1359a
W00,S3_PARENT,neg_log10_mol_l,MTL_MOL,full,LOEC_Immobilization,61,61,0,0.9882983715274014,1.2139107841853605,0.5503456645121261,DEFINED,16375756fbd832d840d1359a
W00,S3_PARENT,neg_log10_mol_l,MTL_MOL,full,LOEC_Injury,113,113,0,1.490039407871796,1.829794635760962,0.1429439238288338,DEFINED,16375756fbd832d840d1359a
W00,S3_PARENT,neg_log10_mol_l,MTL_MOL,full,LOEC_Molting,24,24,0,1.1117941489713739,1.5269482918086725,0.5148257529283553,DEFINED,16375756fbd832d840d1359a
W00,S3_PARENT,neg_log10_mol_l,MTL_MOL,full,LOEC_Morphology,168,168,0,1.3888834826044956,1.6899870037299047,0.10640742466429187,DEFINED,16375756fbd832d840d1359a
W00,S3_PARENT,neg_log10_mol_l,MTL_MOL,full,LOEC_Mortality,831,831,0,1.2525296954542422,1.5702484146694238,0.41304271858188135,DEFINED,16375756fbd832d840d1359a
W00,S3_PARENT,neg_log10_mol_l,MTL_MOL,full,LOEC_Physiology,721,721,0,1.293552787937485,1.6113970748292694,0.24571894274378958,DEFINED,16375756fbd832d840d1359a
W00,S3_PARENT,neg_log10_mol_l,MTL_MOL,full,LOEC_Population,936,936,0,1.2260818116120462,1.566555361236847,0.42762449823267445,DEFINED,16375756fbd832d840d1359a
W00,S3_PARENT,neg_log10_mol_l,MTL_MOL,full,LOEC_Reproduction,495,495,0,1.3415420771994317,1.687939449271369,0.2750231065425258,DEFINED,16375756fbd832d840d1359a
W00,S3_PARENT,neg_log10_mol_l,MTL_MOL,full,MATC_Behavior,2,2,0,0.9531210838779436,0.9543506862467512,-11.147983684170443,DEFINED,16375756fbd832d840d1359a
W00,S3_PARENT,neg_log10_mol_l,MTL_MOL,full,MATC_Biochemical,6,6,0,1.0441155696002147,1.2236033061183242,-0.3482843428819731,DEFINED,16375756fbd832d840d1359a
W00,S3_PARENT,neg_log10_mol_l,MTL_MOL,full,MATC_Development,15,15,0,0.5687183628460036,0.690451286262682,0.5646948738495658,DEFINED,16375756fbd832d840d1359a
W00,S3_PARENT,neg_log10_mol_l,MTL_MOL,full,MATC_Growth,56,56,0,0.7534768944847566,1.0110240093063867,0.45027887203080974,DEFINED,16375756fbd832d840d1359a
W00,S3_PARENT,neg_log10_mol_l,MTL_MOL,full,MATC_Immobilization,3,3,0,1.0097049317492228,1.013624618961329,-128.54965591769633,DEFINED,16375756fbd832d840d1359a
W00,S3_PARENT,neg_log10_mol_l,MTL_MOL,full,MATC_Molting,4,4,0,0.8995461767443433,1.2211584289812922,-1.3765084192031956,DEFINED,16375756fbd832d840d1359a
W00,S3_PARENT,neg_log10_mol_l,MTL_MOL,full,MATC_Mortality,94,94,0,1.0383659948777952,1.3448175710743884,0.6043358173083657,DEFINED,16375756fbd832d840d1359a
W00,S3_PARENT,neg_log10_mol_l,MTL_MOL,full,MATC_Physiology,3,3,0,2.0622763591937807,2.1950531328636136,-0.09414108917205355,DEFINED,16375756fbd832d840d1359a
W00,S3_PARENT,neg_log10_mol_l,MTL_MOL,full,MATC_Population,20,20,0,1.4049896182668702,1.5843804029303958,-0.9808907726488922,DEFINED,16375756fbd832d840d1359a
W00,S3_PARENT,neg_log10_mol_l,MTL_MOL,full,MATC_Reproduction,34,34,0,1.1407673093268944,1.4711434215169008,0.4747661179141198,DEFINED,16375756fbd832d840d1359a
W00,S3_PARENT,neg_log10_mol_l,MTL_MOL,full,NOEC_Accumulation,31,31,0,1.318221508629495,1.6644153653915188,-0.16539558799253817,DEFINED,16375756fbd832d840d1359a
W00,S3_PARENT,neg_log10_mol_l,MTL_MOL,full,NOEC_Behavior,434,434,0,1.1917920042871082,1.4967272259904743,0.0907557770632581,DEFINED,16375756fbd832d840d1359a
W00,S3_PARENT,neg_log10_mol_l,MTL_MOL,full,NOEC_Biochemical,1258,1258,0,1.3954599349751566,1.7258628489468344,0.16186964228231804,DEFINED,16375756fbd832d840d1359a
W00,S3_PARENT,neg_log10_mol_l,MTL_MOL,full,NOEC_Development,593,593,0,1.3606274658661512,1.7121805179711145,0.25771005933605906,DEFINED,16375756fbd832d840d1359a
W00,S3_PARENT,neg_log10_mol_l,MTL_MOL,full,NOEC_Feeding,74,74,0,1.5509596412274709,1.8737461361951684,0.22195306274499238,DEFINED,16375756fbd832d840d1359a
W00,S3_PARENT,neg_log10_mol_l,MTL_MOL,full,NOEC_GeneticDamage,838,838,0,1.3269856441261512,1.624610047440994,0.18654092033531955,DEFINED,16375756fbd832d840d1359a
W00,S3_PARENT,neg_log10_mol_l,MTL_MOL,full,NOEC_Growth,1168,1168,0,1.1872364596589153,1.4973960348978528,0.27437076402445093,DEFINED,16375756fbd832d840d1359a
W00,S3_PARENT,neg_log10_mol_l,MTL_MOL,full,NOEC_Immobilization,275,275,0,1.032668232079179,1.332934302473109,0.44938102109783407,DEFINED,16375756fbd832d840d1359a
W00,S3_PARENT,neg_log10_mol_l,MTL_MOL,full,NOEC_Injury,155,155,0,1.3096359026334896,1.6568014707877607,0.19878310875337024,DEFINED,16375756fbd832d840d1359a
W00,S3_PARENT,neg_log10_mol_l,MTL_MOL,full,NOEC_Molting,47,47,0,0.9835880744883296,1.346622709333205,0.43253424875844626,DEFINED,16375756fbd832d840d1359a
W00,S3_PARENT,neg_log10_mol_l,MTL_MOL,full,NOEC_Morphology,281,281,0,1.1995423114666628,1.5178063699664412,0.26827213215816503,DEFINED,16375756fbd832d840d1359a
W00,S3_PARENT,neg_log10_mol_l,MTL_MOL,full,NOEC_Mortality,1793,1793,0,1.157423277954398,1.4759686717875264,0.38363481803859634,DEFINED,16375756fbd832d840d1359a
W00,S3_PARENT,neg_log10_mol_l,MTL_MOL,full,NOEC_Physiology,798,798,0,1.3158872309193932,1.6409521175769601,0.18612572681870165,DEFINED,16375756fbd832d840d1359a
W00,S3_PARENT,neg_log10_mol_l,MTL_MOL,full,NOEC_Population,1386,1386,0,1.208819003345389,1.532682012001147,0.34097143226809257,DEFINED,16375756fbd832d840d1359a
W00,S3_PARENT,neg_log10_mol_l,MTL_MOL,full,NOEC_Reproduction,620,620,0,1.2970614374225762,1.6531838194475919,0.3518578720224884,DEFINED,16375756fbd832d840d1359a
W00,S3_PARENT,neg_log10_mol_l,MTL_MOL,locked_common,ACx_Development,61,61,0,1.6312779319233983,1.9990188980561103,-0.23279220892002517,DEFINED,16375756fbd832d840d1359a
W00,S3_PARENT,neg_log10_mol_l,MTL_MOL,locked_common,ACx_Immobilization,33,33,0,1.6450106160201312,1.9538814858784697,-0.1779101691716911,DEFINED,16375756fbd832d840d1359a
W00,S3_PARENT,neg_log10_mol_l,MTL_MOL,locked_common,ACx_Injury,70,70,0,1.204288069358681,1.521704065830401,0.11124911230136114,DEFINED,16375756fbd832d840d1359a
W00,S3_PARENT,neg_log10_mol_l,MTL_MOL,locked_common,ACx_Molting,104,104,0,0.6629592333508737,0.8302359716168147,0.06422698310625308,DEFINED,16375756fbd832d840d1359a
W00,S3_PARENT,neg_log10_mol_l,MTL_MOL,locked_common,ACx_Mortality,59,59,0,1.794136138754614,1.9660848389535899,-0.002865182168116931,DEFINED,16375756fbd832d840d1359a
W00,S3_PARENT,neg_log10_mol_l,MTL_MOL,locked_common,ACx_Physiology,71,71,0,1.5661423716114313,1.7710022278473498,-0.0015726537904652282,DEFINED,16375756fbd832d840d1359a
W00,S3_PARENT,neg_log10_mol_l,MTL_MOL,locked_common,BMCx_Development,9,9,0,0.7759878636956711,0.9608984365763297,0.41491072628848924,DEFINED,16375756fbd832d840d1359a
W00,S3_PARENT,neg_log10_mol_l,MTL_MOL,locked_common,BMCx_Immobilization,3,3,0,0.5151226531773773,0.6846955622063702,-0.22155326597898273,DEFINED,16375756fbd832d840d1359a
W00,S3_PARENT,neg_log10_mol_l,MTL_MOL,locked_common,BMCx_Injury,10,10,0,0.5407565256728464,0.6557664357873332,0.07599240898658066,DEFINED,16375756fbd832d840d1359a
W00,S3_PARENT,neg_log10_mol_l,MTL_MOL,locked_common,BMCx_Molting,18,18,0,0.4090173016219342,0.4815366139770613,0.27906100459043737,DEFINED,16375756fbd832d840d1359a
W00,S3_PARENT,neg_log10_mol_l,MTL_MOL,locked_common,BMCx_Mortality,9,9,0,0.4211941696596895,0.5256517948075162,0.1281011552565391,DEFINED,16375756fbd832d840d1359a
W00,S3_PARENT,neg_log10_mol_l,MTL_MOL,locked_common,BMCx_Physiology,6,6,0,0.4696504078482753,0.5061683408599887,0.17876142536903028,DEFINED,16375756fbd832d840d1359a
W00,S3_PARENT,neg_log10_mol_l,MTL_MOL,locked_common,BMDx_Behavior,34,34,0,1.5164009005605767,2.206405120520445,-0.021022870573570662,DEFINED,16375756fbd832d840d1359a
W00,S3_PARENT,neg_log10_mol_l,MTL_MOL,locked_common,BMDx_Development,47,47,0,0.8869591975270564,1.1323641376315277,0.048868345458651485,DEFINED,16375756fbd832d840d1359a
W00,S3_PARENT,neg_log10_mol_l,MTL_MOL,locked_common,BMDx_Immobilization,9,9,0,0.3405721687371061,0.7404000159272256,-0.1532564111273249,DEFINED,16375756fbd832d840d1359a
W00,S3_PARENT,neg_log10_mol_l,MTL_MOL,locked_common,BMDx_Injury,14,14,0,1.2917380731655626,1.375045229066715,-0.35262768165721403,DEFINED,16375756fbd832d840d1359a
W00,S3_PARENT,neg_log10_mol_l,MTL_MOL,locked_common,BMDx_Morphology,6,6,0,0.25876383750721893,0.30779328945688517,0.0891100093437226,DEFINED,16375756fbd832d840d1359a
W00,S3_PARENT,neg_log10_mol_l,MTL_MOL,locked_common,BMDx_Mortality,17,17,0,2.1282493934532525,3.3444841406900725,-0.0927629968975745,DEFINED,16375756fbd832d840d1359a
W00,S3_PARENT,neg_log10_mol_l,MTL_MOL,locked_common,BMDx_Physiology,12,12,0,1.1892738225690784,1.371116037183393,-0.3212438351557998,DEFINED,16375756fbd832d840d1359a
W00,S3_PARENT,neg_log10_mol_l,MTL_MOL,locked_common,ECx_Behavior,492,492,0,1.0937197585536793,1.4179287699171408,0.550703910438916,DEFINED,16375756fbd832d840d1359a
W00,S3_PARENT,neg_log10_mol_l,MTL_MOL,locked_common,ECx_Biochemical,240,240,0,1.1271794768663328,1.4973755595250131,0.516680027445444,DEFINED,16375756fbd832d840d1359a
W00,S3_PARENT,neg_log10_mol_l,MTL_MOL,locked_common,ECx_Development,504,504,0,1.2781872247753974,1.6410984625216056,0.4633481820451719,DEFINED,16375756fbd832d840d1359a
W00,S3_PARENT,neg_log10_mol_l,MTL_MOL,locked_common,ECx_Feeding,39,39,0,0.9381787525232061,1.2335676800801016,0.1913217325822214,DEFINED,16375756fbd832d840d1359a
W00,S3_PARENT,neg_log10_mol_l,MTL_MOL,locked_common,ECx_GeneticDamage,47,47,0,0.8044843371838573,1.0365957528776104,0.8646084668832903,DEFINED,16375756fbd832d840d1359a
W00,S3_PARENT,neg_log10_mol_l,MTL_MOL,locked_common,ECx_Growth,725,725,0,1.0111903246204406,1.4737218263774534,0.2678255949503139,DEFINED,16375756fbd832d840d1359a
W00,S3_PARENT,neg_log10_mol_l,MTL_MOL,locked_common,ECx_Immobilization,1566,1566,0,0.9192215345227407,1.2059225029125875,0.6670519259760054,DEFINED,16375756fbd832d840d1359a
W00,S3_PARENT,neg_log10_mol_l,MTL_MOL,locked_common,ECx_Injury,65,65,0,0.7911569317608819,1.1095667565765985,0.7226852570382614,DEFINED,16375756fbd832d840d1359a
W00,S3_PARENT,neg_log10_mol_l,MTL_MOL,locked_common,ECx_Molting,182,182,0,1.2066166036920136,1.5041206438301267,0.310948793377284,DEFINED,16375756fbd832d840d1359a
W00,S3_PARENT,neg_log10_mol_l,MTL_MOL,locked_common,ECx_Morphology,48,48,0,0.5098811799878885,0.6919319289824769,0.7051691498973558,DEFINED,16375756fbd832d840d1359a
W00,S3_PARENT,neg_log10_mol_l,MTL_MOL,locked_common,ECx_Mortality,14822,14822,0,1.1307040239569626,1.4245131812296314,0.45458299328735163,DEFINED,16375756fbd832d840d1359a
W00,S3_PARENT,neg_log10_mol_l,MTL_MOL,locked_common,ECx_Physiology,447,447,0,1.024939538842857,1.3243641931347234,0.495618218459573,DEFINED,16375756fbd832d840d1359a
W00,S3_PARENT,neg_log10_mol_l,MTL_MOL,locked_common,ECx_Population,2104,2104,0,0.9940538164027883,1.3348406003106756,0.34613157176870224,DEFINED,16375756fbd832d840d1359a
W00,S3_PARENT,neg_log10_mol_l,MTL_MOL,locked_common,ECx_Reproduction,208,208,0,0.9685430490555895,1.2854887320842914,0.41111677698091353,DEFINED,16375756fbd832d840d1359a
W00,S3_PARENT,neg_log10_mol_l,MTL_MOL,locked_common,EDx_Development,5,5,0,0.8051609696623503,0.8741364046333053,-0.3644112602899763,DEFINED,16375756fbd832d840d1359a
W00,S3_PARENT,neg_log10_mol_l,MTL_MOL,locked_common,EDx_Growth,1,1,0,1.642968604411445,1.642968604411445,,N_LT_2,16375756fbd832d840d1359a
W00,S3_PARENT,neg_log10_mol_l,MTL_MOL,locked_common,EDx_Molting,3,3,0,0.6379860787791195,0.6821753896867279,-6.744464684773315,DEFINED,16375756fbd832d840d1359a
W00,S3_PARENT,neg_log10_mol_l,MTL_MOL,locked_common,EDx_Physiology,2,2,0,0.5056964455415347,0.5095064218176968,0.1262934736955693,DEFINED,16375756fbd832d840d1359a
W00,S3_PARENT,neg_log10_mol_l,MTL_MOL,locked_common,EDx_Population,2,2,0,0.7646511555957893,0.7649282748356423,-1379.392895067439,DEFINED,16375756fbd832d840d1359a
W00,S3_PARENT,neg_log10_mol_l,MTL_MOL,locked_common,ICx_Behavior,3,3,0,1.2717612280886281,1.3002022256729635,-0.4802916956282224,DEFINED,16375756fbd832d840d1359a
W00,S3_PARENT,neg_log10_mol_l,MTL_MOL,locked_common,ICx_Biochemical,171,171,0,1.4772033266393625,1.7722820006246365,0.1464086204275481,DEFINED,16375756fbd832d840d1359a
W00,S3_PARENT,neg_log10_mol_l,MTL_MOL,locked_common,ICx_Development,29,29,0,1.8176817879003264,2.0818404692074726,0.1390600751863117,DEFINED,16375756fbd832d840d1359a
W00,S3_PARENT,neg_log10_mol_l,MTL_MOL,locked_common,ICx_Feeding,3,3,0,0.4964529909312286,0.5745025796942319,-15.74177976521398,DEFINED,16375756fbd832d840d1359a
W00,S3_PARENT,neg_log10_mol_l,MTL_MOL,locked_common,ICx_GeneticDamage,6,6,0,0.6110728420675197,0.686539196284169,0.8640991891227474,DEFINED,16375756fbd832d840d1359a
W00,S3_PARENT,neg_log10_mol_l,MTL_MOL,locked_common,ICx_Growth,108,108,0,0.9021550493976286,1.1685873841963992,0.38908332570767135,DEFINED,16375756fbd832d840d1359a
W00,S3_PARENT,neg_log10_mol_l,MTL_MOL,locked_common,ICx_Immobilization,17,17,0,1.4255327268751867,1.586365437854454,-2.2152671742339742,DEFINED,16375756fbd832d840d1359a
W00,S3_PARENT,neg_log10_mol_l,MTL_MOL,locked_common,ICx_Mortality,23,23,0,2.156699686777368,2.4267258483215506,-0.11672233464506432,DEFINED,16375756fbd832d840d1359a
W00,S3_PARENT,neg_log10_mol_l,MTL_MOL,locked_common,ICx_Physiology,164,164,0,0.9740679986833551,1.3520041214120369,0.6272130317018061,DEFINED,16375756fbd832d840d1359a
W00,S3_PARENT,neg_log10_mol_l,MTL_MOL,locked_common,ICx_Population,289,289,0,0.9887933539110854,1.3024973453164865,0.5041681424718185,DEFINED,16375756fbd832d840d1359a
W00,S3_PARENT,neg_log10_mol_l,MTL_MOL,locked_common,ICx_Reproduction,66,66,0,1.8725074073216312,2.06153733815015,-0.6841953226549542,DEFINED,16375756fbd832d840d1359a
W00,S3_PARENT,neg_log10_mol_l,MTL_MOL,locked_common,LDx_Injury,5,5,0,0.49760154064179274,0.7282298207865869,0.524117154798729,DEFINED,16375756fbd832d840d1359a
W00,S3_PARENT,neg_log10_mol_l,MTL_MOL,locked_common,LDx_Mortality,239,239,0,0.9673492872112096,1.3073729125107043,0.3071234242676253,DEFINED,16375756fbd832d840d1359a
W00,S3_PARENT,neg_log10_mol_l,MTL_MOL,locked_common,LDx_Physiology,6,6,0,0.2365576895895527,0.27809665418985,-0.6700775994115922,DEFINED,16375756fbd832d840d1359a
W00,S3_PARENT,neg_log10_mol_l,MTL_MOL,locked_common,LOEC_Accumulation,43,43,0,1.571203853654719,1.8517781000044122,0.006628049900252009,DEFINED,16375756fbd832d840d1359a
W00,S3_PARENT,neg_log10_mol_l,MTL_MOL,locked_common,LOEC_Behavior,332,332,0,1.2221290031473666,1.5460715508957759,0.16438260427555762,DEFINED,16375756fbd832d840d1359a
W00,S3_PARENT,neg_log10_mol_l,MTL_MOL,locked_common,LOEC_Biochemical,1314,1314,0,1.3098457250528805,1.6531304729984664,0.18483882769510473,DEFINED,16375756fbd832d840d1359a
W00,S3_PARENT,neg_log10_mol_l,MTL_MOL,locked_common,LOEC_Development,422,422,0,1.410380960186545,1.7288645945919776,0.22548717283113173,DEFINED,16375756fbd832d840d1359a
W00,S3_PARENT,neg_log10_mol_l,MTL_MOL,locked_common,LOEC_Feeding,29,29,0,0.5332532784516111,0.675516569078869,0.06027299759490645,DEFINED,16375756fbd832d840d1359a
W00,S3_PARENT,neg_log10_mol_l,MTL_MOL,locked_common,LOEC_GeneticDamage,857,857,0,1.2602726551641306,1.5635410290308238,0.19611968756952824,DEFINED,16375756fbd832d840d1359a
W00,S3_PARENT,neg_log10_mol_l,MTL_MOL,locked_common,LOEC_Growth,853,853,0,1.1801191980247308,1.530536434857308,0.24748451355366408,DEFINED,16375756fbd832d840d1359a
W00,S3_PARENT,neg_log10_mol_l,MTL_MOL,locked_common,LOEC_Immobilization,61,61,0,0.9882983715274014,1.2139107841853605,0.5503456645121261,DEFINED,16375756fbd832d840d1359a
W00,S3_PARENT,neg_log10_mol_l,MTL_MOL,locked_common,LOEC_Injury,113,113,0,1.490039407871796,1.829794635760962,0.1429439238288338,DEFINED,16375756fbd832d840d1359a
W00,S3_PARENT,neg_log10_mol_l,MTL_MOL,locked_common,LOEC_Molting,24,24,0,1.1117941489713739,1.5269482918086725,0.5148257529283553,DEFINED,16375756fbd832d840d1359a
W00,S3_PARENT,neg_log10_mol_l,MTL_MOL,locked_common,LOEC_Morphology,168,168,0,1.3888834826044956,1.6899870037299047,0.10640742466429187,DEFINED,16375756fbd832d840d1359a
W00,S3_PARENT,neg_log10_mol_l,MTL_MOL,locked_common,LOEC_Mortality,831,831,0,1.2525296954542422,1.5702484146694238,0.41304271858188135,DEFINED,16375756fbd832d840d1359a
W00,S3_PARENT,neg_log10_mol_l,MTL_MOL,locked_common,LOEC_Physiology,721,721,0,1.293552787937485,1.6113970748292694,0.24571894274378958,DEFINED,16375756fbd832d840d1359a
W00,S3_PARENT,neg_log10_mol_l,MTL_MOL,locked_common,LOEC_Population,936,936,0,1.2260818116120462,1.566555361236847,0.42762449823267445,DEFINED,16375756fbd832d840d1359a
W00,S3_PARENT,neg_log10_mol_l,MTL_MOL,locked_common,LOEC_Reproduction,495,495,0,1.3415420771994317,1.687939449271369,0.2750231065425258,DEFINED,16375756fbd832d840d1359a
W00,S3_PARENT,neg_log10_mol_l,MTL_MOL,locked_common,MATC_Behavior,2,2,0,0.9531210838779436,0.9543506862467512,-11.147983684170443,DEFINED,16375756fbd832d840d1359a
W00,S3_PARENT,neg_log10_mol_l,MTL_MOL,locked_common,MATC_Biochemical,6,6,0,1.0441155696002147,1.2236033061183242,-0.3482843428819731,DEFINED,16375756fbd832d840d1359a
W00,S3_PARENT,neg_log10_mol_l,MTL_MOL,locked_common,MATC_Development,15,15,0,0.5687183628460036,0.690451286262682,0.5646948738495658,DEFINED,16375756fbd832d840d1359a
W00,S3_PARENT,neg_log10_mol_l,MTL_MOL,locked_common,MATC_Growth,56,56,0,0.7534768944847566,1.0110240093063867,0.45027887203080974,DEFINED,16375756fbd832d840d1359a
W00,S3_PARENT,neg_log10_mol_l,MTL_MOL,locked_common,MATC_Immobilization,3,3,0,1.0097049317492228,1.013624618961329,-128.54965591769633,DEFINED,16375756fbd832d840d1359a
W00,S3_PARENT,neg_log10_mol_l,MTL_MOL,locked_common,MATC_Molting,4,4,0,0.8995461767443433,1.2211584289812922,-1.3765084192031956,DEFINED,16375756fbd832d840d1359a
W00,S3_PARENT,neg_log10_mol_l,MTL_MOL,locked_common,MATC_Mortality,94,94,0,1.0383659948777952,1.3448175710743884,0.6043358173083657,DEFINED,16375756fbd832d840d1359a
W00,S3_PARENT,neg_log10_mol_l,MTL_MOL,locked_common,MATC_Physiology,3,3,0,2.0622763591937807,2.1950531328636136,-0.09414108917205355,DEFINED,16375756fbd832d840d1359a
W00,S3_PARENT,neg_log10_mol_l,MTL_MOL,locked_common,MATC_Population,20,20,0,1.4049896182668702,1.5843804029303958,-0.9808907726488922,DEFINED,16375756fbd832d840d1359a
W00,S3_PARENT,neg_log10_mol_l,MTL_MOL,locked_common,MATC_Reproduction,34,34,0,1.1407673093268944,1.4711434215169008,0.4747661179141198,DEFINED,16375756fbd832d840d1359a
W00,S3_PARENT,neg_log10_mol_l,MTL_MOL,locked_common,NOEC_Accumulation,31,31,0,1.318221508629495,1.6644153653915188,-0.16539558799253817,DEFINED,16375756fbd832d840d1359a
W00,S3_PARENT,neg_log10_mol_l,MTL_MOL,locked_common,NOEC_Behavior,434,434,0,1.1917920042871082,1.4967272259904743,0.0907557770632581,DEFINED,16375756fbd832d840d1359a
W00,S3_PARENT,neg_log10_mol_l,MTL_MOL,locked_common,NOEC_Biochemical,1258,1258,0,1.3954599349751566,1.7258628489468344,0.16186964228231804,DEFINED,16375756fbd832d840d1359a
W00,S3_PARENT,neg_log10_mol_l,MTL_MOL,locked_common,NOEC_Development,593,593,0,1.3606274658661512,1.7121805179711145,0.25771005933605906,DEFINED,16375756fbd832d840d1359a
W00,S3_PARENT,neg_log10_mol_l,MTL_MOL,locked_common,NOEC_Feeding,74,74,0,1.5509596412274709,1.8737461361951684,0.22195306274499238,DEFINED,16375756fbd832d840d1359a
W00,S3_PARENT,neg_log10_mol_l,MTL_MOL,locked_common,NOEC_GeneticDamage,838,838,0,1.3269856441261512,1.624610047440994,0.18654092033531955,DEFINED,16375756fbd832d840d1359a
W00,S3_PARENT,neg_log10_mol_l,MTL_MOL,locked_common,NOEC_Growth,1168,1168,0,1.1872364596589153,1.4973960348978528,0.27437076402445093,DEFINED,16375756fbd832d840d1359a
W00,S3_PARENT,neg_log10_mol_l,MTL_MOL,locked_common,NOEC_Immobilization,275,275,0,1.032668232079179,1.332934302473109,0.44938102109783407,DEFINED,16375756fbd832d840d1359a
W00,S3_PARENT,neg_log10_mol_l,MTL_MOL,locked_common,NOEC_Injury,155,155,0,1.3096359026334896,1.6568014707877607,0.19878310875337024,DEFINED,16375756fbd832d840d1359a
W00,S3_PARENT,neg_log10_mol_l,MTL_MOL,locked_common,NOEC_Molting,47,47,0,0.9835880744883296,1.346622709333205,0.43253424875844626,DEFINED,16375756fbd832d840d1359a
W00,S3_PARENT,neg_log10_mol_l,MTL_MOL,locked_common,NOEC_Morphology,281,281,0,1.1995423114666628,1.5178063699664412,0.26827213215816503,DEFINED,16375756fbd832d840d1359a
W00,S3_PARENT,neg_log10_mol_l,MTL_MOL,locked_common,NOEC_Mortality,1793,1793,0,1.157423277954398,1.4759686717875264,0.38363481803859634,DEFINED,16375756fbd832d840d1359a
W00,S3_PARENT,neg_log10_mol_l,MTL_MOL,locked_common,NOEC_Physiology,798,798,0,1.3158872309193932,1.6409521175769601,0.18612572681870165,DEFINED,16375756fbd832d840d1359a
W00,S3_PARENT,neg_log10_mol_l,MTL_MOL,locked_common,NOEC_Population,1386,1386,0,1.208819003345389,1.532682012001147,0.34097143226809257,DEFINED,16375756fbd832d840d1359a
W00,S3_PARENT,neg_log10_mol_l,MTL_MOL,locked_common,NOEC_Reproduction,620,620,0,1.2970614374225762,1.6531838194475919,0.3518578720224884,DEFINED,16375756fbd832d840d1359a
W00,S3_PARENT,neg_log10_mol_l,STL_FULL,full,ACx_Development,61,61,0,1.6275755281896858,1.9368052984266624,-0.15725218765484783,DEFINED,a50eed36870795c0dbeee442
W00,S3_PARENT,neg_log10_mol_l,STL_FULL,full,ACx_Immobilization,33,33,0,1.5976622038425299,1.886714865409854,-0.09831844776060694,DEFINED,a50eed36870795c0dbeee442
W00,S3_PARENT,neg_log10_mol_l,STL_FULL,full,ACx_Injury,70,70,0,1.2303662277285958,1.588248436536235,0.03181908275559231,DEFINED,a50eed36870795c0dbeee442
W00,S3_PARENT,neg_log10_mol_l,STL_FULL,full,ACx_Molting,104,104,0,0.6567899024941583,0.7985333537747762,0.1343276473358741,DEFINED,a50eed36870795c0dbeee442
W00,S3_PARENT,neg_log10_mol_l,STL_FULL,full,ACx_Mortality,59,59,0,1.5246162956182308,1.9267384439214363,0.036872971247885133,DEFINED,a50eed36870795c0dbeee442
W00,S3_PARENT,neg_log10_mol_l,STL_FULL,full,ACx_Physiology,71,71,0,1.4283539772753628,1.7415052333609784,0.03151296532381653,DEFINED,a50eed36870795c0dbeee442
W00,S3_PARENT,neg_log10_mol_l,STL_FULL,full,BMCx_Behavior,10,0,10,,,,NO_PREDICTION,a50eed36870795c0dbeee442
W00,S3_PARENT,neg_log10_mol_l,STL_FULL,full,BMCx_Biochemical,8,8,0,2.0272605546381195,2.0422520165587663,-66.46791697373783,DEFINED,a50eed36870795c0dbeee442
W00,S3_PARENT,neg_log10_mol_l,STL_FULL,full,BMCx_Development,9,9,0,0.8693284517391174,1.1571586577861095,0.15149778384608836,DEFINED,a50eed36870795c0dbeee442
W00,S3_PARENT,neg_log10_mol_l,STL_FULL,full,BMCx_Immobilization,3,3,0,0.48468981590663124,0.6629087967277463,-0.1450513083274887,DEFINED,a50eed36870795c0dbeee442
W00,S3_PARENT,neg_log10_mol_l,STL_FULL,full,BMCx_Injury,10,10,0,0.570922408619244,0.703750650569832,-0.06417925630940768,DEFINED,a50eed36870795c0dbeee442
W00,S3_PARENT,neg_log10_mol_l,STL_FULL,full,BMCx_Molting,18,18,0,0.46219814562706873,0.5543873935352835,0.04442103743074455,DEFINED,a50eed36870795c0dbeee442
W00,S3_PARENT,neg_log10_mol_l,STL_FULL,full,BMCx_Mortality,9,9,0,0.425392238543864,0.49190953782870545,0.23644506983551472,DEFINED,a50eed36870795c0dbeee442
W00,S3_PARENT,neg_log10_mol_l,STL_FULL,full,BMCx_Physiology,6,6,0,0.3874791526935238,0.4416892554870135,0.3746645432119051,DEFINED,a50eed36870795c0dbeee442
W00,S3_PARENT,neg_log10_mol_l,STL_FULL,full,BMDx_Behavior,34,34,0,1.621308018967431,2.228007242131061,-0.04111368026203843,DEFINED,a50eed36870795c0dbeee442
W00,S3_PARENT,neg_log10_mol_l,STL_FULL,full,BMDx_Development,47,47,0,0.8791227520018339,1.1195507474221027,0.07027182815720523,DEFINED,a50eed36870795c0dbeee442
W00,S3_PARENT,neg_log10_mol_l,STL_FULL,full,BMDx_Immobilization,9,9,0,0.3531881313590279,0.7468006642790903,-0.17328205931148233,DEFINED,a50eed36870795c0dbeee442
W00,S3_PARENT,neg_log10_mol_l,STL_FULL,full,BMDx_Injury,14,14,0,1.2181334093840206,1.2966602384677066,-0.20280906118941533,DEFINED,a50eed36870795c0dbeee442
W00,S3_PARENT,neg_log10_mol_l,STL_FULL,full,BMDx_Morphology,6,6,0,0.30020459724770393,0.31488380123328447,0.046658991670782024,DEFINED,a50eed36870795c0dbeee442
W00,S3_PARENT,neg_log10_mol_l,STL_FULL,full,BMDx_Mortality,17,17,0,2.0874876560953037,3.3842002081740397,-0.1188704252097299,DEFINED,a50eed36870795c0dbeee442
W00,S3_PARENT,neg_log10_mol_l,STL_FULL,full,BMDx_Physiology,12,12,0,0.9286790926303073,1.2818189592219797,-0.15474990334575844,DEFINED,a50eed36870795c0dbeee442
W00,S3_PARENT,neg_log10_mol_l,STL_FULL,full,ECx_Behavior,492,492,0,1.0813145595967795,1.392639055169553,0.5665879811153491,DEFINED,a50eed36870795c0dbeee442
W00,S3_PARENT,neg_log10_mol_l,STL_FULL,full,ECx_Biochemical,240,240,0,1.0978008737575338,1.4510749155615559,0.5461075790840234,DEFINED,a50eed36870795c0dbeee442
W00,S3_PARENT,neg_log10_mol_l,STL_FULL,full,ECx_Development,504,504,0,0.957851718673758,1.2879287707383824,0.6694729423771206,DEFINED,a50eed36870795c0dbeee442
W00,S3_PARENT,neg_log10_mol_l,STL_FULL,full,ECx_Feeding,39,39,0,0.8529795533091559,1.1562670138825357,0.28949673169273316,DEFINED,a50eed36870795c0dbeee442
W00,S3_PARENT,neg_log10_mol_l,STL_FULL,full,ECx_GeneticDamage,47,47,0,1.3642415614495529,1.5939432808075213,0.6798758912140457,DEFINED,a50eed36870795c0dbeee442
W00,S3_PARENT,neg_log10_mol_l,STL_FULL,full,ECx_Growth,725,725,0,0.958501095401013,1.3561259175627818,0.38001162867835525,DEFINED,a50eed36870795c0dbeee442
W00,S3_PARENT,neg_log10_mol_l,STL_FULL,full,ECx_Immobilization,1566,1566,0,0.8509768081377124,1.1181245310453922,0.7137680825382902,DEFINED,a50eed36870795c0dbeee442
W00,S3_PARENT,neg_log10_mol_l,STL_FULL,full,ECx_Injury,65,65,0,0.9055981296243406,1.236773875520939,0.6554544129660882,DEFINED,a50eed36870795c0dbeee442
W00,S3_PARENT,neg_log10_mol_l,STL_FULL,full,ECx_Molting,182,182,0,0.8926263415781207,1.115391512777239,0.6210858490262032,DEFINED,a50eed36870795c0dbeee442
W00,S3_PARENT,neg_log10_mol_l,STL_FULL,full,ECx_Morphology,48,48,0,0.783538699294108,1.012649979979984,0.36851229589588885,DEFINED,a50eed36870795c0dbeee442
W00,S3_PARENT,neg_log10_mol_l,STL_FULL,full,ECx_Mortality,14822,14822,0,1.003387156822435,1.2884054850862472,0.5538294905120265,DEFINED,a50eed36870795c0dbeee442
W00,S3_PARENT,neg_log10_mol_l,STL_FULL,full,ECx_Physiology,447,447,0,0.887585767963141,1.169594511461056,0.6066173749047772,DEFINED,a50eed36870795c0dbeee442
W00,S3_PARENT,neg_log10_mol_l,STL_FULL,full,ECx_Population,2104,2104,0,0.9273806581096835,1.2446216447950114,0.43153170011327713,DEFINED,a50eed36870795c0dbeee442
W00,S3_PARENT,neg_log10_mol_l,STL_FULL,full,ECx_Reproduction,208,208,0,0.9933134301942596,1.2693358475120444,0.4258230901065122,DEFINED,a50eed36870795c0dbeee442
W00,S3_PARENT,neg_log10_mol_l,STL_FULL,full,EDx_Development,5,5,0,0.978041408402467,1.1092380286761168,-1.197031991210641,DEFINED,a50eed36870795c0dbeee442
W00,S3_PARENT,neg_log10_mol_l,STL_FULL,full,EDx_Growth,1,1,0,1.422205100818049,1.422205100818049,,N_LT_2,a50eed36870795c0dbeee442
W00,S3_PARENT,neg_log10_mol_l,STL_FULL,full,EDx_Molting,3,3,0,0.4317047828851838,0.47970314052736884,-2.82952079215938,DEFINED,a50eed36870795c0dbeee442
W00,S3_PARENT,neg_log10_mol_l,STL_FULL,full,EDx_Physiology,2,2,0,0.6049284939547944,0.7041348256757137,-0.668698610818429,DEFINED,a50eed36870795c0dbeee442
W00,S3_PARENT,neg_log10_mol_l,STL_FULL,full,EDx_Population,2,2,0,0.8208453493109644,0.8211035034479485,-1589.5857841461868,DEFINED,a50eed36870795c0dbeee442
W00,S3_PARENT,neg_log10_mol_l,STL_FULL,full,EDx_Reproduction,2,2,0,0.32358657644147915,0.3483633544605354,0.8040712316463702,DEFINED,a50eed36870795c0dbeee442
W00,S3_PARENT,neg_log10_mol_l,STL_FULL,full,ICx_Behavior,3,3,0,0.547026046826145,0.7270051190508531,0.5371924552691064,DEFINED,a50eed36870795c0dbeee442
W00,S3_PARENT,neg_log10_mol_l,STL_FULL,full,ICx_Biochemical,171,171,0,1.402958904760139,1.7329220416738629,0.1839018030820454,DEFINED,a50eed36870795c0dbeee442
W00,S3_PARENT,neg_log10_mol_l,STL_FULL,full,ICx_Development,29,29,0,1.9163486125514644,2.25126225774131,-0.006769698623836584,DEFINED,a50eed36870795c0dbeee442
W00,S3_PARENT,neg_log10_mol_l,STL_FULL,full,ICx_Feeding,3,3,0,0.5469189956990167,0.6048044240154308,-17.55442827641562,DEFINED,a50eed36870795c0dbeee442
W00,S3_PARENT,neg_log10_mol_l,STL_FULL,full,ICx_GeneticDamage,6,6,0,0.7618273125211216,0.9850312088415728,0.7202363055087915,DEFINED,a50eed36870795c0dbeee442
W00,S3_PARENT,neg_log10_mol_l,STL_FULL,full,ICx_Growth,108,108,0,0.9229327229844339,1.178032340659012,0.379168107662742,DEFINED,a50eed36870795c0dbeee442
W00,S3_PARENT,neg_log10_mol_l,STL_FULL,full,ICx_Immobilization,17,17,0,1.072775089510341,1.3253900156686143,-1.2443882034083553,DEFINED,a50eed36870795c0dbeee442
W00,S3_PARENT,neg_log10_mol_l,STL_FULL,full,ICx_Mortality,23,23,0,2.0502073129657545,2.161577513601518,0.11397617987076569,DEFINED,a50eed36870795c0dbeee442
W00,S3_PARENT,neg_log10_mol_l,STL_FULL,full,ICx_Physiology,164,164,0,0.9599969157787993,1.2620257165184474,0.6751812427007035,DEFINED,a50eed36870795c0dbeee442
W00,S3_PARENT,neg_log10_mol_l,STL_FULL,full,ICx_Population,289,289,0,0.8838976409779962,1.1668825824358993,0.6020440080970481,DEFINED,a50eed36870795c0dbeee442
W00,S3_PARENT,neg_log10_mol_l,STL_FULL,full,ICx_Reproduction,66,66,0,1.48970688215167,1.7000881910791619,-0.14538884251749118,DEFINED,a50eed36870795c0dbeee442
W00,S3_PARENT,neg_log10_mol_l,STL_FULL,full,LDx_Injury,5,5,0,0.44036915138045396,0.57249801971429,0.7058891077681337,DEFINED,a50eed36870795c0dbeee442
W00,S3_PARENT,neg_log10_mol_l,STL_FULL,full,LDx_Mortality,239,239,0,0.9806036186860585,1.3268802263947062,0.2862923392006196,DEFINED,a50eed36870795c0dbeee442
W00,S3_PARENT,neg_log10_mol_l,STL_FULL,full,LDx_Physiology,6,6,0,0.23891095320093267,0.275759495611517,-0.642124479586236,DEFINED,a50eed36870795c0dbeee442
W00,S3_PARENT,neg_log10_mol_l,STL_FULL,full,LOEC_Accumulation,43,43,0,1.378377595246128,1.8076860411601936,0.0533705437566121,DEFINED,a50eed36870795c0dbeee442
W00,S3_PARENT,neg_log10_mol_l,STL_FULL,full,LOEC_Behavior,332,332,0,1.069487486547398,1.3476928218999777,0.365063746223494,DEFINED,a50eed36870795c0dbeee442
W00,S3_PARENT,neg_log10_mol_l,STL_FULL,full,LOEC_Biochemical,1314,1314,0,1.2026940279861322,1.5406796882790228,0.291966288433151,DEFINED,a50eed36870795c0dbeee442
W00,S3_PARENT,neg_log10_mol_l,STL_FULL,full,LOEC_Development,422,422,0,1.291112899530822,1.6484246812874426,0.2958829339099852,DEFINED,a50eed36870795c0dbeee442
W00,S3_PARENT,neg_log10_mol_l,STL_FULL,full,LOEC_Feeding,29,29,0,0.5861307063497283,0.7237127176516346,-0.07860419081411685,DEFINED,a50eed36870795c0dbeee442
W00,S3_PARENT,neg_log10_mol_l,STL_FULL,full,LOEC_GeneticDamage,857,857,0,1.1534768656267016,1.4571146195384732,0.30183148519474257,DEFINED,a50eed36870795c0dbeee442
W00,S3_PARENT,neg_log10_mol_l,STL_FULL,full,LOEC_Growth,853,853,0,1.1617032672381968,1.460813163824775,0.31448423890143906,DEFINED,a50eed36870795c0dbeee442
W00,S3_PARENT,neg_log10_mol_l,STL_FULL,full,LOEC_Immobilization,61,61,0,0.9543917688373388,1.315372868410069,0.4720375869577331,DEFINED,a50eed36870795c0dbeee442
W00,S3_PARENT,neg_log10_mol_l,STL_FULL,full,LOEC_Injury,113,113,0,1.3836740479219682,1.668861653239212,0.2870727591496097,DEFINED,a50eed36870795c0dbeee442
W00,S3_PARENT,neg_log10_mol_l,STL_FULL,full,LOEC_Molting,24,24,0,1.725273521647854,2.134924981689907,0.051550268607903904,DEFINED,a50eed36870795c0dbeee442
W00,S3_PARENT,neg_log10_mol_l,STL_FULL,full,LOEC_Morphology,168,168,0,1.3160797643900513,1.6010021555471756,0.1980327094550436,DEFINED,a50eed36870795c0dbeee442
W00,S3_PARENT,neg_log10_mol_l,STL_FULL,full,LOEC_Mortality,831,831,0,1.1926064006853574,1.5093492168576617,0.4576879744459049,DEFINED,a50eed36870795c0dbeee442
W00,S3_PARENT,neg_log10_mol_l,STL_FULL,full,LOEC_Physiology,721,721,0,1.1182268230694135,1.439969602104526,0.397669704275763,DEFINED,a50eed36870795c0dbeee442
W00,S3_PARENT,neg_log10_mol_l,STL_FULL,full,LOEC_Population,936,936,0,1.1919642474094594,1.5215265838169223,0.4600561086597593,DEFINED,a50eed36870795c0dbeee442
W00,S3_PARENT,neg_log10_mol_l,STL_FULL,full,LOEC_Reproduction,495,495,0,1.3057127054672961,1.657835485167376,0.3006520586181479,DEFINED,a50eed36870795c0dbeee442
W00,S3_PARENT,neg_log10_mol_l,STL_FULL,full,MATC_Behavior,2,2,0,1.1434774931458622,1.149258779576431,-16.616672470618873,DEFINED,a50eed36870795c0dbeee442
W00,S3_PARENT,neg_log10_mol_l,STL_FULL,full,MATC_Biochemical,6,6,0,1.0274612449398688,1.1928593372312162,-0.2813821696722836,DEFINED,a50eed36870795c0dbeee442
W00,S3_PARENT,neg_log10_mol_l,STL_FULL,full,MATC_Development,15,15,0,0.6612175481427099,0.8317171867048695,0.36834629596998836,DEFINED,a50eed36870795c0dbeee442
W00,S3_PARENT,neg_log10_mol_l,STL_FULL,full,MATC_Growth,56,56,0,0.8144670239489236,1.0996178253959816,0.34971605246061666,DEFINED,a50eed36870795c0dbeee442
W00,S3_PARENT,neg_log10_mol_l,STL_FULL,full,MATC_Immobilization,3,3,0,1.4697956815763638,1.4867041582066203,-277.6962183301867,DEFINED,a50eed36870795c0dbeee442
W00,S3_PARENT,neg_log10_mol_l,STL_FULL,full,MATC_Molting,4,4,0,1.2071458092602898,1.6307873831129083,-3.2382836595677356,DEFINED,a50eed36870795c0dbeee442
W00,S3_PARENT,neg_log10_mol_l,STL_FULL,full,MATC_Mortality,94,94,0,1.096784972152136,1.4403317251417695,0.5461367262596697,DEFINED,a50eed36870795c0dbeee442
W00,S3_PARENT,neg_log10_mol_l,STL_FULL,full,MATC_Physiology,3,3,0,2.022832567243826,2.114516160132482,-0.01532544623497456,DEFINED,a50eed36870795c0dbeee442
W00,S3_PARENT,neg_log10_mol_l,STL_FULL,full,MATC_Population,20,20,0,1.3414322301766681,1.5441005503227718,-0.881450342807828,DEFINED,a50eed36870795c0dbeee442
W00,S3_PARENT,neg_log10_mol_l,STL_FULL,full,MATC_Reproduction,34,34,0,1.1753925034643105,1.496344822933132,0.4566169631076973,DEFINED,a50eed36870795c0dbeee442
W00,S3_PARENT,neg_log10_mol_l,STL_FULL,full,NOEC_Accumulation,31,31,0,1.239288874507772,1.6614693358933823,-0.16127371868714113,DEFINED,a50eed36870795c0dbeee442
W00,S3_PARENT,neg_log10_mol_l,STL_FULL,full,NOEC_Behavior,434,434,0,1.0296544685989446,1.2883193234956944,0.32633765208490007,DEFINED,a50eed36870795c0dbeee442
W00,S3_PARENT,neg_log10_mol_l,STL_FULL,full,NOEC_Biochemical,1258,1258,0,1.2223801680155304,1.5594482944025776,0.31570877561978716,DEFINED,a50eed36870795c0dbeee442
W00,S3_PARENT,neg_log10_mol_l,STL_FULL,full,NOEC_Development,593,593,0,1.2530723358243043,1.5987267217096663,0.3528231991773785,DEFINED,a50eed36870795c0dbeee442
W00,S3_PARENT,neg_log10_mol_l,STL_FULL,full,NOEC_Feeding,74,74,0,1.352309373620589,1.6308149447591973,0.41062235082216514,DEFINED,a50eed36870795c0dbeee442
W00,S3_PARENT,neg_log10_mol_l,STL_FULL,full,NOEC_GeneticDamage,838,838,0,1.1931934827373465,1.4715378449214047,0.3326090505080269,DEFINED,a50eed36870795c0dbeee442
W00,S3_PARENT,neg_log10_mol_l,STL_FULL,full,NOEC_Growth,1168,1168,0,1.1396542225900363,1.4298854764290034,0.3383262208165241,DEFINED,a50eed36870795c0dbeee442
W00,S3_PARENT,neg_log10_mol_l,STL_FULL,full,NOEC_Immobilization,275,275,0,1.040019231971186,1.3507900789076797,0.43453020435009015,DEFINED,a50eed36870795c0dbeee442
W00,S3_PARENT,neg_log10_mol_l,STL_FULL,full,NOEC_Injury,155,155,0,1.248061429608358,1.5957447365507436,0.256748156786079,DEFINED,a50eed36870795c0dbeee442
W00,S3_PARENT,neg_log10_mol_l,STL_FULL,full,NOEC_Molting,47,47,0,1.1295113079789956,1.5075309918225006,0.28881877089112307,DEFINED,a50eed36870795c0dbeee442
W00,S3_PARENT,neg_log10_mol_l,STL_FULL,full,NOEC_Morphology,281,281,0,1.238827845473181,1.562742440793443,0.22430379482554907,DEFINED,a50eed36870795c0dbeee442
W00,S3_PARENT,neg_log10_mol_l,STL_FULL,full,NOEC_Mortality,1793,1793,0,1.0530520584553533,1.3558155062314659,0.4799022057251088,DEFINED,a50eed36870795c0dbeee442
W00,S3_PARENT,neg_log10_mol_l,STL_FULL,full,NOEC_Physiology,798,798,0,1.0848641574873554,1.3997407212030293,0.4078105068596365,DEFINED,a50eed36870795c0dbeee442
W00,S3_PARENT,neg_log10_mol_l,STL_FULL,full,NOEC_Population,1386,1386,0,1.2206584458184633,1.5390431746671014,0.3354896853618321,DEFINED,a50eed36870795c0dbeee442
W00,S3_PARENT,neg_log10_mol_l,STL_FULL,full,NOEC_Reproduction,620,620,0,1.242785215006368,1.585555153425865,0.4038017927510765,DEFINED,a50eed36870795c0dbeee442
W00,S3_PARENT,neg_log10_mol_l,STL_FULL,locked_common,ACx_Development,61,61,0,1.6275755281896858,1.9368052984266624,-0.15725218765484783,DEFINED,a50eed36870795c0dbeee442
W00,S3_PARENT,neg_log10_mol_l,STL_FULL,locked_common,ACx_Immobilization,33,33,0,1.5976622038425299,1.886714865409854,-0.09831844776060694,DEFINED,a50eed36870795c0dbeee442
W00,S3_PARENT,neg_log10_mol_l,STL_FULL,locked_common,ACx_Injury,70,70,0,1.2303662277285958,1.588248436536235,0.03181908275559231,DEFINED,a50eed36870795c0dbeee442
W00,S3_PARENT,neg_log10_mol_l,STL_FULL,locked_common,ACx_Molting,104,104,0,0.6567899024941583,0.7985333537747762,0.1343276473358741,DEFINED,a50eed36870795c0dbeee442
W00,S3_PARENT,neg_log10_mol_l,STL_FULL,locked_common,ACx_Mortality,59,59,0,1.5246162956182308,1.9267384439214363,0.036872971247885133,DEFINED,a50eed36870795c0dbeee442
W00,S3_PARENT,neg_log10_mol_l,STL_FULL,locked_common,ACx_Physiology,71,71,0,1.4283539772753628,1.7415052333609784,0.03151296532381653,DEFINED,a50eed36870795c0dbeee442
W00,S3_PARENT,neg_log10_mol_l,STL_FULL,locked_common,BMCx_Development,9,9,0,0.8693284517391174,1.1571586577861095,0.15149778384608836,DEFINED,a50eed36870795c0dbeee442
W00,S3_PARENT,neg_log10_mol_l,STL_FULL,locked_common,BMCx_Immobilization,3,3,0,0.48468981590663124,0.6629087967277463,-0.1450513083274887,DEFINED,a50eed36870795c0dbeee442
W00,S3_PARENT,neg_log10_mol_l,STL_FULL,locked_common,BMCx_Injury,10,10,0,0.570922408619244,0.703750650569832,-0.06417925630940768,DEFINED,a50eed36870795c0dbeee442
W00,S3_PARENT,neg_log10_mol_l,STL_FULL,locked_common,BMCx_Molting,18,18,0,0.46219814562706873,0.5543873935352835,0.04442103743074455,DEFINED,a50eed36870795c0dbeee442
W00,S3_PARENT,neg_log10_mol_l,STL_FULL,locked_common,BMCx_Mortality,9,9,0,0.425392238543864,0.49190953782870545,0.23644506983551472,DEFINED,a50eed36870795c0dbeee442
W00,S3_PARENT,neg_log10_mol_l,STL_FULL,locked_common,BMCx_Physiology,6,6,0,0.3874791526935238,0.4416892554870135,0.3746645432119051,DEFINED,a50eed36870795c0dbeee442
W00,S3_PARENT,neg_log10_mol_l,STL_FULL,locked_common,BMDx_Behavior,34,34,0,1.621308018967431,2.228007242131061,-0.04111368026203843,DEFINED,a50eed36870795c0dbeee442
W00,S3_PARENT,neg_log10_mol_l,STL_FULL,locked_common,BMDx_Development,47,47,0,0.8791227520018339,1.1195507474221027,0.07027182815720523,DEFINED,a50eed36870795c0dbeee442
W00,S3_PARENT,neg_log10_mol_l,STL_FULL,locked_common,BMDx_Immobilization,9,9,0,0.3531881313590279,0.7468006642790903,-0.17328205931148233,DEFINED,a50eed36870795c0dbeee442
W00,S3_PARENT,neg_log10_mol_l,STL_FULL,locked_common,BMDx_Injury,14,14,0,1.2181334093840206,1.2966602384677066,-0.20280906118941533,DEFINED,a50eed36870795c0dbeee442
W00,S3_PARENT,neg_log10_mol_l,STL_FULL,locked_common,BMDx_Morphology,6,6,0,0.30020459724770393,0.31488380123328447,0.046658991670782024,DEFINED,a50eed36870795c0dbeee442
W00,S3_PARENT,neg_log10_mol_l,STL_FULL,locked_common,BMDx_Mortality,17,17,0,2.0874876560953037,3.3842002081740397,-0.1188704252097299,DEFINED,a50eed36870795c0dbeee442
W00,S3_PARENT,neg_log10_mol_l,STL_FULL,locked_common,BMDx_Physiology,12,12,0,0.9286790926303073,1.2818189592219797,-0.15474990334575844,DEFINED,a50eed36870795c0dbeee442
W00,S3_PARENT,neg_log10_mol_l,STL_FULL,locked_common,ECx_Behavior,492,492,0,1.0813145595967795,1.392639055169553,0.5665879811153491,DEFINED,a50eed36870795c0dbeee442
W00,S3_PARENT,neg_log10_mol_l,STL_FULL,locked_common,ECx_Biochemical,240,240,0,1.0978008737575338,1.4510749155615559,0.5461075790840234,DEFINED,a50eed36870795c0dbeee442
W00,S3_PARENT,neg_log10_mol_l,STL_FULL,locked_common,ECx_Development,504,504,0,0.957851718673758,1.2879287707383824,0.6694729423771206,DEFINED,a50eed36870795c0dbeee442
W00,S3_PARENT,neg_log10_mol_l,STL_FULL,locked_common,ECx_Feeding,39,39,0,0.8529795533091559,1.1562670138825357,0.28949673169273316,DEFINED,a50eed36870795c0dbeee442
W00,S3_PARENT,neg_log10_mol_l,STL_FULL,locked_common,ECx_GeneticDamage,47,47,0,1.3642415614495529,1.5939432808075213,0.6798758912140457,DEFINED,a50eed36870795c0dbeee442
W00,S3_PARENT,neg_log10_mol_l,STL_FULL,locked_common,ECx_Growth,725,725,0,0.958501095401013,1.3561259175627818,0.38001162867835525,DEFINED,a50eed36870795c0dbeee442
W00,S3_PARENT,neg_log10_mol_l,STL_FULL,locked_common,ECx_Immobilization,1566,1566,0,0.8509768081377124,1.1181245310453922,0.7137680825382902,DEFINED,a50eed36870795c0dbeee442
W00,S3_PARENT,neg_log10_mol_l,STL_FULL,locked_common,ECx_Injury,65,65,0,0.9055981296243406,1.236773875520939,0.6554544129660882,DEFINED,a50eed36870795c0dbeee442
W00,S3_PARENT,neg_log10_mol_l,STL_FULL,locked_common,ECx_Molting,182,182,0,0.8926263415781207,1.115391512777239,0.6210858490262032,DEFINED,a50eed36870795c0dbeee442
W00,S3_PARENT,neg_log10_mol_l,STL_FULL,locked_common,ECx_Morphology,48,48,0,0.783538699294108,1.012649979979984,0.36851229589588885,DEFINED,a50eed36870795c0dbeee442
W00,S3_PARENT,neg_log10_mol_l,STL_FULL,locked_common,ECx_Mortality,14822,14822,0,1.003387156822435,1.2884054850862472,0.5538294905120265,DEFINED,a50eed36870795c0dbeee442
W00,S3_PARENT,neg_log10_mol_l,STL_FULL,locked_common,ECx_Physiology,447,447,0,0.887585767963141,1.169594511461056,0.6066173749047772,DEFINED,a50eed36870795c0dbeee442
W00,S3_PARENT,neg_log10_mol_l,STL_FULL,locked_common,ECx_Population,2104,2104,0,0.9273806581096835,1.2446216447950114,0.43153170011327713,DEFINED,a50eed36870795c0dbeee442
W00,S3_PARENT,neg_log10_mol_l,STL_FULL,locked_common,ECx_Reproduction,208,208,0,0.9933134301942596,1.2693358475120444,0.4258230901065122,DEFINED,a50eed36870795c0dbeee442
W00,S3_PARENT,neg_log10_mol_l,STL_FULL,locked_common,EDx_Development,5,5,0,0.978041408402467,1.1092380286761168,-1.197031991210641,DEFINED,a50eed36870795c0dbeee442
W00,S3_PARENT,neg_log10_mol_l,STL_FULL,locked_common,EDx_Growth,1,1,0,1.422205100818049,1.422205100818049,,N_LT_2,a50eed36870795c0dbeee442
W00,S3_PARENT,neg_log10_mol_l,STL_FULL,locked_common,EDx_Molting,3,3,0,0.4317047828851838,0.47970314052736884,-2.82952079215938,DEFINED,a50eed36870795c0dbeee442
W00,S3_PARENT,neg_log10_mol_l,STL_FULL,locked_common,EDx_Physiology,2,2,0,0.6049284939547944,0.7041348256757137,-0.668698610818429,DEFINED,a50eed36870795c0dbeee442
W00,S3_PARENT,neg_log10_mol_l,STL_FULL,locked_common,EDx_Population,2,2,0,0.8208453493109644,0.8211035034479485,-1589.5857841461868,DEFINED,a50eed36870795c0dbeee442
W00,S3_PARENT,neg_log10_mol_l,STL_FULL,locked_common,ICx_Behavior,3,3,0,0.547026046826145,0.7270051190508531,0.5371924552691064,DEFINED,a50eed36870795c0dbeee442
W00,S3_PARENT,neg_log10_mol_l,STL_FULL,locked_common,ICx_Biochemical,171,171,0,1.402958904760139,1.7329220416738629,0.1839018030820454,DEFINED,a50eed36870795c0dbeee442
W00,S3_PARENT,neg_log10_mol_l,STL_FULL,locked_common,ICx_Development,29,29,0,1.9163486125514644,2.25126225774131,-0.006769698623836584,DEFINED,a50eed36870795c0dbeee442
W00,S3_PARENT,neg_log10_mol_l,STL_FULL,locked_common,ICx_Feeding,3,3,0,0.5469189956990167,0.6048044240154308,-17.55442827641562,DEFINED,a50eed36870795c0dbeee442
W00,S3_PARENT,neg_log10_mol_l,STL_FULL,locked_common,ICx_GeneticDamage,6,6,0,0.7618273125211216,0.9850312088415728,0.7202363055087915,DEFINED,a50eed36870795c0dbeee442
W00,S3_PARENT,neg_log10_mol_l,STL_FULL,locked_common,ICx_Growth,108,108,0,0.9229327229844339,1.178032340659012,0.379168107662742,DEFINED,a50eed36870795c0dbeee442
W00,S3_PARENT,neg_log10_mol_l,STL_FULL,locked_common,ICx_Immobilization,17,17,0,1.072775089510341,1.3253900156686143,-1.2443882034083553,DEFINED,a50eed36870795c0dbeee442
W00,S3_PARENT,neg_log10_mol_l,STL_FULL,locked_common,ICx_Mortality,23,23,0,2.0502073129657545,2.161577513601518,0.11397617987076569,DEFINED,a50eed36870795c0dbeee442
W00,S3_PARENT,neg_log10_mol_l,STL_FULL,locked_common,ICx_Physiology,164,164,0,0.9599969157787993,1.2620257165184474,0.6751812427007035,DEFINED,a50eed36870795c0dbeee442
W00,S3_PARENT,neg_log10_mol_l,STL_FULL,locked_common,ICx_Population,289,289,0,0.8838976409779962,1.1668825824358993,0.6020440080970481,DEFINED,a50eed36870795c0dbeee442
W00,S3_PARENT,neg_log10_mol_l,STL_FULL,locked_common,ICx_Reproduction,66,66,0,1.48970688215167,1.7000881910791619,-0.14538884251749118,DEFINED,a50eed36870795c0dbeee442
W00,S3_PARENT,neg_log10_mol_l,STL_FULL,locked_common,LDx_Injury,5,5,0,0.44036915138045396,0.57249801971429,0.7058891077681337,DEFINED,a50eed36870795c0dbeee442
W00,S3_PARENT,neg_log10_mol_l,STL_FULL,locked_common,LDx_Mortality,239,239,0,0.9806036186860585,1.3268802263947062,0.2862923392006196,DEFINED,a50eed36870795c0dbeee442
W00,S3_PARENT,neg_log10_mol_l,STL_FULL,locked_common,LDx_Physiology,6,6,0,0.23891095320093267,0.275759495611517,-0.642124479586236,DEFINED,a50eed36870795c0dbeee442
W00,S3_PARENT,neg_log10_mol_l,STL_FULL,locked_common,LOEC_Accumulation,43,43,0,1.378377595246128,1.8076860411601936,0.0533705437566121,DEFINED,a50eed36870795c0dbeee442
W00,S3_PARENT,neg_log10_mol_l,STL_FULL,locked_common,LOEC_Behavior,332,332,0,1.069487486547398,1.3476928218999777,0.365063746223494,DEFINED,a50eed36870795c0dbeee442
W00,S3_PARENT,neg_log10_mol_l,STL_FULL,locked_common,LOEC_Biochemical,1314,1314,0,1.2026940279861322,1.5406796882790228,0.291966288433151,DEFINED,a50eed36870795c0dbeee442
W00,S3_PARENT,neg_log10_mol_l,STL_FULL,locked_common,LOEC_Development,422,422,0,1.291112899530822,1.6484246812874426,0.2958829339099852,DEFINED,a50eed36870795c0dbeee442
W00,S3_PARENT,neg_log10_mol_l,STL_FULL,locked_common,LOEC_Feeding,29,29,0,0.5861307063497283,0.7237127176516346,-0.07860419081411685,DEFINED,a50eed36870795c0dbeee442
W00,S3_PARENT,neg_log10_mol_l,STL_FULL,locked_common,LOEC_GeneticDamage,857,857,0,1.1534768656267016,1.4571146195384732,0.30183148519474257,DEFINED,a50eed36870795c0dbeee442
W00,S3_PARENT,neg_log10_mol_l,STL_FULL,locked_common,LOEC_Growth,853,853,0,1.1617032672381968,1.460813163824775,0.31448423890143906,DEFINED,a50eed36870795c0dbeee442
W00,S3_PARENT,neg_log10_mol_l,STL_FULL,locked_common,LOEC_Immobilization,61,61,0,0.9543917688373388,1.315372868410069,0.4720375869577331,DEFINED,a50eed36870795c0dbeee442
W00,S3_PARENT,neg_log10_mol_l,STL_FULL,locked_common,LOEC_Injury,113,113,0,1.3836740479219682,1.668861653239212,0.2870727591496097,DEFINED,a50eed36870795c0dbeee442
W00,S3_PARENT,neg_log10_mol_l,STL_FULL,locked_common,LOEC_Molting,24,24,0,1.725273521647854,2.134924981689907,0.051550268607903904,DEFINED,a50eed36870795c0dbeee442
W00,S3_PARENT,neg_log10_mol_l,STL_FULL,locked_common,LOEC_Morphology,168,168,0,1.3160797643900513,1.6010021555471756,0.1980327094550436,DEFINED,a50eed36870795c0dbeee442
W00,S3_PARENT,neg_log10_mol_l,STL_FULL,locked_common,LOEC_Mortality,831,831,0,1.1926064006853574,1.5093492168576617,0.4576879744459049,DEFINED,a50eed36870795c0dbeee442
W00,S3_PARENT,neg_log10_mol_l,STL_FULL,locked_common,LOEC_Physiology,721,721,0,1.1182268230694135,1.439969602104526,0.397669704275763,DEFINED,a50eed36870795c0dbeee442
W00,S3_PARENT,neg_log10_mol_l,STL_FULL,locked_common,LOEC_Population,936,936,0,1.1919642474094594,1.5215265838169223,0.4600561086597593,DEFINED,a50eed36870795c0dbeee442
W00,S3_PARENT,neg_log10_mol_l,STL_FULL,locked_common,LOEC_Reproduction,495,495,0,1.3057127054672961,1.657835485167376,0.3006520586181479,DEFINED,a50eed36870795c0dbeee442
W00,S3_PARENT,neg_log10_mol_l,STL_FULL,locked_common,MATC_Behavior,2,2,0,1.1434774931458622,1.149258779576431,-16.616672470618873,DEFINED,a50eed36870795c0dbeee442
W00,S3_PARENT,neg_log10_mol_l,STL_FULL,locked_common,MATC_Biochemical,6,6,0,1.0274612449398688,1.1928593372312162,-0.2813821696722836,DEFINED,a50eed36870795c0dbeee442
W00,S3_PARENT,neg_log10_mol_l,STL_FULL,locked_common,MATC_Development,15,15,0,0.6612175481427099,0.8317171867048695,0.36834629596998836,DEFINED,a50eed36870795c0dbeee442
W00,S3_PARENT,neg_log10_mol_l,STL_FULL,locked_common,MATC_Growth,56,56,0,0.8144670239489236,1.0996178253959816,0.34971605246061666,DEFINED,a50eed36870795c0dbeee442
W00,S3_PARENT,neg_log10_mol_l,STL_FULL,locked_common,MATC_Immobilization,3,3,0,1.4697956815763638,1.4867041582066203,-277.6962183301867,DEFINED,a50eed36870795c0dbeee442
W00,S3_PARENT,neg_log10_mol_l,STL_FULL,locked_common,MATC_Molting,4,4,0,1.2071458092602898,1.6307873831129083,-3.2382836595677356,DEFINED,a50eed36870795c0dbeee442
W00,S3_PARENT,neg_log10_mol_l,STL_FULL,locked_common,MATC_Mortality,94,94,0,1.096784972152136,1.4403317251417695,0.5461367262596697,DEFINED,a50eed36870795c0dbeee442
W00,S3_PARENT,neg_log10_mol_l,STL_FULL,locked_common,MATC_Physiology,3,3,0,2.022832567243826,2.114516160132482,-0.01532544623497456,DEFINED,a50eed36870795c0dbeee442
W00,S3_PARENT,neg_log10_mol_l,STL_FULL,locked_common,MATC_Population,20,20,0,1.3414322301766681,1.5441005503227718,-0.881450342807828,DEFINED,a50eed36870795c0dbeee442
W00,S3_PARENT,neg_log10_mol_l,STL_FULL,locked_common,MATC_Reproduction,34,34,0,1.1753925034643105,1.496344822933132,0.4566169631076973,DEFINED,a50eed36870795c0dbeee442
W00,S3_PARENT,neg_log10_mol_l,STL_FULL,locked_common,NOEC_Accumulation,31,31,0,1.239288874507772,1.6614693358933823,-0.16127371868714113,DEFINED,a50eed36870795c0dbeee442
W00,S3_PARENT,neg_log10_mol_l,STL_FULL,locked_common,NOEC_Behavior,434,434,0,1.0296544685989446,1.2883193234956944,0.32633765208490007,DEFINED,a50eed36870795c0dbeee442
W00,S3_PARENT,neg_log10_mol_l,STL_FULL,locked_common,NOEC_Biochemical,1258,1258,0,1.2223801680155304,1.5594482944025776,0.31570877561978716,DEFINED,a50eed36870795c0dbeee442
W00,S3_PARENT,neg_log10_mol_l,STL_FULL,locked_common,NOEC_Development,593,593,0,1.2530723358243043,1.5987267217096663,0.3528231991773785,DEFINED,a50eed36870795c0dbeee442
W00,S3_PARENT,neg_log10_mol_l,STL_FULL,locked_common,NOEC_Feeding,74,74,0,1.352309373620589,1.6308149447591973,0.41062235082216514,DEFINED,a50eed36870795c0dbeee442
W00,S3_PARENT,neg_log10_mol_l,STL_FULL,locked_common,NOEC_GeneticDamage,838,838,0,1.1931934827373465,1.4715378449214047,0.3326090505080269,DEFINED,a50eed36870795c0dbeee442
W00,S3_PARENT,neg_log10_mol_l,STL_FULL,locked_common,NOEC_Growth,1168,1168,0,1.1396542225900363,1.4298854764290034,0.3383262208165241,DEFINED,a50eed36870795c0dbeee442
W00,S3_PARENT,neg_log10_mol_l,STL_FULL,locked_common,NOEC_Immobilization,275,275,0,1.040019231971186,1.3507900789076797,0.43453020435009015,DEFINED,a50eed36870795c0dbeee442
W00,S3_PARENT,neg_log10_mol_l,STL_FULL,locked_common,NOEC_Injury,155,155,0,1.248061429608358,1.5957447365507436,0.256748156786079,DEFINED,a50eed36870795c0dbeee442
W00,S3_PARENT,neg_log10_mol_l,STL_FULL,locked_common,NOEC_Molting,47,47,0,1.1295113079789956,1.5075309918225006,0.28881877089112307,DEFINED,a50eed36870795c0dbeee442
W00,S3_PARENT,neg_log10_mol_l,STL_FULL,locked_common,NOEC_Morphology,281,281,0,1.238827845473181,1.562742440793443,0.22430379482554907,DEFINED,a50eed36870795c0dbeee442
W00,S3_PARENT,neg_log10_mol_l,STL_FULL,locked_common,NOEC_Mortality,1793,1793,0,1.0530520584553533,1.3558155062314659,0.4799022057251088,DEFINED,a50eed36870795c0dbeee442
W00,S3_PARENT,neg_log10_mol_l,STL_FULL,locked_common,NOEC_Physiology,798,798,0,1.0848641574873554,1.3997407212030293,0.4078105068596365,DEFINED,a50eed36870795c0dbeee442
W00,S3_PARENT,neg_log10_mol_l,STL_FULL,locked_common,NOEC_Population,1386,1386,0,1.2206584458184633,1.5390431746671014,0.3354896853618321,DEFINED,a50eed36870795c0dbeee442
W00,S3_PARENT,neg_log10_mol_l,STL_FULL,locked_common,NOEC_Reproduction,620,620,0,1.242785215006368,1.585555153425865,0.4038017927510765,DEFINED,a50eed36870795c0dbeee442
W00,S3_PARENT,neg_log10_mol_l,STL_MOL,full,ACx_Development,61,61,0,1.6220904846360957,1.9753522236963075,-0.2037745925270451,DEFINED,92de09c8294234602829a140
W00,S3_PARENT,neg_log10_mol_l,STL_MOL,full,ACx_Immobilization,33,33,0,1.672471204723199,2.0092505492924877,-0.24561528018406897,DEFINED,92de09c8294234602829a140
W00,S3_PARENT,neg_log10_mol_l,STL_MOL,full,ACx_Injury,70,70,0,1.262472546969681,1.6214386400129015,-0.009068577001598799,DEFINED,92de09c8294234602829a140
W00,S3_PARENT,neg_log10_mol_l,STL_MOL,full,ACx_Molting,104,104,0,0.7059094735278119,0.8537925537422669,0.010371596546307371,DEFINED,92de09c8294234602829a140
W00,S3_PARENT,neg_log10_mol_l,STL_MOL,full,ACx_Mortality,59,59,0,1.7290201569748147,1.9583485580547835,0.005011571036311446,DEFINED,92de09c8294234602829a140
W00,S3_PARENT,neg_log10_mol_l,STL_MOL,full,ACx_Physiology,71,71,0,1.5180581949305678,1.788875713668572,-0.021891011921757464,DEFINED,92de09c8294234602829a140
W00,S3_PARENT,neg_log10_mol_l,STL_MOL,full,BMCx_Behavior,10,0,10,,,,NO_PREDICTION,92de09c8294234602829a140
W00,S3_PARENT,neg_log10_mol_l,STL_MOL,full,BMCx_Biochemical,8,8,0,2.024997686887573,2.040204535099374,-66.33270343351656,DEFINED,92de09c8294234602829a140
W00,S3_PARENT,neg_log10_mol_l,STL_MOL,full,BMCx_Development,9,9,0,0.9399593491388897,1.1976129362686785,0.09113345020675445,DEFINED,92de09c8294234602829a140
W00,S3_PARENT,neg_log10_mol_l,STL_MOL,full,BMCx_Immobilization,3,3,0,0.4896031981892648,0.6693383268745552,-0.16737065158119013,DEFINED,92de09c8294234602829a140
W00,S3_PARENT,neg_log10_mol_l,STL_MOL,full,BMCx_Injury,10,10,0,0.5489097097006876,0.6623398845652722,0.05737492898205743,DEFINED,92de09c8294234602829a140
W00,S3_PARENT,neg_log10_mol_l,STL_MOL,full,BMCx_Molting,18,18,0,0.4589618036244211,0.5490353224568759,0.06278234818157757,DEFINED,92de09c8294234602829a140
W00,S3_PARENT,neg_log10_mol_l,STL_MOL,full,BMCx_Mortality,9,9,0,0.40846988184620475,0.5093210690548745,0.18143516644516222,DEFINED,92de09c8294234602829a140
W00,S3_PARENT,neg_log10_mol_l,STL_MOL,full,BMCx_Physiology,6,6,0,0.3911633687474841,0.44967688779144505,0.35184254938551607,DEFINED,92de09c8294234602829a140
W00,S3_PARENT,neg_log10_mol_l,STL_MOL,full,BMDx_Behavior,34,34,0,1.6221060602606334,2.226149692199958,-0.0393783946422277,DEFINED,92de09c8294234602829a140
W00,S3_PARENT,neg_log10_mol_l,STL_MOL,full,BMDx_Development,47,47,0,0.890265169523987,1.1359265781957775,0.04287437269984984,DEFINED,92de09c8294234602829a140
W00,S3_PARENT,neg_log10_mol_l,STL_MOL,full,BMDx_Immobilization,9,9,0,0.3638028636773295,0.7510508856402166,-0.18667492031487098,DEFINED,92de09c8294234602829a140
W00,S3_PARENT,neg_log10_mol_l,STL_MOL,full,BMDx_Injury,14,14,0,1.189288736586607,1.2707706669125154,-0.155257154882821,DEFINED,92de09c8294234602829a140
W00,S3_PARENT,neg_log10_mol_l,STL_MOL,full,BMDx_Morphology,6,6,0,0.3164335511242428,0.3326581518440827,-0.06400575372954331,DEFINED,92de09c8294234602829a140
W00,S3_PARENT,neg_log10_mol_l,STL_MOL,full,BMDx_Mortality,17,17,0,2.109546951985685,3.3309088320327844,-0.08390991975116258,DEFINED,92de09c8294234602829a140
W00,S3_PARENT,neg_log10_mol_l,STL_MOL,full,BMDx_Physiology,12,12,0,1.103662356983414,1.400871893704811,-0.3792131735477384,DEFINED,92de09c8294234602829a140
W00,S3_PARENT,neg_log10_mol_l,STL_MOL,full,ECx_Behavior,492,492,0,1.1132663614148788,1.4815960232510659,0.5094498452209525,DEFINED,92de09c8294234602829a140
W00,S3_PARENT,neg_log10_mol_l,STL_MOL,full,ECx_Biochemical,240,240,0,1.2213270582411728,1.597951749091766,0.44957191571261645,DEFINED,92de09c8294234602829a140
W00,S3_PARENT,neg_log10_mol_l,STL_MOL,full,ECx_Development,504,504,0,1.1884666675103015,1.53800889894457,0.5286526993089942,DEFINED,92de09c8294234602829a140
W00,S3_PARENT,neg_log10_mol_l,STL_MOL,full,ECx_Feeding,39,39,0,1.025118017230925,1.3048556486147087,0.09515384046849296,DEFINED,92de09c8294234602829a140
W00,S3_PARENT,neg_log10_mol_l,STL_MOL,full,ECx_GeneticDamage,47,47,0,1.5624765531670513,1.8051149411877656,0.589434570843288,DEFINED,92de09c8294234602829a140
W00,S3_PARENT,neg_log10_mol_l,STL_MOL,full,ECx_Growth,725,725,0,1.02371230611002,1.455445475106484,0.2858731005709133,DEFINED,92de09c8294234602829a140
W00,S3_PARENT,neg_log10_mol_l,STL_MOL,full,ECx_Immobilization,1566,1566,0,0.9088331848689588,1.208942167430027,0.6653824152945162,DEFINED,92de09c8294234602829a140
W00,S3_PARENT,neg_log10_mol_l,STL_MOL,full,ECx_Injury,65,65,0,1.0143230238542555,1.3484146507213288,0.5904442658368622,DEFINED,92de09c8294234602829a140
W00,S3_PARENT,neg_log10_mol_l,STL_MOL,full,ECx_Molting,182,182,0,1.2772201998901942,1.5395050116084141,0.2781476614999715,DEFINED,92de09c8294234602829a140
W00,S3_PARENT,neg_log10_mol_l,STL_MOL,full,ECx_Morphology,48,48,0,0.5853974560750913,0.7851510012561038,0.6203769627810092,DEFINED,92de09c8294234602829a140
W00,S3_PARENT,neg_log10_mol_l,STL_MOL,full,ECx_Mortality,14822,14822,0,1.1062023009462707,1.4127073491442068,0.4635859554926258,DEFINED,92de09c8294234602829a140
W00,S3_PARENT,neg_log10_mol_l,STL_MOL,full,ECx_Physiology,447,447,0,1.029950322465379,1.3405161348295984,0.48324031816695434,DEFINED,92de09c8294234602829a140
W00,S3_PARENT,neg_log10_mol_l,STL_MOL,full,ECx_Population,2104,2104,0,1.0389630183697363,1.3911033656951441,0.2898495679016727,DEFINED,92de09c8294234602829a140
W00,S3_PARENT,neg_log10_mol_l,STL_MOL,full,ECx_Reproduction,208,208,0,1.1322237826976898,1.420148869808745,0.2812789275235439,DEFINED,92de09c8294234602829a140
W00,S3_PARENT,neg_log10_mol_l,STL_MOL,full,EDx_Development,5,5,0,0.9264836344220807,1.1234660823806661,-1.2537555601367707,DEFINED,92de09c8294234602829a140
W00,S3_PARENT,neg_log10_mol_l,STL_MOL,full,EDx_Growth,1,1,0,1.6547215019200827,1.6547215019200827,,N_LT_2,92de09c8294234602829a140
W00,S3_PARENT,neg_log10_mol_l,STL_MOL,full,EDx_Molting,3,3,0,0.4088345058515032,0.4541486695823202,-2.4323803019877595,DEFINED,92de09c8294234602829a140
W00,S3_PARENT,neg_log10_mol_l,STL_MOL,full,EDx_Physiology,2,2,0,0.6940945428213414,0.7303439075131611,-0.795234049841997,DEFINED,92de09c8294234602829a140
W00,S3_PARENT,neg_log10_mol_l,STL_MOL,full,EDx_Population,2,2,0,0.7849430285751327,0.785212986391436,-1453.5753837783868,DEFINED,92de09c8294234602829a140
W00,S3_PARENT,neg_log10_mol_l,STL_MOL,full,EDx_Reproduction,2,2,0,0.787015633863859,0.8510937217323769,-0.16946722387756008,DEFINED,92de09c8294234602829a140
W00,S3_PARENT,neg_log10_mol_l,STL_MOL,full,ICx_Behavior,3,3,0,0.8624306657937008,0.8952183387911308,0.2982483652205954,DEFINED,92de09c8294234602829a140
W00,S3_PARENT,neg_log10_mol_l,STL_MOL,full,ICx_Biochemical,171,171,0,1.5177084564241863,1.8613999362715026,0.058405839807142645,DEFINED,92de09c8294234602829a140
W00,S3_PARENT,neg_log10_mol_l,STL_MOL,full,ICx_Development,29,29,0,1.8948206039021576,2.1916287024968293,0.045860415471032256,DEFINED,92de09c8294234602829a140
W00,S3_PARENT,neg_log10_mol_l,STL_MOL,full,ICx_Feeding,3,3,0,0.3383081421690373,0.42775475937950636,-8.281268978450791,DEFINED,92de09c8294234602829a140
W00,S3_PARENT,neg_log10_mol_l,STL_MOL,full,ICx_GeneticDamage,6,6,0,1.3552771271077848,1.6682327626411368,0.19757460310333563,DEFINED,92de09c8294234602829a140
W00,S3_PARENT,neg_log10_mol_l,STL_MOL,full,ICx_Growth,108,108,0,1.0525864732282457,1.3140627874607231,0.227511850792116,DEFINED,92de09c8294234602829a140
W00,S3_PARENT,neg_log10_mol_l,STL_MOL,full,ICx_Immobilization,17,17,0,1.278534692284982,1.448760477670937,-1.6816603316854506,DEFINED,92de09c8294234602829a140
W00,S3_PARENT,neg_log10_mol_l,STL_MOL,full,ICx_Mortality,23,23,0,2.1565782015199337,2.3110304240484965,-0.012779951867618156,DEFINED,92de09c8294234602829a140
W00,S3_PARENT,neg_log10_mol_l,STL_MOL,full,ICx_Physiology,164,164,0,1.4997693087317963,1.8639472125236758,0.2914477053897172,DEFINED,92de09c8294234602829a140
W00,S3_PARENT,neg_log10_mol_l,STL_MOL,full,ICx_Population,289,289,0,1.0679227110432474,1.3842936583071754,0.4399366006598303,DEFINED,92de09c8294234602829a140
W00,S3_PARENT,neg_log10_mol_l,STL_MOL,full,ICx_Reproduction,66,66,0,2.391105807894159,2.586311792907615,-1.6507685358116357,DEFINED,92de09c8294234602829a140
W00,S3_PARENT,neg_log10_mol_l,STL_MOL,full,LDx_Injury,5,5,0,0.5237712106276764,0.692230079422922,0.5700043475682527,DEFINED,92de09c8294234602829a140
W00,S3_PARENT,neg_log10_mol_l,STL_MOL,full,LDx_Mortality,239,239,0,0.98751679365511,1.3301797465668566,0.2827384076494024,DEFINED,92de09c8294234602829a140
W00,S3_PARENT,neg_log10_mol_l,STL_MOL,full,LDx_Physiology,6,6,0,0.3071871757543035,0.3548051741901164,-1.718472927957973,DEFINED,92de09c8294234602829a140
W00,S3_PARENT,neg_log10_mol_l,STL_MOL,full,LOEC_Accumulation,43,43,0,1.4246289088840738,1.8202848258748126,0.040129371017633586,DEFINED,92de09c8294234602829a140
W00,S3_PARENT,neg_log10_mol_l,STL_MOL,full,LOEC_Behavior,332,332,0,1.229124005051866,1.5430826119793861,0.16761039163554636,DEFINED,92de09c8294234602829a140
W00,S3_PARENT,neg_log10_mol_l,STL_MOL,full,LOEC_Biochemical,1314,1314,0,1.3164174408325824,1.6623529426203065,0.1757182296694445,DEFINED,92de09c8294234602829a140
W00,S3_PARENT,neg_log10_mol_l,STL_MOL,full,LOEC_Development,422,422,0,1.4099821335639147,1.779420147097658,0.17952819622567995,DEFINED,92de09c8294234602829a140
W00,S3_PARENT,neg_log10_mol_l,STL_MOL,full,LOEC_Feeding,29,29,0,0.5907891439247477,0.7183302741748959,-0.06262012053067978,DEFINED,92de09c8294234602829a140
W00,S3_PARENT,neg_log10_mol_l,STL_MOL,full,LOEC_GeneticDamage,857,857,0,1.274125932739697,1.6037914298230804,0.15419819960767256,DEFINED,92de09c8294234602829a140
W00,S3_PARENT,neg_log10_mol_l,STL_MOL,full,LOEC_Growth,853,853,0,1.2261574316296158,1.549182015522476,0.22903796902680373,DEFINED,92de09c8294234602829a140
W00,S3_PARENT,neg_log10_mol_l,STL_MOL,full,LOEC_Immobilization,61,61,0,1.075381813026782,1.4096820554297946,0.3936162021691343,DEFINED,92de09c8294234602829a140
W00,S3_PARENT,neg_log10_mol_l,STL_MOL,full,LOEC_Injury,113,113,0,1.4846284508719922,1.8467441571222587,0.12699243847393704,DEFINED,92de09c8294234602829a140
W00,S3_PARENT,neg_log10_mol_l,STL_MOL,full,LOEC_Molting,24,24,0,1.4291183331773947,1.82680273668578,0.3055637443850291,DEFINED,92de09c8294234602829a140
W00,S3_PARENT,neg_log10_mol_l,STL_MOL,full,LOEC_Morphology,168,168,0,1.4444126822190615,1.763230865821534,0.02727252831572924,DEFINED,92de09c8294234602829a140
W00,S3_PARENT,neg_log10_mol_l,STL_MOL,full,LOEC_Mortality,831,831,0,1.3303222292634163,1.7005022201949274,0.31162645120275256,DEFINED,92de09c8294234602829a140
W00,S3_PARENT,neg_log10_mol_l,STL_MOL,full,LOEC_Physiology,721,721,0,1.3152847489809758,1.6511363484619255,0.20805697964822356,DEFINED,92de09c8294234602829a140
W00,S3_PARENT,neg_log10_mol_l,STL_MOL,full,LOEC_Population,936,936,0,1.4436836315077448,1.8572837651685565,0.19546291464302612,DEFINED,92de09c8294234602829a140
W00,S3_PARENT,neg_log10_mol_l,STL_MOL,full,LOEC_Reproduction,495,495,0,1.3525164421344378,1.6963318000990937,0.2677960869307039,DEFINED,92de09c8294234602829a140
W00,S3_PARENT,neg_log10_mol_l,STL_MOL,full,MATC_Behavior,2,2,0,1.158236954585779,1.1584584969743452,-16.89984121020483,DEFINED,92de09c8294234602829a140
W00,S3_PARENT,neg_log10_mol_l,STL_MOL,full,MATC_Biochemical,6,6,0,1.0836439486773033,1.2370669877335134,-0.3781187537993107,DEFINED,92de09c8294234602829a140
W00,S3_PARENT,neg_log10_mol_l,STL_MOL,full,MATC_Development,15,15,0,0.686390109920991,0.8324133401385704,0.3672884558056829,DEFINED,92de09c8294234602829a140
W00,S3_PARENT,neg_log10_mol_l,STL_MOL,full,MATC_Growth,56,56,0,0.7654092373893021,1.0748363947065813,0.3786959025761345,DEFINED,92de09c8294234602829a140
W00,S3_PARENT,neg_log10_mol_l,STL_MOL,full,MATC_Immobilization,3,3,0,1.7915590668765569,1.7937710860289267,-404.7102706479667,DEFINED,92de09c8294234602829a140
W00,S3_PARENT,neg_log10_mol_l,STL_MOL,full,MATC_Molting,4,4,0,1.0896191105667865,1.517647370199638,-2.670600180018613,DEFINED,92de09c8294234602829a140
W00,S3_PARENT,neg_log10_mol_l,STL_MOL,full,MATC_Mortality,94,94,0,1.1505887854987038,1.5035235158613827,0.5054383482667149,DEFINED,92de09c8294234602829a140
W00,S3_PARENT,neg_log10_mol_l,STL_MOL,full,MATC_Physiology,3,3,0,2.2338019768938673,2.3251624152604666,-0.2276931764216128,DEFINED,92de09c8294234602829a140
W00,S3_PARENT,neg_log10_mol_l,STL_MOL,full,MATC_Population,20,20,0,1.5470615577641993,1.713750639691288,-1.31759136862411,DEFINED,92de09c8294234602829a140
W00,S3_PARENT,neg_log10_mol_l,STL_MOL,full,MATC_Reproduction,34,34,0,1.2834374675112972,1.6838992275139053,0.3118630134626178,DEFINED,92de09c8294234602829a140
W00,S3_PARENT,neg_log10_mol_l,STL_MOL,full,NOEC_Accumulation,31,31,0,1.3630633144704296,1.8168480852244524,-0.3886319960703406,DEFINED,92de09c8294234602829a140
W00,S3_PARENT,neg_log10_mol_l,STL_MOL,full,NOEC_Behavior,434,434,0,1.2548194680913571,1.5654641333294876,0.005324372259882693,DEFINED,92de09c8294234602829a140
W00,S3_PARENT,neg_log10_mol_l,STL_MOL,full,NOEC_Biochemical,1258,1258,0,1.3872423478117362,1.7273230793948864,0.160450779577064,DEFINED,92de09c8294234602829a140
W00,S3_PARENT,neg_log10_mol_l,STL_MOL,full,NOEC_Development,593,593,0,1.3807642470471353,1.7573241839534541,0.2180513316539402,DEFINED,92de09c8294234602829a140
W00,S3_PARENT,neg_log10_mol_l,STL_MOL,full,NOEC_Feeding,74,74,0,1.5876600873435982,1.9205184323863433,0.18262517709700887,DEFINED,92de09c8294234602829a140
W00,S3_PARENT,neg_log10_mol_l,STL_MOL,full,NOEC_GeneticDamage,838,838,0,1.3292279837529417,1.6400499675081985,0.17100559154380524,DEFINED,92de09c8294234602829a140
W00,S3_PARENT,neg_log10_mol_l,STL_MOL,full,NOEC_Growth,1168,1168,0,1.269714252513613,1.5853566068963776,0.18661651818247316,DEFINED,92de09c8294234602829a140
W00,S3_PARENT,neg_log10_mol_l,STL_MOL,full,NOEC_Immobilization,275,275,0,1.0682826696161714,1.3720156834379604,0.4166195927091233,DEFINED,92de09c8294234602829a140
W00,S3_PARENT,neg_log10_mol_l,STL_MOL,full,NOEC_Injury,155,155,0,1.355607447683366,1.7148441159447074,0.14166178453142775,DEFINED,92de09c8294234602829a140
W00,S3_PARENT,neg_log10_mol_l,STL_MOL,full,NOEC_Molting,47,47,0,1.1833050919416372,1.6048198168245307,0.19406439226961192,DEFINED,92de09c8294234602829a140
W00,S3_PARENT,neg_log10_mol_l,STL_MOL,full,NOEC_Morphology,281,281,0,1.2893034956284855,1.6210145087621302,0.1653764070048389,DEFINED,92de09c8294234602829a140
W00,S3_PARENT,neg_log10_mol_l,STL_MOL,full,NOEC_Mortality,1793,1793,0,1.2191855586572258,1.5519806458251637,0.3185148120580209,DEFINED,92de09c8294234602829a140
W00,S3_PARENT,neg_log10_mol_l,STL_MOL,full,NOEC_Physiology,798,798,0,1.3246943766083925,1.6570811683046192,0.17004782599120327,DEFINED,92de09c8294234602829a140
W00,S3_PARENT,neg_log10_mol_l,STL_MOL,full,NOEC_Population,1386,1386,0,1.3332911282863047,1.673909860849271,0.21392450912639915,DEFINED,92de09c8294234602829a140
W00,S3_PARENT,neg_log10_mol_l,STL_MOL,full,NOEC_Reproduction,620,620,0,1.4004864137094115,1.7183544905488177,0.2997494105306001,DEFINED,92de09c8294234602829a140
W00,S3_PARENT,neg_log10_mol_l,STL_MOL,locked_common,ACx_Development,61,61,0,1.6220904846360957,1.9753522236963075,-0.2037745925270451,DEFINED,92de09c8294234602829a140
W00,S3_PARENT,neg_log10_mol_l,STL_MOL,locked_common,ACx_Immobilization,33,33,0,1.672471204723199,2.0092505492924877,-0.24561528018406897,DEFINED,92de09c8294234602829a140
W00,S3_PARENT,neg_log10_mol_l,STL_MOL,locked_common,ACx_Injury,70,70,0,1.262472546969681,1.6214386400129015,-0.009068577001598799,DEFINED,92de09c8294234602829a140
W00,S3_PARENT,neg_log10_mol_l,STL_MOL,locked_common,ACx_Molting,104,104,0,0.7059094735278119,0.8537925537422669,0.010371596546307371,DEFINED,92de09c8294234602829a140
W00,S3_PARENT,neg_log10_mol_l,STL_MOL,locked_common,ACx_Mortality,59,59,0,1.7290201569748147,1.9583485580547835,0.005011571036311446,DEFINED,92de09c8294234602829a140
W00,S3_PARENT,neg_log10_mol_l,STL_MOL,locked_common,ACx_Physiology,71,71,0,1.5180581949305678,1.788875713668572,-0.021891011921757464,DEFINED,92de09c8294234602829a140
W00,S3_PARENT,neg_log10_mol_l,STL_MOL,locked_common,BMCx_Development,9,9,0,0.9399593491388897,1.1976129362686785,0.09113345020675445,DEFINED,92de09c8294234602829a140
W00,S3_PARENT,neg_log10_mol_l,STL_MOL,locked_common,BMCx_Immobilization,3,3,0,0.4896031981892648,0.6693383268745552,-0.16737065158119013,DEFINED,92de09c8294234602829a140
W00,S3_PARENT,neg_log10_mol_l,STL_MOL,locked_common,BMCx_Injury,10,10,0,0.5489097097006876,0.6623398845652722,0.05737492898205743,DEFINED,92de09c8294234602829a140
W00,S3_PARENT,neg_log10_mol_l,STL_MOL,locked_common,BMCx_Molting,18,18,0,0.4589618036244211,0.5490353224568759,0.06278234818157757,DEFINED,92de09c8294234602829a140
W00,S3_PARENT,neg_log10_mol_l,STL_MOL,locked_common,BMCx_Mortality,9,9,0,0.40846988184620475,0.5093210690548745,0.18143516644516222,DEFINED,92de09c8294234602829a140
W00,S3_PARENT,neg_log10_mol_l,STL_MOL,locked_common,BMCx_Physiology,6,6,0,0.3911633687474841,0.44967688779144505,0.35184254938551607,DEFINED,92de09c8294234602829a140
W00,S3_PARENT,neg_log10_mol_l,STL_MOL,locked_common,BMDx_Behavior,34,34,0,1.6221060602606334,2.226149692199958,-0.0393783946422277,DEFINED,92de09c8294234602829a140
W00,S3_PARENT,neg_log10_mol_l,STL_MOL,locked_common,BMDx_Development,47,47,0,0.890265169523987,1.1359265781957775,0.04287437269984984,DEFINED,92de09c8294234602829a140
W00,S3_PARENT,neg_log10_mol_l,STL_MOL,locked_common,BMDx_Immobilization,9,9,0,0.3638028636773295,0.7510508856402166,-0.18667492031487098,DEFINED,92de09c8294234602829a140
W00,S3_PARENT,neg_log10_mol_l,STL_MOL,locked_common,BMDx_Injury,14,14,0,1.189288736586607,1.2707706669125154,-0.155257154882821,DEFINED,92de09c8294234602829a140
W00,S3_PARENT,neg_log10_mol_l,STL_MOL,locked_common,BMDx_Morphology,6,6,0,0.3164335511242428,0.3326581518440827,-0.06400575372954331,DEFINED,92de09c8294234602829a140
W00,S3_PARENT,neg_log10_mol_l,STL_MOL,locked_common,BMDx_Mortality,17,17,0,2.109546951985685,3.3309088320327844,-0.08390991975116258,DEFINED,92de09c8294234602829a140
W00,S3_PARENT,neg_log10_mol_l,STL_MOL,locked_common,BMDx_Physiology,12,12,0,1.103662356983414,1.400871893704811,-0.3792131735477384,DEFINED,92de09c8294234602829a140
W00,S3_PARENT,neg_log10_mol_l,STL_MOL,locked_common,ECx_Behavior,492,492,0,1.1132663614148788,1.4815960232510659,0.5094498452209525,DEFINED,92de09c8294234602829a140
W00,S3_PARENT,neg_log10_mol_l,STL_MOL,locked_common,ECx_Biochemical,240,240,0,1.2213270582411728,1.597951749091766,0.44957191571261645,DEFINED,92de09c8294234602829a140
W00,S3_PARENT,neg_log10_mol_l,STL_MOL,locked_common,ECx_Development,504,504,0,1.1884666675103015,1.53800889894457,0.5286526993089942,DEFINED,92de09c8294234602829a140
W00,S3_PARENT,neg_log10_mol_l,STL_MOL,locked_common,ECx_Feeding,39,39,0,1.025118017230925,1.3048556486147087,0.09515384046849296,DEFINED,92de09c8294234602829a140
W00,S3_PARENT,neg_log10_mol_l,STL_MOL,locked_common,ECx_GeneticDamage,47,47,0,1.5624765531670513,1.8051149411877656,0.589434570843288,DEFINED,92de09c8294234602829a140
W00,S3_PARENT,neg_log10_mol_l,STL_MOL,locked_common,ECx_Growth,725,725,0,1.02371230611002,1.455445475106484,0.2858731005709133,DEFINED,92de09c8294234602829a140
W00,S3_PARENT,neg_log10_mol_l,STL_MOL,locked_common,ECx_Immobilization,1566,1566,0,0.9088331848689588,1.208942167430027,0.6653824152945162,DEFINED,92de09c8294234602829a140
W00,S3_PARENT,neg_log10_mol_l,STL_MOL,locked_common,ECx_Injury,65,65,0,1.0143230238542555,1.3484146507213288,0.5904442658368622,DEFINED,92de09c8294234602829a140
W00,S3_PARENT,neg_log10_mol_l,STL_MOL,locked_common,ECx_Molting,182,182,0,1.2772201998901942,1.5395050116084141,0.2781476614999715,DEFINED,92de09c8294234602829a140
W00,S3_PARENT,neg_log10_mol_l,STL_MOL,locked_common,ECx_Morphology,48,48,0,0.5853974560750913,0.7851510012561038,0.6203769627810092,DEFINED,92de09c8294234602829a140
W00,S3_PARENT,neg_log10_mol_l,STL_MOL,locked_common,ECx_Mortality,14822,14822,0,1.1062023009462707,1.4127073491442068,0.4635859554926258,DEFINED,92de09c8294234602829a140
W00,S3_PARENT,neg_log10_mol_l,STL_MOL,locked_common,ECx_Physiology,447,447,0,1.029950322465379,1.3405161348295984,0.48324031816695434,DEFINED,92de09c8294234602829a140
W00,S3_PARENT,neg_log10_mol_l,STL_MOL,locked_common,ECx_Population,2104,2104,0,1.0389630183697363,1.3911033656951441,0.2898495679016727,DEFINED,92de09c8294234602829a140
W00,S3_PARENT,neg_log10_mol_l,STL_MOL,locked_common,ECx_Reproduction,208,208,0,1.1322237826976898,1.420148869808745,0.2812789275235439,DEFINED,92de09c8294234602829a140
W00,S3_PARENT,neg_log10_mol_l,STL_MOL,locked_common,EDx_Development,5,5,0,0.9264836344220807,1.1234660823806661,-1.2537555601367707,DEFINED,92de09c8294234602829a140
W00,S3_PARENT,neg_log10_mol_l,STL_MOL,locked_common,EDx_Growth,1,1,0,1.6547215019200827,1.6547215019200827,,N_LT_2,92de09c8294234602829a140
W00,S3_PARENT,neg_log10_mol_l,STL_MOL,locked_common,EDx_Molting,3,3,0,0.4088345058515032,0.4541486695823202,-2.4323803019877595,DEFINED,92de09c8294234602829a140
W00,S3_PARENT,neg_log10_mol_l,STL_MOL,locked_common,EDx_Physiology,2,2,0,0.6940945428213414,0.7303439075131611,-0.795234049841997,DEFINED,92de09c8294234602829a140
W00,S3_PARENT,neg_log10_mol_l,STL_MOL,locked_common,EDx_Population,2,2,0,0.7849430285751327,0.785212986391436,-1453.5753837783868,DEFINED,92de09c8294234602829a140
W00,S3_PARENT,neg_log10_mol_l,STL_MOL,locked_common,ICx_Behavior,3,3,0,0.8624306657937008,0.8952183387911308,0.2982483652205954,DEFINED,92de09c8294234602829a140
W00,S3_PARENT,neg_log10_mol_l,STL_MOL,locked_common,ICx_Biochemical,171,171,0,1.5177084564241863,1.8613999362715026,0.058405839807142645,DEFINED,92de09c8294234602829a140
W00,S3_PARENT,neg_log10_mol_l,STL_MOL,locked_common,ICx_Development,29,29,0,1.8948206039021576,2.1916287024968293,0.045860415471032256,DEFINED,92de09c8294234602829a140
W00,S3_PARENT,neg_log10_mol_l,STL_MOL,locked_common,ICx_Feeding,3,3,0,0.3383081421690373,0.42775475937950636,-8.281268978450791,DEFINED,92de09c8294234602829a140
W00,S3_PARENT,neg_log10_mol_l,STL_MOL,locked_common,ICx_GeneticDamage,6,6,0,1.3552771271077848,1.6682327626411368,0.19757460310333563,DEFINED,92de09c8294234602829a140
W00,S3_PARENT,neg_log10_mol_l,STL_MOL,locked_common,ICx_Growth,108,108,0,1.0525864732282457,1.3140627874607231,0.227511850792116,DEFINED,92de09c8294234602829a140
W00,S3_PARENT,neg_log10_mol_l,STL_MOL,locked_common,ICx_Immobilization,17,17,0,1.278534692284982,1.448760477670937,-1.6816603316854506,DEFINED,92de09c8294234602829a140
W00,S3_PARENT,neg_log10_mol_l,STL_MOL,locked_common,ICx_Mortality,23,23,0,2.1565782015199337,2.3110304240484965,-0.012779951867618156,DEFINED,92de09c8294234602829a140
W00,S3_PARENT,neg_log10_mol_l,STL_MOL,locked_common,ICx_Physiology,164,164,0,1.4997693087317963,1.8639472125236758,0.2914477053897172,DEFINED,92de09c8294234602829a140
W00,S3_PARENT,neg_log10_mol_l,STL_MOL,locked_common,ICx_Population,289,289,0,1.0679227110432474,1.3842936583071754,0.4399366006598303,DEFINED,92de09c8294234602829a140
W00,S3_PARENT,neg_log10_mol_l,STL_MOL,locked_common,ICx_Reproduction,66,66,0,2.391105807894159,2.586311792907615,-1.6507685358116357,DEFINED,92de09c8294234602829a140
W00,S3_PARENT,neg_log10_mol_l,STL_MOL,locked_common,LDx_Injury,5,5,0,0.5237712106276764,0.692230079422922,0.5700043475682527,DEFINED,92de09c8294234602829a140
W00,S3_PARENT,neg_log10_mol_l,STL_MOL,locked_common,LDx_Mortality,239,239,0,0.98751679365511,1.3301797465668566,0.2827384076494024,DEFINED,92de09c8294234602829a140
W00,S3_PARENT,neg_log10_mol_l,STL_MOL,locked_common,LDx_Physiology,6,6,0,0.3071871757543035,0.3548051741901164,-1.718472927957973,DEFINED,92de09c8294234602829a140
W00,S3_PARENT,neg_log10_mol_l,STL_MOL,locked_common,LOEC_Accumulation,43,43,0,1.4246289088840738,1.8202848258748126,0.040129371017633586,DEFINED,92de09c8294234602829a140
W00,S3_PARENT,neg_log10_mol_l,STL_MOL,locked_common,LOEC_Behavior,332,332,0,1.229124005051866,1.5430826119793861,0.16761039163554636,DEFINED,92de09c8294234602829a140
W00,S3_PARENT,neg_log10_mol_l,STL_MOL,locked_common,LOEC_Biochemical,1314,1314,0,1.3164174408325824,1.6623529426203065,0.1757182296694445,DEFINED,92de09c8294234602829a140
W00,S3_PARENT,neg_log10_mol_l,STL_MOL,locked_common,LOEC_Development,422,422,0,1.4099821335639147,1.779420147097658,0.17952819622567995,DEFINED,92de09c8294234602829a140
W00,S3_PARENT,neg_log10_mol_l,STL_MOL,locked_common,LOEC_Feeding,29,29,0,0.5907891439247477,0.7183302741748959,-0.06262012053067978,DEFINED,92de09c8294234602829a140
W00,S3_PARENT,neg_log10_mol_l,STL_MOL,locked_common,LOEC_GeneticDamage,857,857,0,1.274125932739697,1.6037914298230804,0.15419819960767256,DEFINED,92de09c8294234602829a140
W00,S3_PARENT,neg_log10_mol_l,STL_MOL,locked_common,LOEC_Growth,853,853,0,1.2261574316296158,1.549182015522476,0.22903796902680373,DEFINED,92de09c8294234602829a140
W00,S3_PARENT,neg_log10_mol_l,STL_MOL,locked_common,LOEC_Immobilization,61,61,0,1.075381813026782,1.4096820554297946,0.3936162021691343,DEFINED,92de09c8294234602829a140
W00,S3_PARENT,neg_log10_mol_l,STL_MOL,locked_common,LOEC_Injury,113,113,0,1.4846284508719922,1.8467441571222587,0.12699243847393704,DEFINED,92de09c8294234602829a140
W00,S3_PARENT,neg_log10_mol_l,STL_MOL,locked_common,LOEC_Molting,24,24,0,1.4291183331773947,1.82680273668578,0.3055637443850291,DEFINED,92de09c8294234602829a140
W00,S3_PARENT,neg_log10_mol_l,STL_MOL,locked_common,LOEC_Morphology,168,168,0,1.4444126822190615,1.763230865821534,0.02727252831572924,DEFINED,92de09c8294234602829a140
W00,S3_PARENT,neg_log10_mol_l,STL_MOL,locked_common,LOEC_Mortality,831,831,0,1.3303222292634163,1.7005022201949274,0.31162645120275256,DEFINED,92de09c8294234602829a140
W00,S3_PARENT,neg_log10_mol_l,STL_MOL,locked_common,LOEC_Physiology,721,721,0,1.3152847489809758,1.6511363484619255,0.20805697964822356,DEFINED,92de09c8294234602829a140
W00,S3_PARENT,neg_log10_mol_l,STL_MOL,locked_common,LOEC_Population,936,936,0,1.4436836315077448,1.8572837651685565,0.19546291464302612,DEFINED,92de09c8294234602829a140
W00,S3_PARENT,neg_log10_mol_l,STL_MOL,locked_common,LOEC_Reproduction,495,495,0,1.3525164421344378,1.6963318000990937,0.2677960869307039,DEFINED,92de09c8294234602829a140
W00,S3_PARENT,neg_log10_mol_l,STL_MOL,locked_common,MATC_Behavior,2,2,0,1.158236954585779,1.1584584969743452,-16.89984121020483,DEFINED,92de09c8294234602829a140
W00,S3_PARENT,neg_log10_mol_l,STL_MOL,locked_common,MATC_Biochemical,6,6,0,1.0836439486773033,1.2370669877335134,-0.3781187537993107,DEFINED,92de09c8294234602829a140
W00,S3_PARENT,neg_log10_mol_l,STL_MOL,locked_common,MATC_Development,15,15,0,0.686390109920991,0.8324133401385704,0.3672884558056829,DEFINED,92de09c8294234602829a140
W00,S3_PARENT,neg_log10_mol_l,STL_MOL,locked_common,MATC_Growth,56,56,0,0.7654092373893021,1.0748363947065813,0.3786959025761345,DEFINED,92de09c8294234602829a140
W00,S3_PARENT,neg_log10_mol_l,STL_MOL,locked_common,MATC_Immobilization,3,3,0,1.7915590668765569,1.7937710860289267,-404.7102706479667,DEFINED,92de09c8294234602829a140
W00,S3_PARENT,neg_log10_mol_l,STL_MOL,locked_common,MATC_Molting,4,4,0,1.0896191105667865,1.517647370199638,-2.670600180018613,DEFINED,92de09c8294234602829a140
W00,S3_PARENT,neg_log10_mol_l,STL_MOL,locked_common,MATC_Mortality,94,94,0,1.1505887854987038,1.5035235158613827,0.5054383482667149,DEFINED,92de09c8294234602829a140
W00,S3_PARENT,neg_log10_mol_l,STL_MOL,locked_common,MATC_Physiology,3,3,0,2.2338019768938673,2.3251624152604666,-0.2276931764216128,DEFINED,92de09c8294234602829a140
W00,S3_PARENT,neg_log10_mol_l,STL_MOL,locked_common,MATC_Population,20,20,0,1.5470615577641993,1.713750639691288,-1.31759136862411,DEFINED,92de09c8294234602829a140
W00,S3_PARENT,neg_log10_mol_l,STL_MOL,locked_common,MATC_Reproduction,34,34,0,1.2834374675112972,1.6838992275139053,0.3118630134626178,DEFINED,92de09c8294234602829a140
W00,S3_PARENT,neg_log10_mol_l,STL_MOL,locked_common,NOEC_Accumulation,31,31,0,1.3630633144704296,1.8168480852244524,-0.3886319960703406,DEFINED,92de09c8294234602829a140
W00,S3_PARENT,neg_log10_mol_l,STL_MOL,locked_common,NOEC_Behavior,434,434,0,1.2548194680913571,1.5654641333294876,0.005324372259882693,DEFINED,92de09c8294234602829a140
W00,S3_PARENT,neg_log10_mol_l,STL_MOL,locked_common,NOEC_Biochemical,1258,1258,0,1.3872423478117362,1.7273230793948864,0.160450779577064,DEFINED,92de09c8294234602829a140
W00,S3_PARENT,neg_log10_mol_l,STL_MOL,locked_common,NOEC_Development,593,593,0,1.3807642470471353,1.7573241839534541,0.2180513316539402,DEFINED,92de09c8294234602829a140
W00,S3_PARENT,neg_log10_mol_l,STL_MOL,locked_common,NOEC_Feeding,74,74,0,1.5876600873435982,1.9205184323863433,0.18262517709700887,DEFINED,92de09c8294234602829a140
W00,S3_PARENT,neg_log10_mol_l,STL_MOL,locked_common,NOEC_GeneticDamage,838,838,0,1.3292279837529417,1.6400499675081985,0.17100559154380524,DEFINED,92de09c8294234602829a140
W00,S3_PARENT,neg_log10_mol_l,STL_MOL,locked_common,NOEC_Growth,1168,1168,0,1.269714252513613,1.5853566068963776,0.18661651818247316,DEFINED,92de09c8294234602829a140
W00,S3_PARENT,neg_log10_mol_l,STL_MOL,locked_common,NOEC_Immobilization,275,275,0,1.0682826696161714,1.3720156834379604,0.4166195927091233,DEFINED,92de09c8294234602829a140
W00,S3_PARENT,neg_log10_mol_l,STL_MOL,locked_common,NOEC_Injury,155,155,0,1.355607447683366,1.7148441159447074,0.14166178453142775,DEFINED,92de09c8294234602829a140
W00,S3_PARENT,neg_log10_mol_l,STL_MOL,locked_common,NOEC_Molting,47,47,0,1.1833050919416372,1.6048198168245307,0.19406439226961192,DEFINED,92de09c8294234602829a140
W00,S3_PARENT,neg_log10_mol_l,STL_MOL,locked_common,NOEC_Morphology,281,281,0,1.2893034956284855,1.6210145087621302,0.1653764070048389,DEFINED,92de09c8294234602829a140
W00,S3_PARENT,neg_log10_mol_l,STL_MOL,locked_common,NOEC_Mortality,1793,1793,0,1.2191855586572258,1.5519806458251637,0.3185148120580209,DEFINED,92de09c8294234602829a140
W00,S3_PARENT,neg_log10_mol_l,STL_MOL,locked_common,NOEC_Physiology,798,798,0,1.3246943766083925,1.6570811683046192,0.17004782599120327,DEFINED,92de09c8294234602829a140
W00,S3_PARENT,neg_log10_mol_l,STL_MOL,locked_common,NOEC_Population,1386,1386,0,1.3332911282863047,1.673909860849271,0.21392450912639915,DEFINED,92de09c8294234602829a140
W00,S3_PARENT,neg_log10_mol_l,STL_MOL,locked_common,NOEC_Reproduction,620,620,0,1.4004864137094115,1.7183544905488177,0.2997494105306001,DEFINED,92de09c8294234602829a140
W00,S_SOURCE,neg_log10_mol_l,MTL_FULL,full,ACx_Development,59,59,0,1.6444733176851258,1.9013409630381717,-0.053000326030891554,DEFINED,61d8b97509cb889e3e881b64
W00,S_SOURCE,neg_log10_mol_l,MTL_FULL,full,ACx_Growth,1,1,0,0.5893462017707316,0.5893462017707316,,N_LT_2,61d8b97509cb889e3e881b64
W00,S_SOURCE,neg_log10_mol_l,MTL_FULL,full,ACx_Immobilization,34,34,0,1.8298562029460417,2.1628372164704137,-0.47709095806503377,DEFINED,61d8b97509cb889e3e881b64
W00,S_SOURCE,neg_log10_mol_l,MTL_FULL,full,ACx_Injury,69,69,0,1.3131733688230236,1.65723542090804,0.021928942990669942,DEFINED,61d8b97509cb889e3e881b64
W00,S_SOURCE,neg_log10_mol_l,MTL_FULL,full,ACx_Molting,100,100,0,0.8097568664956001,1.1184170524084394,0.002733463752476739,DEFINED,61d8b97509cb889e3e881b64
W00,S_SOURCE,neg_log10_mol_l,MTL_FULL,full,ACx_Mortality,61,61,0,1.1250463478826267,1.4286182341269158,0.36316541543696756,DEFINED,61d8b97509cb889e3e881b64
W00,S_SOURCE,neg_log10_mol_l,MTL_FULL,full,ACx_Physiology,74,74,0,1.5823087609430906,1.870214543462737,-0.047553887356933666,DEFINED,61d8b97509cb889e3e881b64
W00,S_SOURCE,neg_log10_mol_l,MTL_FULL,full,BMCx_Behavior,1,1,0,0.339436977807134,0.339436977807134,,N_LT_2,61d8b97509cb889e3e881b64
W00,S_SOURCE,neg_log10_mol_l,MTL_FULL,full,BMCx_Biochemical,2,2,0,0.08804562952784067,0.10099677126579802,-0.31582875942246824,DEFINED,61d8b97509cb889e3e881b64
W00,S_SOURCE,neg_log10_mol_l,MTL_FULL,full,BMCx_Development,8,8,0,0.5323072967926642,0.6022722189044952,0.7499252960283078,DEFINED,61d8b97509cb889e3e881b64
W00,S_SOURCE,neg_log10_mol_l,MTL_FULL,full,BMCx_Immobilization,3,3,0,0.7370471326124379,0.7448220513336974,-0.17147308689460194,DEFINED,61d8b97509cb889e3e881b64
W00,S_SOURCE,neg_log10_mol_l,MTL_FULL,full,BMCx_Injury,10,10,0,0.5321633433637294,0.893042487060293,-0.46558523384741735,DEFINED,61d8b97509cb889e3e881b64
W00,S_SOURCE,neg_log10_mol_l,MTL_FULL,full,BMCx_Molting,18,18,0,0.5681145419595175,0.6969084501920549,-0.11678687407572808,DEFINED,61d8b97509cb889e3e881b64
W00,S_SOURCE,neg_log10_mol_l,MTL_FULL,full,BMCx_Mortality,8,8,0,0.4085741700616271,0.4830093454464113,-0.24160621382486736,DEFINED,61d8b97509cb889e3e881b64
W00,S_SOURCE,neg_log10_mol_l,MTL_FULL,full,BMCx_Physiology,7,7,0,0.8123839762111462,0.8847568880944475,-0.24201552893151823,DEFINED,61d8b97509cb889e3e881b64
W00,S_SOURCE,neg_log10_mol_l,MTL_FULL,full,BMDx_Behavior,34,34,0,1.835896686051185,2.1881436550670488,0.0886052421338247,DEFINED,61d8b97509cb889e3e881b64
W00,S_SOURCE,neg_log10_mol_l,MTL_FULL,full,BMDx_Development,47,47,0,1.221302993208773,1.358495086877534,0.02045134121127634,DEFINED,61d8b97509cb889e3e881b64
W00,S_SOURCE,neg_log10_mol_l,MTL_FULL,full,BMDx_Immobilization,9,9,0,0.4089299404736962,0.8292284758861025,-0.2689056835846637,DEFINED,61d8b97509cb889e3e881b64
W00,S_SOURCE,neg_log10_mol_l,MTL_FULL,full,BMDx_Injury,13,13,0,1.4827512918867864,1.6331757548464116,-0.21978391065689373,DEFINED,61d8b97509cb889e3e881b64
W00,S_SOURCE,neg_log10_mol_l,MTL_FULL,full,BMDx_Morphology,6,6,0,0.3899576380593916,0.4339587802948618,0.15850159976571132,DEFINED,61d8b97509cb889e3e881b64
W00,S_SOURCE,neg_log10_mol_l,MTL_FULL,full,BMDx_Mortality,16,16,0,1.594713125849011,1.8457416962856685,-0.7729943375067208,DEFINED,61d8b97509cb889e3e881b64
W00,S_SOURCE,neg_log10_mol_l,MTL_FULL,full,BMDx_Physiology,10,10,0,0.7029803797172389,0.975951759854051,0.3189884915178469,DEFINED,61d8b97509cb889e3e881b64
W00,S_SOURCE,neg_log10_mol_l,MTL_FULL,full,ECx_Behavior,492,492,0,0.5252153336378895,0.6913963940004836,0.8756480591871009,DEFINED,61d8b97509cb889e3e881b64
W00,S_SOURCE,neg_log10_mol_l,MTL_FULL,full,ECx_Biochemical,240,240,0,0.7607761264627959,1.0072686439359066,0.7661311035307082,DEFINED,61d8b97509cb889e3e881b64
W00,S_SOURCE,neg_log10_mol_l,MTL_FULL,full,ECx_Development,504,504,0,0.8368010326557827,1.0918646213328944,0.7304967958162705,DEFINED,61d8b97509cb889e3e881b64
W00,S_SOURCE,neg_log10_mol_l,MTL_FULL,full,ECx_Feeding,40,40,0,1.0117510048654048,1.3581391947692385,0.41982771500376115,DEFINED,61d8b97509cb889e3e881b64
W00,S_SOURCE,neg_log10_mol_l,MTL_FULL,full,ECx_GeneticDamage,47,47,0,0.6827320160635685,0.851406105584285,0.8115243997191566,DEFINED,61d8b97509cb889e3e881b64
W00,S_SOURCE,neg_log10_mol_l,MTL_FULL,full,ECx_Growth,725,725,0,0.7576952657110009,1.2402556526596396,0.5271233854245836,DEFINED,61d8b97509cb889e3e881b64
W00,S_SOURCE,neg_log10_mol_l,MTL_FULL,full,ECx_Immobilization,1566,1566,0,0.6758582040227253,0.9042995002536673,0.8249969490615479,DEFINED,61d8b97509cb889e3e881b64
W00,S_SOURCE,neg_log10_mol_l,MTL_FULL,full,ECx_Injury,65,65,0,0.7700778037063972,1.113435200373153,0.6289319087946093,DEFINED,61d8b97509cb889e3e881b64
W00,S_SOURCE,neg_log10_mol_l,MTL_FULL,full,ECx_Molting,182,182,0,0.7175452276286811,0.912163542191026,0.6991341213560602,DEFINED,61d8b97509cb889e3e881b64
W00,S_SOURCE,neg_log10_mol_l,MTL_FULL,full,ECx_Morphology,49,49,0,0.5938552952836368,0.84371494462521,0.7168963336857994,DEFINED,61d8b97509cb889e3e881b64
W00,S_SOURCE,neg_log10_mol_l,MTL_FULL,full,ECx_Mortality,14822,14822,0,0.7183077105780334,0.9891318568548821,0.7324762040757868,DEFINED,61d8b97509cb889e3e881b64
W00,S_SOURCE,neg_log10_mol_l,MTL_FULL,full,ECx_Physiology,447,447,0,0.76695930512072,1.1153971953038757,0.6572539632351477,DEFINED,61d8b97509cb889e3e881b64
W00,S_SOURCE,neg_log10_mol_l,MTL_FULL,full,ECx_Population,2104,2104,0,0.7027138792148349,0.9566147347959841,0.6930485979541618,DEFINED,61d8b97509cb889e3e881b64
W00,S_SOURCE,neg_log10_mol_l,MTL_FULL,full,ECx_Reproduction,208,208,0,0.6876549651002235,0.9003083579399441,0.6867939801582398,DEFINED,61d8b97509cb889e3e881b64
W00,S_SOURCE,neg_log10_mol_l,MTL_FULL,full,EDx_Development,5,5,0,0.35955288422150955,0.5357081243018137,0.2450063928788675,DEFINED,61d8b97509cb889e3e881b64
W00,S_SOURCE,neg_log10_mol_l,MTL_FULL,full,EDx_Growth,2,2,0,1.0485617214229777,1.0544523562294728,-0.1132052314319496,DEFINED,61d8b97509cb889e3e881b64
W00,S_SOURCE,neg_log10_mol_l,MTL_FULL,full,EDx_Molting,3,3,0,0.4799859181115753,0.6227969911675444,-0.02246185141061008,DEFINED,61d8b97509cb889e3e881b64
W00,S_SOURCE,neg_log10_mol_l,MTL_FULL,full,EDx_Physiology,2,2,0,0.5505921406642681,0.7739744188217182,-1.016134349079599,DEFINED,61d8b97509cb889e3e881b64
W00,S_SOURCE,neg_log10_mol_l,MTL_FULL,full,EDx_Population,2,2,0,0.296459260191813,0.2976765169597425,-121.5240229307088,DEFINED,61d8b97509cb889e3e881b64
W00,S_SOURCE,neg_log10_mol_l,MTL_FULL,full,EDx_Reproduction,1,1,0,0.410618698980838,0.410618698980838,,N_LT_2,61d8b97509cb889e3e881b64
W00,S_SOURCE,neg_log10_mol_l,MTL_FULL,full,ICx_Behavior,3,3,0,2.1482518150020575,2.558628769197758,-22.227301713372402,DEFINED,61d8b97509cb889e3e881b64
W00,S_SOURCE,neg_log10_mol_l,MTL_FULL,full,ICx_Biochemical,171,171,0,0.8989628779091076,1.1252842573036683,0.46953418472963193,DEFINED,61d8b97509cb889e3e881b64
W00,S_SOURCE,neg_log10_mol_l,MTL_FULL,full,ICx_Development,29,29,0,1.0154084986161422,1.2099692936519002,0.466240011612453,DEFINED,61d8b97509cb889e3e881b64
W00,S_SOURCE,neg_log10_mol_l,MTL_FULL,full,ICx_Feeding,3,3,0,0.21901111579463586,0.2536812876926406,0.8470309538330741,DEFINED,61d8b97509cb889e3e881b64
W00,S_SOURCE,neg_log10_mol_l,MTL_FULL,full,ICx_GeneticDamage,5,5,0,0.6087404816704829,0.7291457098317746,0.872748967160202,DEFINED,61d8b97509cb889e3e881b64
W00,S_SOURCE,neg_log10_mol_l,MTL_FULL,full,ICx_Growth,110,110,0,0.6694120484092185,1.0493588433783723,0.7589728237029271,DEFINED,61d8b97509cb889e3e881b64
W00,S_SOURCE,neg_log10_mol_l,MTL_FULL,full,ICx_Immobilization,77,77,0,0.15829467603353264,0.20645040443121937,0.46050360519508904,DEFINED,61d8b97509cb889e3e881b64
W00,S_SOURCE,neg_log10_mol_l,MTL_FULL,full,ICx_Morphology,2,2,0,1.236624822426724,1.676392082677447,-0.2537868759155384,DEFINED,61d8b97509cb889e3e881b64
W00,S_SOURCE,neg_log10_mol_l,MTL_FULL,full,ICx_Mortality,23,23,0,0.7899525415643831,1.1397200499744795,0.3945971192841532,DEFINED,61d8b97509cb889e3e881b64
W00,S_SOURCE,neg_log10_mol_l,MTL_FULL,full,ICx_Physiology,164,164,0,0.6845967528889978,1.0020787229883659,0.7944557818906793,DEFINED,61d8b97509cb889e3e881b64
W00,S_SOURCE,neg_log10_mol_l,MTL_FULL,full,ICx_Population,289,289,0,0.7247566870939727,0.9203957204498129,0.7308071065073118,DEFINED,61d8b97509cb889e3e881b64
W00,S_SOURCE,neg_log10_mol_l,MTL_FULL,full,ICx_Reproduction,66,66,0,0.7287992540138634,0.9729500824870956,0.8069520652013866,DEFINED,61d8b97509cb889e3e881b64
W00,S_SOURCE,neg_log10_mol_l,MTL_FULL,full,LDx_Injury,5,5,0,0.21669336397078548,0.3122370609056023,0.8353468168959867,DEFINED,61d8b97509cb889e3e881b64
W00,S_SOURCE,neg_log10_mol_l,MTL_FULL,full,LDx_Mortality,239,239,0,0.6732714716219529,0.9220059810620441,0.5532743005276182,DEFINED,61d8b97509cb889e3e881b64
W00,S_SOURCE,neg_log10_mol_l,MTL_FULL,full,LDx_Physiology,8,8,0,0.44681125131769,0.5759627656190432,-0.4705123808382803,DEFINED,61d8b97509cb889e3e881b64
W00,S_SOURCE,neg_log10_mol_l,MTL_FULL,full,LDx_Reproduction,1,1,0,0.4597783484267284,0.4597783484267284,,N_LT_2,61d8b97509cb889e3e881b64
W00,S_SOURCE,neg_log10_mol_l,MTL_FULL,full,LOEC_Accumulation,45,45,0,1.1340826595784026,1.459784931223901,0.5407410935800798,DEFINED,61d8b97509cb889e3e881b64
W00,S_SOURCE,neg_log10_mol_l,MTL_FULL,full,LOEC_Behavior,332,332,0,0.8638087432267711,1.1769127165334285,0.5399481145765177,DEFINED,61d8b97509cb889e3e881b64
W00,S_SOURCE,neg_log10_mol_l,MTL_FULL,full,LOEC_Biochemical,1314,1314,0,0.8666024758337352,1.1528499292208423,0.6417948942606652,DEFINED,61d8b97509cb889e3e881b64
W00,S_SOURCE,neg_log10_mol_l,MTL_FULL,full,LOEC_Development,422,422,0,0.9521967307729665,1.2818098967891836,0.5916500974133587,DEFINED,61d8b97509cb889e3e881b64
W00,S_SOURCE,neg_log10_mol_l,MTL_FULL,full,LOEC_Feeding,30,30,0,0.4710497094157745,0.6077893767283821,0.27425808689203146,DEFINED,61d8b97509cb889e3e881b64
W00,S_SOURCE,neg_log10_mol_l,MTL_FULL,full,LOEC_GeneticDamage,857,857,0,0.900380403044756,1.218380383862207,0.5823976121283182,DEFINED,61d8b97509cb889e3e881b64
W00,S_SOURCE,neg_log10_mol_l,MTL_FULL,full,LOEC_Growth,853,853,0,0.7991904644604451,1.1165820178091213,0.6732996129556807,DEFINED,61d8b97509cb889e3e881b64
W00,S_SOURCE,neg_log10_mol_l,MTL_FULL,full,LOEC_Immobilization,61,61,0,0.7419295473493916,1.0074460325317918,0.7281719492719924,DEFINED,61d8b97509cb889e3e881b64
W00,S_SOURCE,neg_log10_mol_l,MTL_FULL,full,LOEC_Injury,113,113,0,1.0456361271229428,1.3589557611102392,0.5534812779586114,DEFINED,61d8b97509cb889e3e881b64
W00,S_SOURCE,neg_log10_mol_l,MTL_FULL,full,LOEC_Molting,24,24,0,0.7918785152031204,1.0786513187331643,0.6747370479605972,DEFINED,61d8b97509cb889e3e881b64
W00,S_SOURCE,neg_log10_mol_l,MTL_FULL,full,LOEC_Morphology,168,168,0,0.8815124184817156,1.1963449266622295,0.6380350273230719,DEFINED,61d8b97509cb889e3e881b64
W00,S_SOURCE,neg_log10_mol_l,MTL_FULL,full,LOEC_Mortality,831,831,0,0.8545216018362374,1.1817024683132586,0.6566588553810386,DEFINED,61d8b97509cb889e3e881b64
W00,S_SOURCE,neg_log10_mol_l,MTL_FULL,full,LOEC_Physiology,721,721,0,0.8681928037422768,1.1617194220633829,0.6334422525756821,DEFINED,61d8b97509cb889e3e881b64
W00,S_SOURCE,neg_log10_mol_l,MTL_FULL,full,LOEC_Population,936,936,0,0.7526667982217471,1.003445520800457,0.7512015585725729,DEFINED,61d8b97509cb889e3e881b64
W00,S_SOURCE,neg_log10_mol_l,MTL_FULL,full,LOEC_Reproduction,495,495,0,0.8179558942784764,1.1205181277973466,0.6805346513644044,DEFINED,61d8b97509cb889e3e881b64
W00,S_SOURCE,neg_log10_mol_l,MTL_FULL,full,MATC_Behavior,2,2,0,0.9023789675971088,0.9220920920479954,-2.6880781096179387,DEFINED,61d8b97509cb889e3e881b64
W00,S_SOURCE,neg_log10_mol_l,MTL_FULL,full,MATC_Biochemical,6,6,0,0.6552914754123281,0.9339095057074163,0.2203888728147917,DEFINED,61d8b97509cb889e3e881b64
W00,S_SOURCE,neg_log10_mol_l,MTL_FULL,full,MATC_Development,17,17,0,0.32848211155502444,0.4393329524986558,0.33836859782491635,DEFINED,61d8b97509cb889e3e881b64
W00,S_SOURCE,neg_log10_mol_l,MTL_FULL,full,MATC_Growth,56,56,0,0.7162554364038582,0.9829466514057362,0.7933130434007012,DEFINED,61d8b97509cb889e3e881b64
W00,S_SOURCE,neg_log10_mol_l,MTL_FULL,full,MATC_Immobilization,3,3,0,0.4223588755850714,0.4603570588985309,-4.9750744300567975,DEFINED,61d8b97509cb889e3e881b64
W00,S_SOURCE,neg_log10_mol_l,MTL_FULL,full,MATC_Molting,7,7,0,0.43025764814278084,0.5666202102568338,0.49273694595689355,DEFINED,61d8b97509cb889e3e881b64
W00,S_SOURCE,neg_log10_mol_l,MTL_FULL,full,MATC_Mortality,92,92,0,0.597342550689408,0.8429901373270569,0.7834277704296828,DEFINED,61d8b97509cb889e3e881b64
W00,S_SOURCE,neg_log10_mol_l,MTL_FULL,full,MATC_Physiology,3,3,0,1.4102225674584947,1.7125349661941436,0.21362563128710854,DEFINED,61d8b97509cb889e3e881b64
W00,S_SOURCE,neg_log10_mol_l,MTL_FULL,full,MATC_Population,22,22,0,0.4514238573233024,0.5448795086045556,0.7481479876501729,DEFINED,61d8b97509cb889e3e881b64
W00,S_SOURCE,neg_log10_mol_l,MTL_FULL,full,MATC_Reproduction,37,37,0,0.6616547242855743,0.8183809871011041,0.6933758676934031,DEFINED,61d8b97509cb889e3e881b64
W00,S_SOURCE,neg_log10_mol_l,MTL_FULL,full,NOEC_Accumulation,30,30,0,0.9617602734968498,1.241555896840252,0.5502913983689192,DEFINED,61d8b97509cb889e3e881b64
W00,S_SOURCE,neg_log10_mol_l,MTL_FULL,full,NOEC_Behavior,434,434,0,0.89299938234392,1.1762434951382772,0.4920725059654163,DEFINED,61d8b97509cb889e3e881b64
W00,S_SOURCE,neg_log10_mol_l,MTL_FULL,full,NOEC_Biochemical,1258,1258,0,0.8721806551516177,1.1437191768767005,0.6554659579394206,DEFINED,61d8b97509cb889e3e881b64
W00,S_SOURCE,neg_log10_mol_l,MTL_FULL,full,NOEC_Development,593,593,0,0.8486975344498453,1.1535047241236067,0.6677112513481495,DEFINED,61d8b97509cb889e3e881b64
W00,S_SOURCE,neg_log10_mol_l,MTL_FULL,full,NOEC_Feeding,71,71,0,0.8384880723845531,1.1422148422278928,0.7358191709635118,DEFINED,61d8b97509cb889e3e881b64
W00,S_SOURCE,neg_log10_mol_l,MTL_FULL,full,NOEC_GeneticDamage,838,838,0,0.9169751204322025,1.2283038841018232,0.5656203146954056,DEFINED,61d8b97509cb889e3e881b64
W00,S_SOURCE,neg_log10_mol_l,MTL_FULL,full,NOEC_Growth,1168,1168,0,0.7704073179458353,1.0423216384557734,0.6740432122259477,DEFINED,61d8b97509cb889e3e881b64
W00,S_SOURCE,neg_log10_mol_l,MTL_FULL,full,NOEC_Immobilization,275,275,0,0.7927696519360415,1.0385376057365765,0.6891574346457121,DEFINED,61d8b97509cb889e3e881b64
W00,S_SOURCE,neg_log10_mol_l,MTL_FULL,full,NOEC_Injury,155,155,0,0.937702884982942,1.2403616328182288,0.6434308026224379,DEFINED,61d8b97509cb889e3e881b64
W00,S_SOURCE,neg_log10_mol_l,MTL_FULL,full,NOEC_Molting,47,47,0,0.6065437556378058,0.801095457794166,0.7489020601270556,DEFINED,61d8b97509cb889e3e881b64
W00,S_SOURCE,neg_log10_mol_l,MTL_FULL,full,NOEC_Morphology,281,281,0,0.858594190204069,1.1584825954165647,0.651687757774424,DEFINED,61d8b97509cb889e3e881b64
W00,S_SOURCE,neg_log10_mol_l,MTL_FULL,full,NOEC_Mortality,1793,1793,0,0.7606895384299766,1.033977244025489,0.6943628330103393,DEFINED,61d8b97509cb889e3e881b64
W00,S_SOURCE,neg_log10_mol_l,MTL_FULL,full,NOEC_Physiology,798,798,0,0.8638896562174608,1.1605189150230326,0.6127774357342037,DEFINED,61d8b97509cb889e3e881b64
W00,S_SOURCE,neg_log10_mol_l,MTL_FULL,full,NOEC_Population,1386,1386,0,0.769732322161104,1.0171507534420745,0.6612054562171441,DEFINED,61d8b97509cb889e3e881b64
W00,S_SOURCE,neg_log10_mol_l,MTL_FULL,full,NOEC_Reproduction,620,620,0,0.8339333973280957,1.1332385429830385,0.6799364941240749,DEFINED,61d8b97509cb889e3e881b64
W00,S_SOURCE,neg_log10_mol_l,MTL_FULL,locked_common,ACx_Development,59,59,0,1.6444733176851258,1.9013409630381717,-0.053000326030891554,DEFINED,61d8b97509cb889e3e881b64
W00,S_SOURCE,neg_log10_mol_l,MTL_FULL,locked_common,ACx_Growth,1,1,0,0.5893462017707316,0.5893462017707316,,N_LT_2,61d8b97509cb889e3e881b64
W00,S_SOURCE,neg_log10_mol_l,MTL_FULL,locked_common,ACx_Immobilization,34,34,0,1.8298562029460417,2.1628372164704137,-0.47709095806503377,DEFINED,61d8b97509cb889e3e881b64
W00,S_SOURCE,neg_log10_mol_l,MTL_FULL,locked_common,ACx_Injury,69,69,0,1.3131733688230236,1.65723542090804,0.021928942990669942,DEFINED,61d8b97509cb889e3e881b64
W00,S_SOURCE,neg_log10_mol_l,MTL_FULL,locked_common,ACx_Molting,100,100,0,0.8097568664956001,1.1184170524084394,0.002733463752476739,DEFINED,61d8b97509cb889e3e881b64
W00,S_SOURCE,neg_log10_mol_l,MTL_FULL,locked_common,ACx_Mortality,61,61,0,1.1250463478826267,1.4286182341269158,0.36316541543696756,DEFINED,61d8b97509cb889e3e881b64
W00,S_SOURCE,neg_log10_mol_l,MTL_FULL,locked_common,ACx_Physiology,74,74,0,1.5823087609430906,1.870214543462737,-0.047553887356933666,DEFINED,61d8b97509cb889e3e881b64
W00,S_SOURCE,neg_log10_mol_l,MTL_FULL,locked_common,BMCx_Behavior,1,1,0,0.339436977807134,0.339436977807134,,N_LT_2,61d8b97509cb889e3e881b64
W00,S_SOURCE,neg_log10_mol_l,MTL_FULL,locked_common,BMCx_Biochemical,2,2,0,0.08804562952784067,0.10099677126579802,-0.31582875942246824,DEFINED,61d8b97509cb889e3e881b64
W00,S_SOURCE,neg_log10_mol_l,MTL_FULL,locked_common,BMCx_Development,8,8,0,0.5323072967926642,0.6022722189044952,0.7499252960283078,DEFINED,61d8b97509cb889e3e881b64
W00,S_SOURCE,neg_log10_mol_l,MTL_FULL,locked_common,BMCx_Immobilization,3,3,0,0.7370471326124379,0.7448220513336974,-0.17147308689460194,DEFINED,61d8b97509cb889e3e881b64
W00,S_SOURCE,neg_log10_mol_l,MTL_FULL,locked_common,BMCx_Injury,10,10,0,0.5321633433637294,0.893042487060293,-0.46558523384741735,DEFINED,61d8b97509cb889e3e881b64
W00,S_SOURCE,neg_log10_mol_l,MTL_FULL,locked_common,BMCx_Molting,18,18,0,0.5681145419595175,0.6969084501920549,-0.11678687407572808,DEFINED,61d8b97509cb889e3e881b64
W00,S_SOURCE,neg_log10_mol_l,MTL_FULL,locked_common,BMCx_Mortality,8,8,0,0.4085741700616271,0.4830093454464113,-0.24160621382486736,DEFINED,61d8b97509cb889e3e881b64
W00,S_SOURCE,neg_log10_mol_l,MTL_FULL,locked_common,BMCx_Physiology,7,7,0,0.8123839762111462,0.8847568880944475,-0.24201552893151823,DEFINED,61d8b97509cb889e3e881b64
W00,S_SOURCE,neg_log10_mol_l,MTL_FULL,locked_common,BMDx_Behavior,34,34,0,1.835896686051185,2.1881436550670488,0.0886052421338247,DEFINED,61d8b97509cb889e3e881b64
W00,S_SOURCE,neg_log10_mol_l,MTL_FULL,locked_common,BMDx_Development,47,47,0,1.221302993208773,1.358495086877534,0.02045134121127634,DEFINED,61d8b97509cb889e3e881b64
W00,S_SOURCE,neg_log10_mol_l,MTL_FULL,locked_common,BMDx_Immobilization,9,9,0,0.4089299404736962,0.8292284758861025,-0.2689056835846637,DEFINED,61d8b97509cb889e3e881b64
W00,S_SOURCE,neg_log10_mol_l,MTL_FULL,locked_common,BMDx_Injury,13,13,0,1.4827512918867864,1.6331757548464116,-0.21978391065689373,DEFINED,61d8b97509cb889e3e881b64
W00,S_SOURCE,neg_log10_mol_l,MTL_FULL,locked_common,BMDx_Morphology,6,6,0,0.3899576380593916,0.4339587802948618,0.15850159976571132,DEFINED,61d8b97509cb889e3e881b64
W00,S_SOURCE,neg_log10_mol_l,MTL_FULL,locked_common,BMDx_Mortality,16,16,0,1.594713125849011,1.8457416962856685,-0.7729943375067208,DEFINED,61d8b97509cb889e3e881b64
W00,S_SOURCE,neg_log10_mol_l,MTL_FULL,locked_common,BMDx_Physiology,10,10,0,0.7029803797172389,0.975951759854051,0.3189884915178469,DEFINED,61d8b97509cb889e3e881b64
W00,S_SOURCE,neg_log10_mol_l,MTL_FULL,locked_common,ECx_Behavior,492,492,0,0.5252153336378895,0.6913963940004836,0.8756480591871009,DEFINED,61d8b97509cb889e3e881b64
W00,S_SOURCE,neg_log10_mol_l,MTL_FULL,locked_common,ECx_Biochemical,240,240,0,0.7607761264627959,1.0072686439359066,0.7661311035307082,DEFINED,61d8b97509cb889e3e881b64
W00,S_SOURCE,neg_log10_mol_l,MTL_FULL,locked_common,ECx_Development,504,504,0,0.8368010326557827,1.0918646213328944,0.7304967958162705,DEFINED,61d8b97509cb889e3e881b64
W00,S_SOURCE,neg_log10_mol_l,MTL_FULL,locked_common,ECx_Feeding,40,40,0,1.0117510048654048,1.3581391947692385,0.41982771500376115,DEFINED,61d8b97509cb889e3e881b64
W00,S_SOURCE,neg_log10_mol_l,MTL_FULL,locked_common,ECx_GeneticDamage,47,47,0,0.6827320160635685,0.851406105584285,0.8115243997191566,DEFINED,61d8b97509cb889e3e881b64
W00,S_SOURCE,neg_log10_mol_l,MTL_FULL,locked_common,ECx_Growth,725,725,0,0.7576952657110009,1.2402556526596396,0.5271233854245836,DEFINED,61d8b97509cb889e3e881b64
W00,S_SOURCE,neg_log10_mol_l,MTL_FULL,locked_common,ECx_Immobilization,1566,1566,0,0.6758582040227253,0.9042995002536673,0.8249969490615479,DEFINED,61d8b97509cb889e3e881b64
W00,S_SOURCE,neg_log10_mol_l,MTL_FULL,locked_common,ECx_Injury,65,65,0,0.7700778037063972,1.113435200373153,0.6289319087946093,DEFINED,61d8b97509cb889e3e881b64
W00,S_SOURCE,neg_log10_mol_l,MTL_FULL,locked_common,ECx_Molting,182,182,0,0.7175452276286811,0.912163542191026,0.6991341213560602,DEFINED,61d8b97509cb889e3e881b64
W00,S_SOURCE,neg_log10_mol_l,MTL_FULL,locked_common,ECx_Morphology,49,49,0,0.5938552952836368,0.84371494462521,0.7168963336857994,DEFINED,61d8b97509cb889e3e881b64
W00,S_SOURCE,neg_log10_mol_l,MTL_FULL,locked_common,ECx_Mortality,14822,14822,0,0.7183077105780334,0.9891318568548821,0.7324762040757868,DEFINED,61d8b97509cb889e3e881b64
W00,S_SOURCE,neg_log10_mol_l,MTL_FULL,locked_common,ECx_Physiology,447,447,0,0.76695930512072,1.1153971953038757,0.6572539632351477,DEFINED,61d8b97509cb889e3e881b64
W00,S_SOURCE,neg_log10_mol_l,MTL_FULL,locked_common,ECx_Population,2104,2104,0,0.7027138792148349,0.9566147347959841,0.6930485979541618,DEFINED,61d8b97509cb889e3e881b64
W00,S_SOURCE,neg_log10_mol_l,MTL_FULL,locked_common,ECx_Reproduction,208,208,0,0.6876549651002235,0.9003083579399441,0.6867939801582398,DEFINED,61d8b97509cb889e3e881b64
W00,S_SOURCE,neg_log10_mol_l,MTL_FULL,locked_common,EDx_Development,5,5,0,0.35955288422150955,0.5357081243018137,0.2450063928788675,DEFINED,61d8b97509cb889e3e881b64
W00,S_SOURCE,neg_log10_mol_l,MTL_FULL,locked_common,EDx_Growth,2,2,0,1.0485617214229777,1.0544523562294728,-0.1132052314319496,DEFINED,61d8b97509cb889e3e881b64
W00,S_SOURCE,neg_log10_mol_l,MTL_FULL,locked_common,EDx_Molting,3,3,0,0.4799859181115753,0.6227969911675444,-0.02246185141061008,DEFINED,61d8b97509cb889e3e881b64
W00,S_SOURCE,neg_log10_mol_l,MTL_FULL,locked_common,EDx_Physiology,2,2,0,0.5505921406642681,0.7739744188217182,-1.016134349079599,DEFINED,61d8b97509cb889e3e881b64
W00,S_SOURCE,neg_log10_mol_l,MTL_FULL,locked_common,EDx_Population,2,2,0,0.296459260191813,0.2976765169597425,-121.5240229307088,DEFINED,61d8b97509cb889e3e881b64
W00,S_SOURCE,neg_log10_mol_l,MTL_FULL,locked_common,EDx_Reproduction,1,1,0,0.410618698980838,0.410618698980838,,N_LT_2,61d8b97509cb889e3e881b64
W00,S_SOURCE,neg_log10_mol_l,MTL_FULL,locked_common,ICx_Behavior,3,3,0,2.1482518150020575,2.558628769197758,-22.227301713372402,DEFINED,61d8b97509cb889e3e881b64
W00,S_SOURCE,neg_log10_mol_l,MTL_FULL,locked_common,ICx_Biochemical,171,171,0,0.8989628779091076,1.1252842573036683,0.46953418472963193,DEFINED,61d8b97509cb889e3e881b64
W00,S_SOURCE,neg_log10_mol_l,MTL_FULL,locked_common,ICx_Development,29,29,0,1.0154084986161422,1.2099692936519002,0.466240011612453,DEFINED,61d8b97509cb889e3e881b64
W00,S_SOURCE,neg_log10_mol_l,MTL_FULL,locked_common,ICx_Feeding,3,3,0,0.21901111579463586,0.2536812876926406,0.8470309538330741,DEFINED,61d8b97509cb889e3e881b64
W00,S_SOURCE,neg_log10_mol_l,MTL_FULL,locked_common,ICx_GeneticDamage,5,5,0,0.6087404816704829,0.7291457098317746,0.872748967160202,DEFINED,61d8b97509cb889e3e881b64
W00,S_SOURCE,neg_log10_mol_l,MTL_FULL,locked_common,ICx_Growth,110,110,0,0.6694120484092185,1.0493588433783723,0.7589728237029271,DEFINED,61d8b97509cb889e3e881b64
W00,S_SOURCE,neg_log10_mol_l,MTL_FULL,locked_common,ICx_Immobilization,77,77,0,0.15829467603353264,0.20645040443121937,0.46050360519508904,DEFINED,61d8b97509cb889e3e881b64
W00,S_SOURCE,neg_log10_mol_l,MTL_FULL,locked_common,ICx_Morphology,2,2,0,1.236624822426724,1.676392082677447,-0.2537868759155384,DEFINED,61d8b97509cb889e3e881b64
W00,S_SOURCE,neg_log10_mol_l,MTL_FULL,locked_common,ICx_Mortality,23,23,0,0.7899525415643831,1.1397200499744795,0.3945971192841532,DEFINED,61d8b97509cb889e3e881b64
W00,S_SOURCE,neg_log10_mol_l,MTL_FULL,locked_common,ICx_Physiology,164,164,0,0.6845967528889978,1.0020787229883659,0.7944557818906793,DEFINED,61d8b97509cb889e3e881b64
W00,S_SOURCE,neg_log10_mol_l,MTL_FULL,locked_common,ICx_Population,289,289,0,0.7247566870939727,0.9203957204498129,0.7308071065073118,DEFINED,61d8b97509cb889e3e881b64
W00,S_SOURCE,neg_log10_mol_l,MTL_FULL,locked_common,ICx_Reproduction,66,66,0,0.7287992540138634,0.9729500824870956,0.8069520652013866,DEFINED,61d8b97509cb889e3e881b64
W00,S_SOURCE,neg_log10_mol_l,MTL_FULL,locked_common,LDx_Injury,5,5,0,0.21669336397078548,0.3122370609056023,0.8353468168959867,DEFINED,61d8b97509cb889e3e881b64
W00,S_SOURCE,neg_log10_mol_l,MTL_FULL,locked_common,LDx_Mortality,239,239,0,0.6732714716219529,0.9220059810620441,0.5532743005276182,DEFINED,61d8b97509cb889e3e881b64
W00,S_SOURCE,neg_log10_mol_l,MTL_FULL,locked_common,LDx_Physiology,8,8,0,0.44681125131769,0.5759627656190432,-0.4705123808382803,DEFINED,61d8b97509cb889e3e881b64
W00,S_SOURCE,neg_log10_mol_l,MTL_FULL,locked_common,LDx_Reproduction,1,1,0,0.4597783484267284,0.4597783484267284,,N_LT_2,61d8b97509cb889e3e881b64
W00,S_SOURCE,neg_log10_mol_l,MTL_FULL,locked_common,LOEC_Accumulation,45,45,0,1.1340826595784026,1.459784931223901,0.5407410935800798,DEFINED,61d8b97509cb889e3e881b64
W00,S_SOURCE,neg_log10_mol_l,MTL_FULL,locked_common,LOEC_Behavior,332,332,0,0.8638087432267711,1.1769127165334285,0.5399481145765177,DEFINED,61d8b97509cb889e3e881b64
W00,S_SOURCE,neg_log10_mol_l,MTL_FULL,locked_common,LOEC_Biochemical,1314,1314,0,0.8666024758337352,1.1528499292208423,0.6417948942606652,DEFINED,61d8b97509cb889e3e881b64
W00,S_SOURCE,neg_log10_mol_l,MTL_FULL,locked_common,LOEC_Development,422,422,0,0.9521967307729665,1.2818098967891836,0.5916500974133587,DEFINED,61d8b97509cb889e3e881b64
W00,S_SOURCE,neg_log10_mol_l,MTL_FULL,locked_common,LOEC_Feeding,30,30,0,0.4710497094157745,0.6077893767283821,0.27425808689203146,DEFINED,61d8b97509cb889e3e881b64
W00,S_SOURCE,neg_log10_mol_l,MTL_FULL,locked_common,LOEC_GeneticDamage,857,857,0,0.900380403044756,1.218380383862207,0.5823976121283182,DEFINED,61d8b97509cb889e3e881b64
W00,S_SOURCE,neg_log10_mol_l,MTL_FULL,locked_common,LOEC_Growth,853,853,0,0.7991904644604451,1.1165820178091213,0.6732996129556807,DEFINED,61d8b97509cb889e3e881b64
W00,S_SOURCE,neg_log10_mol_l,MTL_FULL,locked_common,LOEC_Immobilization,61,61,0,0.7419295473493916,1.0074460325317918,0.7281719492719924,DEFINED,61d8b97509cb889e3e881b64
W00,S_SOURCE,neg_log10_mol_l,MTL_FULL,locked_common,LOEC_Injury,113,113,0,1.0456361271229428,1.3589557611102392,0.5534812779586114,DEFINED,61d8b97509cb889e3e881b64
W00,S_SOURCE,neg_log10_mol_l,MTL_FULL,locked_common,LOEC_Molting,24,24,0,0.7918785152031204,1.0786513187331643,0.6747370479605972,DEFINED,61d8b97509cb889e3e881b64
W00,S_SOURCE,neg_log10_mol_l,MTL_FULL,locked_common,LOEC_Morphology,168,168,0,0.8815124184817156,1.1963449266622295,0.6380350273230719,DEFINED,61d8b97509cb889e3e881b64
W00,S_SOURCE,neg_log10_mol_l,MTL_FULL,locked_common,LOEC_Mortality,831,831,0,0.8545216018362374,1.1817024683132586,0.6566588553810386,DEFINED,61d8b97509cb889e3e881b64
W00,S_SOURCE,neg_log10_mol_l,MTL_FULL,locked_common,LOEC_Physiology,721,721,0,0.8681928037422768,1.1617194220633829,0.6334422525756821,DEFINED,61d8b97509cb889e3e881b64
W00,S_SOURCE,neg_log10_mol_l,MTL_FULL,locked_common,LOEC_Population,936,936,0,0.7526667982217471,1.003445520800457,0.7512015585725729,DEFINED,61d8b97509cb889e3e881b64
W00,S_SOURCE,neg_log10_mol_l,MTL_FULL,locked_common,LOEC_Reproduction,495,495,0,0.8179558942784764,1.1205181277973466,0.6805346513644044,DEFINED,61d8b97509cb889e3e881b64
W00,S_SOURCE,neg_log10_mol_l,MTL_FULL,locked_common,MATC_Behavior,2,2,0,0.9023789675971088,0.9220920920479954,-2.6880781096179387,DEFINED,61d8b97509cb889e3e881b64
W00,S_SOURCE,neg_log10_mol_l,MTL_FULL,locked_common,MATC_Biochemical,6,6,0,0.6552914754123281,0.9339095057074163,0.2203888728147917,DEFINED,61d8b97509cb889e3e881b64
W00,S_SOURCE,neg_log10_mol_l,MTL_FULL,locked_common,MATC_Development,17,17,0,0.32848211155502444,0.4393329524986558,0.33836859782491635,DEFINED,61d8b97509cb889e3e881b64
W00,S_SOURCE,neg_log10_mol_l,MTL_FULL,locked_common,MATC_Growth,56,56,0,0.7162554364038582,0.9829466514057362,0.7933130434007012,DEFINED,61d8b97509cb889e3e881b64
W00,S_SOURCE,neg_log10_mol_l,MTL_FULL,locked_common,MATC_Immobilization,3,3,0,0.4223588755850714,0.4603570588985309,-4.9750744300567975,DEFINED,61d8b97509cb889e3e881b64
W00,S_SOURCE,neg_log10_mol_l,MTL_FULL,locked_common,MATC_Molting,7,7,0,0.43025764814278084,0.5666202102568338,0.49273694595689355,DEFINED,61d8b97509cb889e3e881b64
W00,S_SOURCE,neg_log10_mol_l,MTL_FULL,locked_common,MATC_Mortality,92,92,0,0.597342550689408,0.8429901373270569,0.7834277704296828,DEFINED,61d8b97509cb889e3e881b64
W00,S_SOURCE,neg_log10_mol_l,MTL_FULL,locked_common,MATC_Physiology,3,3,0,1.4102225674584947,1.7125349661941436,0.21362563128710854,DEFINED,61d8b97509cb889e3e881b64
W00,S_SOURCE,neg_log10_mol_l,MTL_FULL,locked_common,MATC_Population,22,22,0,0.4514238573233024,0.5448795086045556,0.7481479876501729,DEFINED,61d8b97509cb889e3e881b64
W00,S_SOURCE,neg_log10_mol_l,MTL_FULL,locked_common,MATC_Reproduction,37,37,0,0.6616547242855743,0.8183809871011041,0.6933758676934031,DEFINED,61d8b97509cb889e3e881b64
W00,S_SOURCE,neg_log10_mol_l,MTL_FULL,locked_common,NOEC_Accumulation,30,30,0,0.9617602734968498,1.241555896840252,0.5502913983689192,DEFINED,61d8b97509cb889e3e881b64
W00,S_SOURCE,neg_log10_mol_l,MTL_FULL,locked_common,NOEC_Behavior,434,434,0,0.89299938234392,1.1762434951382772,0.4920725059654163,DEFINED,61d8b97509cb889e3e881b64
W00,S_SOURCE,neg_log10_mol_l,MTL_FULL,locked_common,NOEC_Biochemical,1258,1258,0,0.8721806551516177,1.1437191768767005,0.6554659579394206,DEFINED,61d8b97509cb889e3e881b64
W00,S_SOURCE,neg_log10_mol_l,MTL_FULL,locked_common,NOEC_Development,593,593,0,0.8486975344498453,1.1535047241236067,0.6677112513481495,DEFINED,61d8b97509cb889e3e881b64
W00,S_SOURCE,neg_log10_mol_l,MTL_FULL,locked_common,NOEC_Feeding,71,71,0,0.8384880723845531,1.1422148422278928,0.7358191709635118,DEFINED,61d8b97509cb889e3e881b64
W00,S_SOURCE,neg_log10_mol_l,MTL_FULL,locked_common,NOEC_GeneticDamage,838,838,0,0.9169751204322025,1.2283038841018232,0.5656203146954056,DEFINED,61d8b97509cb889e3e881b64
W00,S_SOURCE,neg_log10_mol_l,MTL_FULL,locked_common,NOEC_Growth,1168,1168,0,0.7704073179458353,1.0423216384557734,0.6740432122259477,DEFINED,61d8b97509cb889e3e881b64
W00,S_SOURCE,neg_log10_mol_l,MTL_FULL,locked_common,NOEC_Immobilization,275,275,0,0.7927696519360415,1.0385376057365765,0.6891574346457121,DEFINED,61d8b97509cb889e3e881b64
W00,S_SOURCE,neg_log10_mol_l,MTL_FULL,locked_common,NOEC_Injury,155,155,0,0.937702884982942,1.2403616328182288,0.6434308026224379,DEFINED,61d8b97509cb889e3e881b64
W00,S_SOURCE,neg_log10_mol_l,MTL_FULL,locked_common,NOEC_Molting,47,47,0,0.6065437556378058,0.801095457794166,0.7489020601270556,DEFINED,61d8b97509cb889e3e881b64
W00,S_SOURCE,neg_log10_mol_l,MTL_FULL,locked_common,NOEC_Morphology,281,281,0,0.858594190204069,1.1584825954165647,0.651687757774424,DEFINED,61d8b97509cb889e3e881b64
W00,S_SOURCE,neg_log10_mol_l,MTL_FULL,locked_common,NOEC_Mortality,1793,1793,0,0.7606895384299766,1.033977244025489,0.6943628330103393,DEFINED,61d8b97509cb889e3e881b64
W00,S_SOURCE,neg_log10_mol_l,MTL_FULL,locked_common,NOEC_Physiology,798,798,0,0.8638896562174608,1.1605189150230326,0.6127774357342037,DEFINED,61d8b97509cb889e3e881b64
W00,S_SOURCE,neg_log10_mol_l,MTL_FULL,locked_common,NOEC_Population,1386,1386,0,0.769732322161104,1.0171507534420745,0.6612054562171441,DEFINED,61d8b97509cb889e3e881b64
W00,S_SOURCE,neg_log10_mol_l,MTL_FULL,locked_common,NOEC_Reproduction,620,620,0,0.8339333973280957,1.1332385429830385,0.6799364941240749,DEFINED,61d8b97509cb889e3e881b64
W00,S_SOURCE,neg_log10_mol_l,STL_FULL,full,ACx_Development,59,59,0,1.5942986991025077,1.987063838984579,-0.1500908175329687,DEFINED,16cea60112d9e4e1480a4407
W00,S_SOURCE,neg_log10_mol_l,STL_FULL,full,ACx_Growth,1,1,0,0.4036885432508157,0.4036885432508157,,N_LT_2,16cea60112d9e4e1480a4407
W00,S_SOURCE,neg_log10_mol_l,STL_FULL,full,ACx_Immobilization,34,34,0,1.537644425493992,1.8510478698797264,-0.08191930977510209,DEFINED,16cea60112d9e4e1480a4407
W00,S_SOURCE,neg_log10_mol_l,STL_FULL,full,ACx_Injury,69,69,0,1.3840459349147136,1.7031439126505865,-0.033010382516546644,DEFINED,16cea60112d9e4e1480a4407
W00,S_SOURCE,neg_log10_mol_l,STL_FULL,full,ACx_Molting,100,100,0,0.8963185347490972,1.1598478140943225,-0.07252074896688065,DEFINED,16cea60112d9e4e1480a4407
W00,S_SOURCE,neg_log10_mol_l,STL_FULL,full,ACx_Mortality,61,61,0,1.110209126508845,1.412076176811931,0.377827924743262,DEFINED,16cea60112d9e4e1480a4407
W00,S_SOURCE,neg_log10_mol_l,STL_FULL,full,ACx_Physiology,74,74,0,1.5708570936292774,1.8894992698747508,-0.06926898482455845,DEFINED,16cea60112d9e4e1480a4407
W00,S_SOURCE,neg_log10_mol_l,STL_FULL,full,BMCx_Behavior,1,1,0,0.11444577812844692,0.11444577812844692,,N_LT_2,16cea60112d9e4e1480a4407
W00,S_SOURCE,neg_log10_mol_l,STL_FULL,full,BMCx_Biochemical,2,2,0,0.19591517907617728,0.21479010748031294,-4.951315092671644,DEFINED,16cea60112d9e4e1480a4407
W00,S_SOURCE,neg_log10_mol_l,STL_FULL,full,BMCx_Development,8,8,0,0.9453514259569579,1.1830502586288205,0.03508181494798357,DEFINED,16cea60112d9e4e1480a4407
W00,S_SOURCE,neg_log10_mol_l,STL_FULL,full,BMCx_Immobilization,3,3,0,0.6770638771266023,0.6954818756432796,-0.021407158234809653,DEFINED,16cea60112d9e4e1480a4407
W00,S_SOURCE,neg_log10_mol_l,STL_FULL,full,BMCx_Injury,10,10,0,0.6124387122678584,0.9236836255779177,-0.5678818327919377,DEFINED,16cea60112d9e4e1480a4407
W00,S_SOURCE,neg_log10_mol_l,STL_FULL,full,BMCx_Molting,18,18,0,0.5480273132809155,0.6525715433029161,0.020791661419429786,DEFINED,16cea60112d9e4e1480a4407
W00,S_SOURCE,neg_log10_mol_l,STL_FULL,full,BMCx_Mortality,8,8,0,0.2611887343404806,0.34883412459963037,0.35239419038833064,DEFINED,16cea60112d9e4e1480a4407
W00,S_SOURCE,neg_log10_mol_l,STL_FULL,full,BMCx_Physiology,7,7,0,0.6936059897222906,0.7850042378885828,0.022260583553625035,DEFINED,16cea60112d9e4e1480a4407
W00,S_SOURCE,neg_log10_mol_l,STL_FULL,full,BMDx_Behavior,34,34,0,1.8581238778106783,2.2629927502849854,0.025187274025180506,DEFINED,16cea60112d9e4e1480a4407
W00,S_SOURCE,neg_log10_mol_l,STL_FULL,full,BMDx_Development,47,47,0,1.0207704044825294,1.3865646157944513,-0.020446161380849315,DEFINED,16cea60112d9e4e1480a4407
W00,S_SOURCE,neg_log10_mol_l,STL_FULL,full,BMDx_Immobilization,9,9,0,0.3964609353769947,0.831288962595631,-0.2752195325115643,DEFINED,16cea60112d9e4e1480a4407
W00,S_SOURCE,neg_log10_mol_l,STL_FULL,full,BMDx_Injury,13,13,0,1.4848416359155816,1.6019945532143403,-0.17365140452113015,DEFINED,16cea60112d9e4e1480a4407
W00,S_SOURCE,neg_log10_mol_l,STL_FULL,full,BMDx_Morphology,6,6,0,0.3962747979242149,0.49992067548576985,-0.11675661040053975,DEFINED,16cea60112d9e4e1480a4407
W00,S_SOURCE,neg_log10_mol_l,STL_FULL,full,BMDx_Mortality,16,16,0,1.4675484744969816,1.5995146444223705,-0.33150236850824566,DEFINED,16cea60112d9e4e1480a4407
W00,S_SOURCE,neg_log10_mol_l,STL_FULL,full,BMDx_Physiology,10,10,0,0.7075246116201082,0.8839764544655384,0.44129939357055925,DEFINED,16cea60112d9e4e1480a4407
W00,S_SOURCE,neg_log10_mol_l,STL_FULL,full,ECx_Behavior,492,492,0,0.6058240067527406,0.8494923819141715,0.8122770697411048,DEFINED,16cea60112d9e4e1480a4407
W00,S_SOURCE,neg_log10_mol_l,STL_FULL,full,ECx_Biochemical,240,240,0,0.8788476437642522,1.1653251232138266,0.6869771393360072,DEFINED,16cea60112d9e4e1480a4407
W00,S_SOURCE,neg_log10_mol_l,STL_FULL,full,ECx_Development,504,504,0,0.8784695763375763,1.146171868067518,0.7030209359179302,DEFINED,16cea60112d9e4e1480a4407
W00,S_SOURCE,neg_log10_mol_l,STL_FULL,full,ECx_Feeding,40,40,0,0.9395215563390922,1.5068526734546608,0.28581619307420825,DEFINED,16cea60112d9e4e1480a4407
W00,S_SOURCE,neg_log10_mol_l,STL_FULL,full,ECx_GeneticDamage,47,47,0,1.0306436752790564,1.2902709854827337,0.567143964603225,DEFINED,16cea60112d9e4e1480a4407
W00,S_SOURCE,neg_log10_mol_l,STL_FULL,full,ECx_Growth,725,725,0,0.8506496794287036,1.3818806194176276,0.4129616699710099,DEFINED,16cea60112d9e4e1480a4407
W00,S_SOURCE,neg_log10_mol_l,STL_FULL,full,ECx_Immobilization,1566,1566,0,0.7325953320959718,1.005062149901309,0.7838242997667375,DEFINED,16cea60112d9e4e1480a4407
W00,S_SOURCE,neg_log10_mol_l,STL_FULL,full,ECx_Injury,65,65,0,0.7538737834296108,1.0472041189420385,0.6717638578737906,DEFINED,16cea60112d9e4e1480a4407
W00,S_SOURCE,neg_log10_mol_l,STL_FULL,full,ECx_Molting,182,182,0,0.7686938913699513,0.9779638080883151,0.6541617040721823,DEFINED,16cea60112d9e4e1480a4407
W00,S_SOURCE,neg_log10_mol_l,STL_FULL,full,ECx_Morphology,49,49,0,0.7702533741318168,1.0502849189543615,0.5612993588442866,DEFINED,16cea60112d9e4e1480a4407
W00,S_SOURCE,neg_log10_mol_l,STL_FULL,full,ECx_Mortality,14822,14822,0,0.6578812912501508,0.9258600084249412,0.765606971438094,DEFINED,16cea60112d9e4e1480a4407
W00,S_SOURCE,neg_log10_mol_l,STL_FULL,full,ECx_Physiology,447,447,0,0.8047669790066901,1.128885078606366,0.6489145667073257,DEFINED,16cea60112d9e4e1480a4407
W00,S_SOURCE,neg_log10_mol_l,STL_FULL,full,ECx_Population,2104,2104,0,0.7125425200256753,0.9916286166576587,0.6701673896801441,DEFINED,16cea60112d9e4e1480a4407
W00,S_SOURCE,neg_log10_mol_l,STL_FULL,full,ECx_Reproduction,208,208,0,0.8487549538961188,1.1007228852305002,0.5318300561474641,DEFINED,16cea60112d9e4e1480a4407
W00,S_SOURCE,neg_log10_mol_l,STL_FULL,full,EDx_Development,5,5,0,0.4158122027595018,0.4833063337258736,0.38548599932002026,DEFINED,16cea60112d9e4e1480a4407
W00,S_SOURCE,neg_log10_mol_l,STL_FULL,full,EDx_Growth,2,2,0,0.9588115559413843,1.0117312580567859,-0.024829578295457955,DEFINED,16cea60112d9e4e1480a4407
W00,S_SOURCE,neg_log10_mol_l,STL_FULL,full,EDx_Molting,3,3,0,0.41614603315248583,0.5077191316260874,0.32048169726385256,DEFINED,16cea60112d9e4e1480a4407
W00,S_SOURCE,neg_log10_mol_l,STL_FULL,full,EDx_Physiology,2,2,0,0.37531138532316555,0.46893829064282466,0.259887656513467,DEFINED,16cea60112d9e4e1480a4407
W00,S_SOURCE,neg_log10_mol_l,STL_FULL,full,EDx_Population,2,2,0,0.17648651668318172,0.17852368573040883,-43.06804518313296,DEFINED,16cea60112d9e4e1480a4407
W00,S_SOURCE,neg_log10_mol_l,STL_FULL,full,EDx_Reproduction,1,1,0,0.2904423611501601,0.2904423611501601,,N_LT_2,16cea60112d9e4e1480a4407
W00,S_SOURCE,neg_log10_mol_l,STL_FULL,full,ICx_Behavior,3,3,0,1.983617670288026,2.8116887103821315,-27.04908366847185,DEFINED,16cea60112d9e4e1480a4407
W00,S_SOURCE,neg_log10_mol_l,STL_FULL,full,ICx_Biochemical,171,171,0,0.9975887472771141,1.2711547675029626,0.3230917971776176,DEFINED,16cea60112d9e4e1480a4407
W00,S_SOURCE,neg_log10_mol_l,STL_FULL,full,ICx_Development,29,29,0,1.222115669508564,1.4007038966120728,0.2846970917946605,DEFINED,16cea60112d9e4e1480a4407
W00,S_SOURCE,neg_log10_mol_l,STL_FULL,full,ICx_Feeding,3,3,0,0.4452743918628445,0.6313554105226413,0.05251028408309477,DEFINED,16cea60112d9e4e1480a4407
W00,S_SOURCE,neg_log10_mol_l,STL_FULL,full,ICx_GeneticDamage,5,5,0,1.5587387035287288,1.9583369634507504,0.08207434329561702,DEFINED,16cea60112d9e4e1480a4407
W00,S_SOURCE,neg_log10_mol_l,STL_FULL,full,ICx_Growth,110,110,0,0.8608652753420932,1.3219919319617524,0.61746113182396,DEFINED,16cea60112d9e4e1480a4407
W00,S_SOURCE,neg_log10_mol_l,STL_FULL,full,ICx_Immobilization,77,77,0,0.3905998043180757,0.44626011053365894,-1.520769922322076,DEFINED,16cea60112d9e4e1480a4407
W00,S_SOURCE,neg_log10_mol_l,STL_FULL,full,ICx_Morphology,2,2,0,1.5039074197513789,1.8708786884030106,-0.5615783280947884,DEFINED,16cea60112d9e4e1480a4407
W00,S_SOURCE,neg_log10_mol_l,STL_FULL,full,ICx_Mortality,23,23,0,1.0742085585845198,1.5824725813539593,-0.16713339106640168,DEFINED,16cea60112d9e4e1480a4407
W00,S_SOURCE,neg_log10_mol_l,STL_FULL,full,ICx_Physiology,164,164,0,0.7200218393827239,1.077152030948225,0.7625043867798147,DEFINED,16cea60112d9e4e1480a4407
W00,S_SOURCE,neg_log10_mol_l,STL_FULL,full,ICx_Population,289,289,0,0.7674344935784302,0.9816715299993257,0.6937706579782364,DEFINED,16cea60112d9e4e1480a4407
W00,S_SOURCE,neg_log10_mol_l,STL_FULL,full,ICx_Reproduction,66,66,0,0.8417316854450316,1.2533016268434136,0.6796717446923681,DEFINED,16cea60112d9e4e1480a4407
W00,S_SOURCE,neg_log10_mol_l,STL_FULL,full,LDx_Injury,5,5,0,0.3597650721227533,0.42895646749749583,0.6892381695743888,DEFINED,16cea60112d9e4e1480a4407
W00,S_SOURCE,neg_log10_mol_l,STL_FULL,full,LDx_Mortality,239,239,0,0.7201214220106881,0.9562442344672004,0.5194803853154238,DEFINED,16cea60112d9e4e1480a4407
W00,S_SOURCE,neg_log10_mol_l,STL_FULL,full,LDx_Physiology,8,8,0,0.4046255418542903,0.5673919383820225,-0.42707300339294596,DEFINED,16cea60112d9e4e1480a4407
W00,S_SOURCE,neg_log10_mol_l,STL_FULL,full,LDx_Reproduction,1,1,0,0.24542609672706472,0.24542609672706472,,N_LT_2,16cea60112d9e4e1480a4407
W00,S_SOURCE,neg_log10_mol_l,STL_FULL,full,LOEC_Accumulation,45,45,0,1.3681778275199885,1.7084253112498855,0.3709693185759555,DEFINED,16cea60112d9e4e1480a4407
W00,S_SOURCE,neg_log10_mol_l,STL_FULL,full,LOEC_Behavior,332,332,0,0.9578892075791473,1.2789843535926888,0.45668866312520007,DEFINED,16cea60112d9e4e1480a4407
W00,S_SOURCE,neg_log10_mol_l,STL_FULL,full,LOEC_Biochemical,1314,1314,0,1.0035564600555409,1.3040531018764723,0.5416715983679814,DEFINED,16cea60112d9e4e1480a4407
W00,S_SOURCE,neg_log10_mol_l,STL_FULL,full,LOEC_Development,422,422,0,1.1273435932473286,1.4416145912343183,0.4834842675272265,DEFINED,16cea60112d9e4e1480a4407
W00,S_SOURCE,neg_log10_mol_l,STL_FULL,full,LOEC_Feeding,30,30,0,0.4878727419049466,0.615056096079172,0.25680042963261596,DEFINED,16cea60112d9e4e1480a4407
W00,S_SOURCE,neg_log10_mol_l,STL_FULL,full,LOEC_GeneticDamage,857,857,0,1.0106738991021296,1.336012245683078,0.4978678201357192,DEFINED,16cea60112d9e4e1480a4407
W00,S_SOURCE,neg_log10_mol_l,STL_FULL,full,LOEC_Growth,853,853,0,0.9523725282998048,1.2619198643448784,0.5827157972778396,DEFINED,16cea60112d9e4e1480a4407
W00,S_SOURCE,neg_log10_mol_l,STL_FULL,full,LOEC_Immobilization,61,61,0,0.9714357015711333,1.3348251023602067,0.522801115703948,DEFINED,16cea60112d9e4e1480a4407
W00,S_SOURCE,neg_log10_mol_l,STL_FULL,full,LOEC_Injury,113,113,0,1.1091264557202611,1.4485808443173258,0.4926420023876882,DEFINED,16cea60112d9e4e1480a4407
W00,S_SOURCE,neg_log10_mol_l,STL_FULL,full,LOEC_Molting,24,24,0,1.047498595336431,1.4096630685202864,0.44447566836055585,DEFINED,16cea60112d9e4e1480a4407
W00,S_SOURCE,neg_log10_mol_l,STL_FULL,full,LOEC_Morphology,168,168,0,1.015051347959234,1.3252163375892567,0.5558524363531298,DEFINED,16cea60112d9e4e1480a4407
W00,S_SOURCE,neg_log10_mol_l,STL_FULL,full,LOEC_Mortality,831,831,0,0.9439331204383471,1.280655021312299,0.5967504618806966,DEFINED,16cea60112d9e4e1480a4407
W00,S_SOURCE,neg_log10_mol_l,STL_FULL,full,LOEC_Physiology,721,721,0,1.0206592293538121,1.3174312030686735,0.5285932535244542,DEFINED,16cea60112d9e4e1480a4407
W00,S_SOURCE,neg_log10_mol_l,STL_FULL,full,LOEC_Population,936,936,0,0.8357960213384518,1.1226565160208366,0.6885747219684692,DEFINED,16cea60112d9e4e1480a4407
W00,S_SOURCE,neg_log10_mol_l,STL_FULL,full,LOEC_Reproduction,495,495,0,1.0003920575203025,1.3205999614241146,0.5562600346587495,DEFINED,16cea60112d9e4e1480a4407
W00,S_SOURCE,neg_log10_mol_l,STL_FULL,full,MATC_Behavior,2,2,0,0.8824079623014169,0.9361640001144503,-2.8015034444153675,DEFINED,16cea60112d9e4e1480a4407
W00,S_SOURCE,neg_log10_mol_l,STL_FULL,full,MATC_Biochemical,6,6,0,0.8341576135232399,1.1013979514391354,-0.08431874617519575,DEFINED,16cea60112d9e4e1480a4407
W00,S_SOURCE,neg_log10_mol_l,STL_FULL,full,MATC_Development,17,17,0,0.29339184464432544,0.367318988142208,0.5374961951815486,DEFINED,16cea60112d9e4e1480a4407
W00,S_SOURCE,neg_log10_mol_l,STL_FULL,full,MATC_Growth,56,56,0,1.127197391800151,1.5015163759297379,0.5177043758306081,DEFINED,16cea60112d9e4e1480a4407
W00,S_SOURCE,neg_log10_mol_l,STL_FULL,full,MATC_Immobilization,3,3,0,0.20307853370993692,0.22624468804485323,-0.4431467262143105,DEFINED,16cea60112d9e4e1480a4407
W00,S_SOURCE,neg_log10_mol_l,STL_FULL,full,MATC_Molting,7,7,0,0.34649427011477296,0.4446839535647322,0.6875705051185936,DEFINED,16cea60112d9e4e1480a4407
W00,S_SOURCE,neg_log10_mol_l,STL_FULL,full,MATC_Mortality,92,92,0,0.8397590898355586,1.0781384510222807,0.6457524538324092,DEFINED,16cea60112d9e4e1480a4407
W00,S_SOURCE,neg_log10_mol_l,STL_FULL,full,MATC_Physiology,3,3,0,1.666690336881209,1.9028468474026712,0.029136610544658104,DEFINED,16cea60112d9e4e1480a4407
W00,S_SOURCE,neg_log10_mol_l,STL_FULL,full,MATC_Population,22,22,0,0.4775271370313567,0.538307480425523,0.7541867414772349,DEFINED,16cea60112d9e4e1480a4407
W00,S_SOURCE,neg_log10_mol_l,STL_FULL,full,MATC_Reproduction,37,37,0,0.9417685316791757,1.1845895751574793,0.3575622052316699,DEFINED,16cea60112d9e4e1480a4407
W00,S_SOURCE,neg_log10_mol_l,STL_FULL,full,NOEC_Accumulation,30,30,0,0.9952651824725198,1.4462228811117976,0.3898043641496497,DEFINED,16cea60112d9e4e1480a4407
W00,S_SOURCE,neg_log10_mol_l,STL_FULL,full,NOEC_Behavior,434,434,0,0.9440145087952312,1.2338619971752323,0.4410918677403063,DEFINED,16cea60112d9e4e1480a4407
W00,S_SOURCE,neg_log10_mol_l,STL_FULL,full,NOEC_Biochemical,1258,1258,0,1.0231567536809731,1.292486069080818,0.5600077014657299,DEFINED,16cea60112d9e4e1480a4407
W00,S_SOURCE,neg_log10_mol_l,STL_FULL,full,NOEC_Development,593,593,0,0.9748371389100723,1.2796845733841338,0.591038193666493,DEFINED,16cea60112d9e4e1480a4407
W00,S_SOURCE,neg_log10_mol_l,STL_FULL,full,NOEC_Feeding,71,71,0,0.9626043785332846,1.2827251224883016,0.6668246201705796,DEFINED,16cea60112d9e4e1480a4407
W00,S_SOURCE,neg_log10_mol_l,STL_FULL,full,NOEC_GeneticDamage,838,838,0,1.0330624829070165,1.3699016605210543,0.45969791903145774,DEFINED,16cea60112d9e4e1480a4407
W00,S_SOURCE,neg_log10_mol_l,STL_FULL,full,NOEC_Growth,1168,1168,0,0.9150057001173563,1.2106201222981807,0.5602839699803901,DEFINED,16cea60112d9e4e1480a4407
W00,S_SOURCE,neg_log10_mol_l,STL_FULL,full,NOEC_Immobilization,275,275,0,0.936781341760335,1.2327469080837679,0.562030493237105,DEFINED,16cea60112d9e4e1480a4407
W00,S_SOURCE,neg_log10_mol_l,STL_FULL,full,NOEC_Injury,155,155,0,1.1253880223362502,1.4501450394446216,0.512617357857363,DEFINED,16cea60112d9e4e1480a4407
W00,S_SOURCE,neg_log10_mol_l,STL_FULL,full,NOEC_Molting,47,47,0,0.8017028087637583,1.0886206752958874,0.5363099598971779,DEFINED,16cea60112d9e4e1480a4407
W00,S_SOURCE,neg_log10_mol_l,STL_FULL,full,NOEC_Morphology,281,281,0,0.9920627151079475,1.2806976516537378,0.5743203014720379,DEFINED,16cea60112d9e4e1480a4407
W00,S_SOURCE,neg_log10_mol_l,STL_FULL,full,NOEC_Mortality,1793,1793,0,0.8248794738078151,1.0998029379911705,0.6542087856066261,DEFINED,16cea60112d9e4e1480a4407
W00,S_SOURCE,neg_log10_mol_l,STL_FULL,full,NOEC_Physiology,798,798,0,0.9338502309666626,1.2279672475113463,0.5664593975160561,DEFINED,16cea60112d9e4e1480a4407
W00,S_SOURCE,neg_log10_mol_l,STL_FULL,full,NOEC_Population,1386,1386,0,0.8189325010136437,1.095106120772836,0.6072843849714656,DEFINED,16cea60112d9e4e1480a4407
W00,S_SOURCE,neg_log10_mol_l,STL_FULL,full,NOEC_Reproduction,620,620,0,1.0168807848139336,1.334881422972102,0.555901953959347,DEFINED,16cea60112d9e4e1480a4407
W00,S_SOURCE,neg_log10_mol_l,STL_FULL,locked_common,ACx_Development,59,59,0,1.5942986991025077,1.987063838984579,-0.1500908175329687,DEFINED,16cea60112d9e4e1480a4407
W00,S_SOURCE,neg_log10_mol_l,STL_FULL,locked_common,ACx_Growth,1,1,0,0.4036885432508157,0.4036885432508157,,N_LT_2,16cea60112d9e4e1480a4407
W00,S_SOURCE,neg_log10_mol_l,STL_FULL,locked_common,ACx_Immobilization,34,34,0,1.537644425493992,1.8510478698797264,-0.08191930977510209,DEFINED,16cea60112d9e4e1480a4407
W00,S_SOURCE,neg_log10_mol_l,STL_FULL,locked_common,ACx_Injury,69,69,0,1.3840459349147136,1.7031439126505865,-0.033010382516546644,DEFINED,16cea60112d9e4e1480a4407
W00,S_SOURCE,neg_log10_mol_l,STL_FULL,locked_common,ACx_Molting,100,100,0,0.8963185347490972,1.1598478140943225,-0.07252074896688065,DEFINED,16cea60112d9e4e1480a4407
W00,S_SOURCE,neg_log10_mol_l,STL_FULL,locked_common,ACx_Mortality,61,61,0,1.110209126508845,1.412076176811931,0.377827924743262,DEFINED,16cea60112d9e4e1480a4407
W00,S_SOURCE,neg_log10_mol_l,STL_FULL,locked_common,ACx_Physiology,74,74,0,1.5708570936292774,1.8894992698747508,-0.06926898482455845,DEFINED,16cea60112d9e4e1480a4407
W00,S_SOURCE,neg_log10_mol_l,STL_FULL,locked_common,BMCx_Behavior,1,1,0,0.11444577812844692,0.11444577812844692,,N_LT_2,16cea60112d9e4e1480a4407
W00,S_SOURCE,neg_log10_mol_l,STL_FULL,locked_common,BMCx_Biochemical,2,2,0,0.19591517907617728,0.21479010748031294,-4.951315092671644,DEFINED,16cea60112d9e4e1480a4407
W00,S_SOURCE,neg_log10_mol_l,STL_FULL,locked_common,BMCx_Development,8,8,0,0.9453514259569579,1.1830502586288205,0.03508181494798357,DEFINED,16cea60112d9e4e1480a4407
W00,S_SOURCE,neg_log10_mol_l,STL_FULL,locked_common,BMCx_Immobilization,3,3,0,0.6770638771266023,0.6954818756432796,-0.021407158234809653,DEFINED,16cea60112d9e4e1480a4407
W00,S_SOURCE,neg_log10_mol_l,STL_FULL,locked_common,BMCx_Injury,10,10,0,0.6124387122678584,0.9236836255779177,-0.5678818327919377,DEFINED,16cea60112d9e4e1480a4407
W00,S_SOURCE,neg_log10_mol_l,STL_FULL,locked_common,BMCx_Molting,18,18,0,0.5480273132809155,0.6525715433029161,0.020791661419429786,DEFINED,16cea60112d9e4e1480a4407
W00,S_SOURCE,neg_log10_mol_l,STL_FULL,locked_common,BMCx_Mortality,8,8,0,0.2611887343404806,0.34883412459963037,0.35239419038833064,DEFINED,16cea60112d9e4e1480a4407
W00,S_SOURCE,neg_log10_mol_l,STL_FULL,locked_common,BMCx_Physiology,7,7,0,0.6936059897222906,0.7850042378885828,0.022260583553625035,DEFINED,16cea60112d9e4e1480a4407
W00,S_SOURCE,neg_log10_mol_l,STL_FULL,locked_common,BMDx_Behavior,34,34,0,1.8581238778106783,2.2629927502849854,0.025187274025180506,DEFINED,16cea60112d9e4e1480a4407
W00,S_SOURCE,neg_log10_mol_l,STL_FULL,locked_common,BMDx_Development,47,47,0,1.0207704044825294,1.3865646157944513,-0.020446161380849315,DEFINED,16cea60112d9e4e1480a4407
W00,S_SOURCE,neg_log10_mol_l,STL_FULL,locked_common,BMDx_Immobilization,9,9,0,0.3964609353769947,0.831288962595631,-0.2752195325115643,DEFINED,16cea60112d9e4e1480a4407
W00,S_SOURCE,neg_log10_mol_l,STL_FULL,locked_common,BMDx_Injury,13,13,0,1.4848416359155816,1.6019945532143403,-0.17365140452113015,DEFINED,16cea60112d9e4e1480a4407
W00,S_SOURCE,neg_log10_mol_l,STL_FULL,locked_common,BMDx_Morphology,6,6,0,0.3962747979242149,0.49992067548576985,-0.11675661040053975,DEFINED,16cea60112d9e4e1480a4407
W00,S_SOURCE,neg_log10_mol_l,STL_FULL,locked_common,BMDx_Mortality,16,16,0,1.4675484744969816,1.5995146444223705,-0.33150236850824566,DEFINED,16cea60112d9e4e1480a4407
W00,S_SOURCE,neg_log10_mol_l,STL_FULL,locked_common,BMDx_Physiology,10,10,0,0.7075246116201082,0.8839764544655384,0.44129939357055925,DEFINED,16cea60112d9e4e1480a4407
W00,S_SOURCE,neg_log10_mol_l,STL_FULL,locked_common,ECx_Behavior,492,492,0,0.6058240067527406,0.8494923819141715,0.8122770697411048,DEFINED,16cea60112d9e4e1480a4407
W00,S_SOURCE,neg_log10_mol_l,STL_FULL,locked_common,ECx_Biochemical,240,240,0,0.8788476437642522,1.1653251232138266,0.6869771393360072,DEFINED,16cea60112d9e4e1480a4407
W00,S_SOURCE,neg_log10_mol_l,STL_FULL,locked_common,ECx_Development,504,504,0,0.8784695763375763,1.146171868067518,0.7030209359179302,DEFINED,16cea60112d9e4e1480a4407
W00,S_SOURCE,neg_log10_mol_l,STL_FULL,locked_common,ECx_Feeding,40,40,0,0.9395215563390922,1.5068526734546608,0.28581619307420825,DEFINED,16cea60112d9e4e1480a4407
W00,S_SOURCE,neg_log10_mol_l,STL_FULL,locked_common,ECx_GeneticDamage,47,47,0,1.0306436752790564,1.2902709854827337,0.567143964603225,DEFINED,16cea60112d9e4e1480a4407
W00,S_SOURCE,neg_log10_mol_l,STL_FULL,locked_common,ECx_Growth,725,725,0,0.8506496794287036,1.3818806194176276,0.4129616699710099,DEFINED,16cea60112d9e4e1480a4407
W00,S_SOURCE,neg_log10_mol_l,STL_FULL,locked_common,ECx_Immobilization,1566,1566,0,0.7325953320959718,1.005062149901309,0.7838242997667375,DEFINED,16cea60112d9e4e1480a4407
W00,S_SOURCE,neg_log10_mol_l,STL_FULL,locked_common,ECx_Injury,65,65,0,0.7538737834296108,1.0472041189420385,0.6717638578737906,DEFINED,16cea60112d9e4e1480a4407
W00,S_SOURCE,neg_log10_mol_l,STL_FULL,locked_common,ECx_Molting,182,182,0,0.7686938913699513,0.9779638080883151,0.6541617040721823,DEFINED,16cea60112d9e4e1480a4407
W00,S_SOURCE,neg_log10_mol_l,STL_FULL,locked_common,ECx_Morphology,49,49,0,0.7702533741318168,1.0502849189543615,0.5612993588442866,DEFINED,16cea60112d9e4e1480a4407
W00,S_SOURCE,neg_log10_mol_l,STL_FULL,locked_common,ECx_Mortality,14822,14822,0,0.6578812912501508,0.9258600084249412,0.765606971438094,DEFINED,16cea60112d9e4e1480a4407
W00,S_SOURCE,neg_log10_mol_l,STL_FULL,locked_common,ECx_Physiology,447,447,0,0.8047669790066901,1.128885078606366,0.6489145667073257,DEFINED,16cea60112d9e4e1480a4407
W00,S_SOURCE,neg_log10_mol_l,STL_FULL,locked_common,ECx_Population,2104,2104,0,0.7125425200256753,0.9916286166576587,0.6701673896801441,DEFINED,16cea60112d9e4e1480a4407
W00,S_SOURCE,neg_log10_mol_l,STL_FULL,locked_common,ECx_Reproduction,208,208,0,0.8487549538961188,1.1007228852305002,0.5318300561474641,DEFINED,16cea60112d9e4e1480a4407
W00,S_SOURCE,neg_log10_mol_l,STL_FULL,locked_common,EDx_Development,5,5,0,0.4158122027595018,0.4833063337258736,0.38548599932002026,DEFINED,16cea60112d9e4e1480a4407
W00,S_SOURCE,neg_log10_mol_l,STL_FULL,locked_common,EDx_Growth,2,2,0,0.9588115559413843,1.0117312580567859,-0.024829578295457955,DEFINED,16cea60112d9e4e1480a4407
W00,S_SOURCE,neg_log10_mol_l,STL_FULL,locked_common,EDx_Molting,3,3,0,0.41614603315248583,0.5077191316260874,0.32048169726385256,DEFINED,16cea60112d9e4e1480a4407
W00,S_SOURCE,neg_log10_mol_l,STL_FULL,locked_common,EDx_Physiology,2,2,0,0.37531138532316555,0.46893829064282466,0.259887656513467,DEFINED,16cea60112d9e4e1480a4407
W00,S_SOURCE,neg_log10_mol_l,STL_FULL,locked_common,EDx_Population,2,2,0,0.17648651668318172,0.17852368573040883,-43.06804518313296,DEFINED,16cea60112d9e4e1480a4407
W00,S_SOURCE,neg_log10_mol_l,STL_FULL,locked_common,EDx_Reproduction,1,1,0,0.2904423611501601,0.2904423611501601,,N_LT_2,16cea60112d9e4e1480a4407
W00,S_SOURCE,neg_log10_mol_l,STL_FULL,locked_common,ICx_Behavior,3,3,0,1.983617670288026,2.8116887103821315,-27.04908366847185,DEFINED,16cea60112d9e4e1480a4407
W00,S_SOURCE,neg_log10_mol_l,STL_FULL,locked_common,ICx_Biochemical,171,171,0,0.9975887472771141,1.2711547675029626,0.3230917971776176,DEFINED,16cea60112d9e4e1480a4407
W00,S_SOURCE,neg_log10_mol_l,STL_FULL,locked_common,ICx_Development,29,29,0,1.222115669508564,1.4007038966120728,0.2846970917946605,DEFINED,16cea60112d9e4e1480a4407
W00,S_SOURCE,neg_log10_mol_l,STL_FULL,locked_common,ICx_Feeding,3,3,0,0.4452743918628445,0.6313554105226413,0.05251028408309477,DEFINED,16cea60112d9e4e1480a4407
W00,S_SOURCE,neg_log10_mol_l,STL_FULL,locked_common,ICx_GeneticDamage,5,5,0,1.5587387035287288,1.9583369634507504,0.08207434329561702,DEFINED,16cea60112d9e4e1480a4407
W00,S_SOURCE,neg_log10_mol_l,STL_FULL,locked_common,ICx_Growth,110,110,0,0.8608652753420932,1.3219919319617524,0.61746113182396,DEFINED,16cea60112d9e4e1480a4407
W00,S_SOURCE,neg_log10_mol_l,STL_FULL,locked_common,ICx_Immobilization,77,77,0,0.3905998043180757,0.44626011053365894,-1.520769922322076,DEFINED,16cea60112d9e4e1480a4407
W00,S_SOURCE,neg_log10_mol_l,STL_FULL,locked_common,ICx_Morphology,2,2,0,1.5039074197513789,1.8708786884030106,-0.5615783280947884,DEFINED,16cea60112d9e4e1480a4407
W00,S_SOURCE,neg_log10_mol_l,STL_FULL,locked_common,ICx_Mortality,23,23,0,1.0742085585845198,1.5824725813539593,-0.16713339106640168,DEFINED,16cea60112d9e4e1480a4407
W00,S_SOURCE,neg_log10_mol_l,STL_FULL,locked_common,ICx_Physiology,164,164,0,0.7200218393827239,1.077152030948225,0.7625043867798147,DEFINED,16cea60112d9e4e1480a4407
W00,S_SOURCE,neg_log10_mol_l,STL_FULL,locked_common,ICx_Population,289,289,0,0.7674344935784302,0.9816715299993257,0.6937706579782364,DEFINED,16cea60112d9e4e1480a4407
W00,S_SOURCE,neg_log10_mol_l,STL_FULL,locked_common,ICx_Reproduction,66,66,0,0.8417316854450316,1.2533016268434136,0.6796717446923681,DEFINED,16cea60112d9e4e1480a4407
W00,S_SOURCE,neg_log10_mol_l,STL_FULL,locked_common,LDx_Injury,5,5,0,0.3597650721227533,0.42895646749749583,0.6892381695743888,DEFINED,16cea60112d9e4e1480a4407
W00,S_SOURCE,neg_log10_mol_l,STL_FULL,locked_common,LDx_Mortality,239,239,0,0.7201214220106881,0.9562442344672004,0.5194803853154238,DEFINED,16cea60112d9e4e1480a4407
W00,S_SOURCE,neg_log10_mol_l,STL_FULL,locked_common,LDx_Physiology,8,8,0,0.4046255418542903,0.5673919383820225,-0.42707300339294596,DEFINED,16cea60112d9e4e1480a4407
W00,S_SOURCE,neg_log10_mol_l,STL_FULL,locked_common,LDx_Reproduction,1,1,0,0.24542609672706472,0.24542609672706472,,N_LT_2,16cea60112d9e4e1480a4407
W00,S_SOURCE,neg_log10_mol_l,STL_FULL,locked_common,LOEC_Accumulation,45,45,0,1.3681778275199885,1.7084253112498855,0.3709693185759555,DEFINED,16cea60112d9e4e1480a4407
W00,S_SOURCE,neg_log10_mol_l,STL_FULL,locked_common,LOEC_Behavior,332,332,0,0.9578892075791473,1.2789843535926888,0.45668866312520007,DEFINED,16cea60112d9e4e1480a4407
W00,S_SOURCE,neg_log10_mol_l,STL_FULL,locked_common,LOEC_Biochemical,1314,1314,0,1.0035564600555409,1.3040531018764723,0.5416715983679814,DEFINED,16cea60112d9e4e1480a4407
W00,S_SOURCE,neg_log10_mol_l,STL_FULL,locked_common,LOEC_Development,422,422,0,1.1273435932473286,1.4416145912343183,0.4834842675272265,DEFINED,16cea60112d9e4e1480a4407
W00,S_SOURCE,neg_log10_mol_l,STL_FULL,locked_common,LOEC_Feeding,30,30,0,0.4878727419049466,0.615056096079172,0.25680042963261596,DEFINED,16cea60112d9e4e1480a4407
W00,S_SOURCE,neg_log10_mol_l,STL_FULL,locked_common,LOEC_GeneticDamage,857,857,0,1.0106738991021296,1.336012245683078,0.4978678201357192,DEFINED,16cea60112d9e4e1480a4407
W00,S_SOURCE,neg_log10_mol_l,STL_FULL,locked_common,LOEC_Growth,853,853,0,0.9523725282998048,1.2619198643448784,0.5827157972778396,DEFINED,16cea60112d9e4e1480a4407
W00,S_SOURCE,neg_log10_mol_l,STL_FULL,locked_common,LOEC_Immobilization,61,61,0,0.9714357015711333,1.3348251023602067,0.522801115703948,DEFINED,16cea60112d9e4e1480a4407
W00,S_SOURCE,neg_log10_mol_l,STL_FULL,locked_common,LOEC_Injury,113,113,0,1.1091264557202611,1.4485808443173258,0.4926420023876882,DEFINED,16cea60112d9e4e1480a4407
W00,S_SOURCE,neg_log10_mol_l,STL_FULL,locked_common,LOEC_Molting,24,24,0,1.047498595336431,1.4096630685202864,0.44447566836055585,DEFINED,16cea60112d9e4e1480a4407
W00,S_SOURCE,neg_log10_mol_l,STL_FULL,locked_common,LOEC_Morphology,168,168,0,1.015051347959234,1.3252163375892567,0.5558524363531298,DEFINED,16cea60112d9e4e1480a4407
W00,S_SOURCE,neg_log10_mol_l,STL_FULL,locked_common,LOEC_Mortality,831,831,0,0.9439331204383471,1.280655021312299,0.5967504618806966,DEFINED,16cea60112d9e4e1480a4407
W00,S_SOURCE,neg_log10_mol_l,STL_FULL,locked_common,LOEC_Physiology,721,721,0,1.0206592293538121,1.3174312030686735,0.5285932535244542,DEFINED,16cea60112d9e4e1480a4407
W00,S_SOURCE,neg_log10_mol_l,STL_FULL,locked_common,LOEC_Population,936,936,0,0.8357960213384518,1.1226565160208366,0.6885747219684692,DEFINED,16cea60112d9e4e1480a4407
W00,S_SOURCE,neg_log10_mol_l,STL_FULL,locked_common,LOEC_Reproduction,495,495,0,1.0003920575203025,1.3205999614241146,0.5562600346587495,DEFINED,16cea60112d9e4e1480a4407
W00,S_SOURCE,neg_log10_mol_l,STL_FULL,locked_common,MATC_Behavior,2,2,0,0.8824079623014169,0.9361640001144503,-2.8015034444153675,DEFINED,16cea60112d9e4e1480a4407
W00,S_SOURCE,neg_log10_mol_l,STL_FULL,locked_common,MATC_Biochemical,6,6,0,0.8341576135232399,1.1013979514391354,-0.08431874617519575,DEFINED,16cea60112d9e4e1480a4407
W00,S_SOURCE,neg_log10_mol_l,STL_FULL,locked_common,MATC_Development,17,17,0,0.29339184464432544,0.367318988142208,0.5374961951815486,DEFINED,16cea60112d9e4e1480a4407
W00,S_SOURCE,neg_log10_mol_l,STL_FULL,locked_common,MATC_Growth,56,56,0,1.127197391800151,1.5015163759297379,0.5177043758306081,DEFINED,16cea60112d9e4e1480a4407
W00,S_SOURCE,neg_log10_mol_l,STL_FULL,locked_common,MATC_Immobilization,3,3,0,0.20307853370993692,0.22624468804485323,-0.4431467262143105,DEFINED,16cea60112d9e4e1480a4407
W00,S_SOURCE,neg_log10_mol_l,STL_FULL,locked_common,MATC_Molting,7,7,0,0.34649427011477296,0.4446839535647322,0.6875705051185936,DEFINED,16cea60112d9e4e1480a4407
W00,S_SOURCE,neg_log10_mol_l,STL_FULL,locked_common,MATC_Mortality,92,92,0,0.8397590898355586,1.0781384510222807,0.6457524538324092,DEFINED,16cea60112d9e4e1480a4407
W00,S_SOURCE,neg_log10_mol_l,STL_FULL,locked_common,MATC_Physiology,3,3,0,1.666690336881209,1.9028468474026712,0.029136610544658104,DEFINED,16cea60112d9e4e1480a4407
W00,S_SOURCE,neg_log10_mol_l,STL_FULL,locked_common,MATC_Population,22,22,0,0.4775271370313567,0.538307480425523,0.7541867414772349,DEFINED,16cea60112d9e4e1480a4407
W00,S_SOURCE,neg_log10_mol_l,STL_FULL,locked_common,MATC_Reproduction,37,37,0,0.9417685316791757,1.1845895751574793,0.3575622052316699,DEFINED,16cea60112d9e4e1480a4407
W00,S_SOURCE,neg_log10_mol_l,STL_FULL,locked_common,NOEC_Accumulation,30,30,0,0.9952651824725198,1.4462228811117976,0.3898043641496497,DEFINED,16cea60112d9e4e1480a4407
W00,S_SOURCE,neg_log10_mol_l,STL_FULL,locked_common,NOEC_Behavior,434,434,0,0.9440145087952312,1.2338619971752323,0.4410918677403063,DEFINED,16cea60112d9e4e1480a4407
W00,S_SOURCE,neg_log10_mol_l,STL_FULL,locked_common,NOEC_Biochemical,1258,1258,0,1.0231567536809731,1.292486069080818,0.5600077014657299,DEFINED,16cea60112d9e4e1480a4407
W00,S_SOURCE,neg_log10_mol_l,STL_FULL,locked_common,NOEC_Development,593,593,0,0.9748371389100723,1.2796845733841338,0.591038193666493,DEFINED,16cea60112d9e4e1480a4407
W00,S_SOURCE,neg_log10_mol_l,STL_FULL,locked_common,NOEC_Feeding,71,71,0,0.9626043785332846,1.2827251224883016,0.6668246201705796,DEFINED,16cea60112d9e4e1480a4407
W00,S_SOURCE,neg_log10_mol_l,STL_FULL,locked_common,NOEC_GeneticDamage,838,838,0,1.0330624829070165,1.3699016605210543,0.45969791903145774,DEFINED,16cea60112d9e4e1480a4407
W00,S_SOURCE,neg_log10_mol_l,STL_FULL,locked_common,NOEC_Growth,1168,1168,0,0.9150057001173563,1.2106201222981807,0.5602839699803901,DEFINED,16cea60112d9e4e1480a4407
W00,S_SOURCE,neg_log10_mol_l,STL_FULL,locked_common,NOEC_Immobilization,275,275,0,0.936781341760335,1.2327469080837679,0.562030493237105,DEFINED,16cea60112d9e4e1480a4407
W00,S_SOURCE,neg_log10_mol_l,STL_FULL,locked_common,NOEC_Injury,155,155,0,1.1253880223362502,1.4501450394446216,0.512617357857363,DEFINED,16cea60112d9e4e1480a4407
W00,S_SOURCE,neg_log10_mol_l,STL_FULL,locked_common,NOEC_Molting,47,47,0,0.8017028087637583,1.0886206752958874,0.5363099598971779,DEFINED,16cea60112d9e4e1480a4407
W00,S_SOURCE,neg_log10_mol_l,STL_FULL,locked_common,NOEC_Morphology,281,281,0,0.9920627151079475,1.2806976516537378,0.5743203014720379,DEFINED,16cea60112d9e4e1480a4407
W00,S_SOURCE,neg_log10_mol_l,STL_FULL,locked_common,NOEC_Mortality,1793,1793,0,0.8248794738078151,1.0998029379911705,0.6542087856066261,DEFINED,16cea60112d9e4e1480a4407
W00,S_SOURCE,neg_log10_mol_l,STL_FULL,locked_common,NOEC_Physiology,798,798,0,0.9338502309666626,1.2279672475113463,0.5664593975160561,DEFINED,16cea60112d9e4e1480a4407
W00,S_SOURCE,neg_log10_mol_l,STL_FULL,locked_common,NOEC_Population,1386,1386,0,0.8189325010136437,1.095106120772836,0.6072843849714656,DEFINED,16cea60112d9e4e1480a4407
W00,S_SOURCE,neg_log10_mol_l,STL_FULL,locked_common,NOEC_Reproduction,620,620,0,1.0168807848139336,1.334881422972102,0.555901953959347,DEFINED,16cea60112d9e4e1480a4407
