route,split_id,target_scale,model,cohort_scope,model_head,n_cohort,n_predicted,n_unestimated,mae,rmse,r2,r2_status,source_run_id,family
M00,S3_PARENT,neg_log10_mol_kg,E30_C0,locked_common,ECx_Growth,232,232,0,0.692873651185573,0.9542244089546742,0.3695575773662677,DEFINED,8758bd83a729e82386c36de8,E30
M00,S3_PARENT,neg_log10_mol_kg,E30_C0,locked_common,ECx_Mortality,234,234,0,0.6566082346574136,0.8841773480046456,0.294929455582439,DEFINED,8758bd83a729e82386c36de8,E30
M00,S3_PARENT,neg_log10_mol_kg,E30_C0,locked_common,ECx_Reproduction,156,156,0,0.7460753421045734,1.0198343888716157,0.36394698233563627,DEFINED,8758bd83a729e82386c36de8,E30
M00,S3_PARENT,neg_log10_mol_kg,E30_C0,locked_common,LOEC_Biochemical,132,132,0,1.1098243090175712,1.324703967432221,-0.0811020023993696,DEFINED,8758bd83a729e82386c36de8,E30
M00,S3_PARENT,neg_log10_mol_kg,E30_C0,locked_common,LOEC_GeneticDamage,35,35,0,1.0659322357703684,1.2361979524792057,0.13540848244390147,DEFINED,8758bd83a729e82386c36de8,E30
M00,S3_PARENT,neg_log10_mol_kg,E30_C0,locked_common,LOEC_Growth,216,216,0,0.8677948110493806,1.0965217631965036,0.20929180775609468,DEFINED,8758bd83a729e82386c36de8,E30
M00,S3_PARENT,neg_log10_mol_kg,E30_C0,locked_common,LOEC_Mortality,39,39,0,0.8352299368250954,1.189400886372015,0.43014566708267377,DEFINED,8758bd83a729e82386c36de8,E30
M00,S3_PARENT,neg_log10_mol_kg,E30_C0,locked_common,LOEC_Physiology,40,40,0,1.097162938317285,1.3300381057478101,0.07970109382751889,DEFINED,8758bd83a729e82386c36de8,E30
M00,S3_PARENT,neg_log10_mol_kg,E30_C0,locked_common,LOEC_Population,103,103,0,1.0495849495678724,1.2778427844982483,0.25968863813543897,DEFINED,8758bd83a729e82386c36de8,E30
M00,S3_PARENT,neg_log10_mol_kg,E30_C0,locked_common,LOEC_Reproduction,123,123,0,0.7763000825831265,1.0422256896318705,0.33650511370754776,DEFINED,8758bd83a729e82386c36de8,E30
M00,S3_PARENT,neg_log10_mol_kg,E30_C0,locked_common,NOEC_Biochemical,115,115,0,0.9843340631617136,1.2840624320713498,0.17646349343029222,DEFINED,8758bd83a729e82386c36de8,E30
M00,S3_PARENT,neg_log10_mol_kg,E30_C0,locked_common,NOEC_Growth,298,298,0,1.0495674084602458,1.2436781617581631,0.13094615978164825,DEFINED,8758bd83a729e82386c36de8,E30
M00,S3_PARENT,neg_log10_mol_kg,E30_C0,locked_common,NOEC_Mortality,68,68,0,0.9692244699514289,1.251554484852057,0.31240088439454716,DEFINED,8758bd83a729e82386c36de8,E30
M00,S3_PARENT,neg_log10_mol_kg,E30_C0,locked_common,NOEC_Physiology,38,38,0,0.8953026058624184,1.211197301227073,0.19205530769010803,DEFINED,8758bd83a729e82386c36de8,E30
M00,S3_PARENT,neg_log10_mol_kg,E30_C0,locked_common,NOEC_Population,105,105,0,1.1190391954460055,1.404350372982022,0.18818733763928885,DEFINED,8758bd83a729e82386c36de8,E30
M00,S3_PARENT,neg_log10_mol_kg,E30_C0,locked_common,NOEC_Reproduction,150,150,0,0.7777474718496732,1.005131353708813,0.42876236961704595,DEFINED,8758bd83a729e82386c36de8,E30
M00,S3_PARENT,neg_log10_mol_kg,E30_C1,locked_common,ECx_Growth,232,232,0,0.6923587270892821,0.9452229939464754,0.3813956893375404,DEFINED,00362b173c9d21889d75f273,E30
M00,S3_PARENT,neg_log10_mol_kg,E30_C1,locked_common,ECx_Mortality,234,234,0,0.656732783584102,0.8803563305699941,0.301010284348758,DEFINED,00362b173c9d21889d75f273,E30
M00,S3_PARENT,neg_log10_mol_kg,E30_C1,locked_common,ECx_Reproduction,156,156,0,0.7334039930209123,1.015386983044588,0.3694824259090729,DEFINED,00362b173c9d21889d75f273,E30
M00,S3_PARENT,neg_log10_mol_kg,E30_C1,locked_common,LOEC_Biochemical,132,132,0,1.082585307383563,1.2868975723960117,-0.020274332329989653,DEFINED,00362b173c9d21889d75f273,E30
M00,S3_PARENT,neg_log10_mol_kg,E30_C1,locked_common,LOEC_GeneticDamage,35,35,0,1.0544895735091417,1.2174640583745115,0.16141473228415393,DEFINED,00362b173c9d21889d75f273,E30
M00,S3_PARENT,neg_log10_mol_kg,E30_C1,locked_common,LOEC_Growth,216,216,0,0.8774432289580102,1.1082016686070286,0.1923571988884123,DEFINED,00362b173c9d21889d75f273,E30
M00,S3_PARENT,neg_log10_mol_kg,E30_C1,locked_common,LOEC_Mortality,39,39,0,0.8321198824592825,1.1852520830905027,0.4341142031635091,DEFINED,00362b173c9d21889d75f273,E30
M00,S3_PARENT,neg_log10_mol_kg,E30_C1,locked_common,LOEC_Physiology,40,40,0,1.0888518272572862,1.3118610294713513,0.10468388747121637,DEFINED,00362b173c9d21889d75f273,E30
M00,S3_PARENT,neg_log10_mol_kg,E30_C1,locked_common,LOEC_Population,103,103,0,1.0579830384703395,1.2825608554819492,0.2542117676476159,DEFINED,00362b173c9d21889d75f273,E30
M00,S3_PARENT,neg_log10_mol_kg,E30_C1,locked_common,LOEC_Reproduction,123,123,0,0.7753714720708426,1.045983991423293,0.33171131506356133,DEFINED,00362b173c9d21889d75f273,E30
M00,S3_PARENT,neg_log10_mol_kg,E30_C1,locked_common,NOEC_Biochemical,115,115,0,0.966220167619531,1.2730040343455098,0.19058707356648963,DEFINED,00362b173c9d21889d75f273,E30
M00,S3_PARENT,neg_log10_mol_kg,E30_C1,locked_common,NOEC_Growth,298,298,0,1.0541879237327132,1.2452332233564956,0.12877151815394916,DEFINED,00362b173c9d21889d75f273,E30
M00,S3_PARENT,neg_log10_mol_kg,E30_C1,locked_common,NOEC_Mortality,68,68,0,0.9607526223682695,1.2465330983073988,0.317907276108192,DEFINED,00362b173c9d21889d75f273,E30
M00,S3_PARENT,neg_log10_mol_kg,E30_C1,locked_common,NOEC_Physiology,38,38,0,0.9068838638979771,1.2209016006407432,0.1790566872473317,DEFINED,00362b173c9d21889d75f273,E30
M00,S3_PARENT,neg_log10_mol_kg,E30_C1,locked_common,NOEC_Population,105,105,0,1.113186862550307,1.3678566548248445,0.22983097413900377,DEFINED,00362b173c9d21889d75f273,E30
M00,S3_PARENT,neg_log10_mol_kg,E30_C1,locked_common,NOEC_Reproduction,150,150,0,0.7718903095222173,1.002543235830313,0.43170034764291354,DEFINED,00362b173c9d21889d75f273,E30
M00,S3_PARENT,neg_log10_mol_kg,E30_C2,locked_common,ECx_Growth,232,232,0,0.7491167730610245,1.10059662885583,0.16131139474428302,DEFINED,741c23534588f14f8a66eac9,E30
M00,S3_PARENT,neg_log10_mol_kg,E30_C2,locked_common,ECx_Mortality,234,234,0,0.5940289675442841,0.8160027435265114,0.3994667742117086,DEFINED,741c23534588f14f8a66eac9,E30
M00,S3_PARENT,neg_log10_mol_kg,E30_C2,locked_common,ECx_Reproduction,156,156,0,0.8064414882153437,1.0671118634832841,0.3036077824285962,DEFINED,741c23534588f14f8a66eac9,E30
M00,S3_PARENT,neg_log10_mol_kg,E30_C2,locked_common,LOEC_Biochemical,132,132,0,1.0182144922666048,1.2411242657237644,0.05101459927177798,DEFINED,741c23534588f14f8a66eac9,E30
M00,S3_PARENT,neg_log10_mol_kg,E30_C2,locked_common,LOEC_GeneticDamage,35,35,0,1.0856759649304335,1.268166734814496,0.09011261338244414,DEFINED,741c23534588f14f8a66eac9,E30
M00,S3_PARENT,neg_log10_mol_kg,E30_C2,locked_common,LOEC_Growth,216,216,0,0.9591868466511989,1.1464430356562767,0.13565586839928823,DEFINED,741c23534588f14f8a66eac9,E30
M00,S3_PARENT,neg_log10_mol_kg,E30_C2,locked_common,LOEC_Mortality,39,39,0,0.9232464388982177,1.239980076516093,0.38064912784639937,DEFINED,741c23534588f14f8a66eac9,E30
M00,S3_PARENT,neg_log10_mol_kg,E30_C2,locked_common,LOEC_Physiology,40,40,0,1.083603918736672,1.2999293836556498,0.12089599273383633,DEFINED,741c23534588f14f8a66eac9,E30
M00,S3_PARENT,neg_log10_mol_kg,E30_C2,locked_common,LOEC_Population,103,103,0,1.1064333627710947,1.3259223778810607,0.20293128124318327,DEFINED,741c23534588f14f8a66eac9,E30
M00,S3_PARENT,neg_log10_mol_kg,E30_C2,locked_common,LOEC_Reproduction,123,123,0,0.9197668547700147,1.1537573629960785,0.1869017926012716,DEFINED,741c23534588f14f8a66eac9,E30
M00,S3_PARENT,neg_log10_mol_kg,E30_C2,locked_common,NOEC_Biochemical,115,115,0,1.0053587920362461,1.2997292349614056,0.1562450159544907,DEFINED,741c23534588f14f8a66eac9,E30
M00,S3_PARENT,neg_log10_mol_kg,E30_C2,locked_common,NOEC_Growth,298,298,0,1.0440077571825597,1.232259503109329,0.14683109554405482,DEFINED,741c23534588f14f8a66eac9,E30
M00,S3_PARENT,neg_log10_mol_kg,E30_C2,locked_common,NOEC_Mortality,68,68,0,0.940350341668557,1.2206847843093338,0.34590195644004873,DEFINED,741c23534588f14f8a66eac9,E30
M00,S3_PARENT,neg_log10_mol_kg,E30_C2,locked_common,NOEC_Physiology,38,38,0,0.9091610545643277,1.1947264421608919,0.213880091608475,DEFINED,741c23534588f14f8a66eac9,E30
M00,S3_PARENT,neg_log10_mol_kg,E30_C2,locked_common,NOEC_Population,105,105,0,1.1412060167689322,1.4320871145387228,0.15580311104802536,DEFINED,741c23534588f14f8a66eac9,E30
M00,S3_PARENT,neg_log10_mol_kg,E30_C2,locked_common,NOEC_Reproduction,150,150,0,0.8316728401641168,1.0573483682608842,0.3678685953018419,DEFINED,741c23534588f14f8a66eac9,E30
M00,S3_PARENT,neg_log10_mol_kg,E31_A_KEEP,locked_common,ECx_Growth,233,233,0,0.7053415280608338,0.9874718163458321,0.3556738797111897,DEFINED,7899827af17a9bda9a64a691,E31
M00,S3_PARENT,neg_log10_mol_kg,E31_A_KEEP,locked_common,ECx_Mortality,238,238,0,0.6984470500235335,1.0239324996405725,0.2847462245988116,DEFINED,7899827af17a9bda9a64a691,E31
M00,S3_PARENT,neg_log10_mol_kg,E31_A_KEEP,locked_common,ECx_Reproduction,156,156,0,0.7806255600380931,1.0541414095541186,0.32043381454926234,DEFINED,7899827af17a9bda9a64a691,E31
M00,S3_PARENT,neg_log10_mol_kg,E31_A_KEEP,locked_common,LOEC_Biochemical,132,132,0,1.1021751086913094,1.322707169757208,-0.07784525217618166,DEFINED,7899827af17a9bda9a64a691,E31
M00,S3_PARENT,neg_log10_mol_kg,E31_A_KEEP,locked_common,LOEC_GeneticDamage,35,35,0,1.0414369573762727,1.2008406833791527,0.18415864394715742,DEFINED,7899827af17a9bda9a64a691,E31
M00,S3_PARENT,neg_log10_mol_kg,E31_A_KEEP,locked_common,LOEC_Growth,216,216,0,0.8857648636099326,1.1078536610763074,0.19286436586617317,DEFINED,7899827af17a9bda9a64a691,E31
M00,S3_PARENT,neg_log10_mol_kg,E31_A_KEEP,locked_common,LOEC_Mortality,39,39,0,0.8191575769718151,1.1798741213358346,0.43923785214119637,DEFINED,7899827af17a9bda9a64a691,E31
M00,S3_PARENT,neg_log10_mol_kg,E31_A_KEEP,locked_common,LOEC_Physiology,40,40,0,1.0684146078190535,1.2897906859703168,0.1345555220429543,DEFINED,7899827af17a9bda9a64a691,E31
M00,S3_PARENT,neg_log10_mol_kg,E31_A_KEEP,locked_common,LOEC_Population,103,103,0,1.0315084499374068,1.2639260284993488,0.2757260256866261,DEFINED,7899827af17a9bda9a64a691,E31
M00,S3_PARENT,neg_log10_mol_kg,E31_A_KEEP,locked_common,LOEC_Reproduction,123,123,0,0.7776798082805361,1.03380283826307,0.3471859802014887,DEFINED,7899827af17a9bda9a64a691,E31
M00,S3_PARENT,neg_log10_mol_kg,E31_A_KEEP,locked_common,NOEC_Biochemical,115,115,0,0.9783043122205184,1.2919003140341578,0.1663791210897877,DEFINED,7899827af17a9bda9a64a691,E31
M00,S3_PARENT,neg_log10_mol_kg,E31_A_KEEP,locked_common,NOEC_Growth,298,298,0,1.0371466171469625,1.2312786511451994,0.14818876305369533,DEFINED,7899827af17a9bda9a64a691,E31
M00,S3_PARENT,neg_log10_mol_kg,E31_A_KEEP,locked_common,NOEC_Mortality,68,68,0,0.9574512856675093,1.2386645088879014,0.326491352999259,DEFINED,7899827af17a9bda9a64a691,E31
M00,S3_PARENT,neg_log10_mol_kg,E31_A_KEEP,locked_common,NOEC_Physiology,38,38,0,0.9010431814553117,1.2111708536677959,0.19209059167204,DEFINED,7899827af17a9bda9a64a691,E31
M00,S3_PARENT,neg_log10_mol_kg,E31_A_KEEP,locked_common,NOEC_Population,105,105,0,1.1191332880909226,1.4034306804765058,0.18925028255694598,DEFINED,7899827af17a9bda9a64a691,E31
M00,S3_PARENT,neg_log10_mol_kg,E31_A_KEEP,locked_common,NOEC_Reproduction,150,150,0,0.7601849031727964,0.9909988719021123,0.44471302286410386,DEFINED,7899827af17a9bda9a64a691,E31
M00,S3_PARENT,neg_log10_mol_kg,E31_B_TRAIN_ONLY_QC,locked_common,ECx_Growth,233,233,0,0.6875783042205579,0.9555444884473837,0.39666552374420383,DEFINED,3d5b8c90446fe0142af85a95,E31
M00,S3_PARENT,neg_log10_mol_kg,E31_B_TRAIN_ONLY_QC,locked_common,ECx_Mortality,238,238,0,0.7042560307834093,1.0580500237979147,0.23628748759724305,DEFINED,3d5b8c90446fe0142af85a95,E31
M00,S3_PARENT,neg_log10_mol_kg,E31_B_TRAIN_ONLY_QC,locked_common,ECx_Reproduction,156,156,0,0.8066810425891902,1.090256548110976,0.2730719618135543,DEFINED,3d5b8c90446fe0142af85a95,E31
M00,S3_PARENT,neg_log10_mol_kg,E31_B_TRAIN_ONLY_QC,locked_common,LOEC_Biochemical,132,132,0,1.0555051108090772,1.2961562690139774,-0.03500804886639597,DEFINED,3d5b8c90446fe0142af85a95,E31
M00,S3_PARENT,neg_log10_mol_kg,E31_B_TRAIN_ONLY_QC,locked_common,LOEC_GeneticDamage,35,35,0,1.0485200892349031,1.2045548536624402,0.17910408527271438,DEFINED,3d5b8c90446fe0142af85a95,E31
M00,S3_PARENT,neg_log10_mol_kg,E31_B_TRAIN_ONLY_QC,locked_common,LOEC_Growth,216,216,0,0.8817102373903041,1.115877634008429,0.18113016576458596,DEFINED,3d5b8c90446fe0142af85a95,E31
M00,S3_PARENT,neg_log10_mol_kg,E31_B_TRAIN_ONLY_QC,locked_common,LOEC_Mortality,39,39,0,0.8461474229134888,1.161704289810368,0.45637612073880574,DEFINED,3d5b8c90446fe0142af85a95,E31
M00,S3_PARENT,neg_log10_mol_kg,E31_B_TRAIN_ONLY_QC,locked_common,LOEC_Physiology,40,40,0,1.049383503492276,1.3099173248447284,0.10733499278598346,DEFINED,3d5b8c90446fe0142af85a95,E31
M00,S3_PARENT,neg_log10_mol_kg,E31_B_TRAIN_ONLY_QC,locked_common,LOEC_Population,103,103,0,1.0181112344722247,1.256084329726255,0.28468528374815105,DEFINED,3d5b8c90446fe0142af85a95,E31
M00,S3_PARENT,neg_log10_mol_kg,E31_B_TRAIN_ONLY_QC,locked_common,LOEC_Reproduction,123,123,0,0.7648663045133081,1.0319683321085134,0.3495007905629407,DEFINED,3d5b8c90446fe0142af85a95,E31
M00,S3_PARENT,neg_log10_mol_kg,E31_B_TRAIN_ONLY_QC,locked_common,NOEC_Biochemical,115,115,0,0.9844809826749988,1.2961321228276026,0.16090888175922202,DEFINED,3d5b8c90446fe0142af85a95,E31
M00,S3_PARENT,neg_log10_mol_kg,E31_B_TRAIN_ONLY_QC,locked_common,NOEC_Growth,298,298,0,1.0359449995049081,1.2313775992835143,0.14805185087272232,DEFINED,3d5b8c90446fe0142af85a95,E31
M00,S3_PARENT,neg_log10_mol_kg,E31_B_TRAIN_ONLY_QC,locked_common,NOEC_Mortality,68,68,0,1.0224727739915338,1.3111835963962426,0.24532006657334415,DEFINED,3d5b8c90446fe0142af85a95,E31
M00,S3_PARENT,neg_log10_mol_kg,E31_B_TRAIN_ONLY_QC,locked_common,NOEC_Physiology,38,38,0,0.8834666132965473,1.2004531323811927,0.20632580228777497,DEFINED,3d5b8c90446fe0142af85a95,E31
M00,S3_PARENT,neg_log10_mol_kg,E31_B_TRAIN_ONLY_QC,locked_common,NOEC_Population,105,105,0,1.0718882029768284,1.3970535697257433,0.1966015456698913,DEFINED,3d5b8c90446fe0142af85a95,E31
M00,S3_PARENT,neg_log10_mol_kg,E31_B_TRAIN_ONLY_QC,locked_common,NOEC_Reproduction,150,150,0,0.7448618483536606,0.9766184338480729,0.4607116942251418,DEFINED,3d5b8c90446fe0142af85a95,E31
M00,S3_PARENT,neg_log10_mol_kg,E40_FP2048,locked_common,ECx_Growth,239,239,0,0.6982609130291013,0.949208050881012,0.36499431226816204,DEFINED,3317147f1b65340686da502c,E40
M00,S3_PARENT,neg_log10_mol_kg,E40_FP2048,locked_common,ECx_Mortality,244,244,0,0.6668974169522801,0.8728489598718517,0.33583082906276074,DEFINED,3317147f1b65340686da502c,E40
M00,S3_PARENT,neg_log10_mol_kg,E40_FP2048,locked_common,ECx_Reproduction,163,163,0,0.7993554275837972,1.122552042285121,0.20804688442422592,DEFINED,3317147f1b65340686da502c,E40
M00,S3_PARENT,neg_log10_mol_kg,E40_FP2048,locked_common,LOEC_Biochemical,138,138,0,1.0528094582004026,1.2900091121534296,0.007274566851191877,DEFINED,3317147f1b65340686da502c,E40
M00,S3_PARENT,neg_log10_mol_kg,E40_FP2048,locked_common,LOEC_GeneticDamage,41,41,0,1.097288465774327,1.2741359826342384,0.03955199920917163,DEFINED,3317147f1b65340686da502c,E40
M00,S3_PARENT,neg_log10_mol_kg,E40_FP2048,locked_common,LOEC_Growth,232,232,0,0.9907392733457026,1.2752578807512531,0.005809883611504696,DEFINED,3317147f1b65340686da502c,E40
M00,S3_PARENT,neg_log10_mol_kg,E40_FP2048,locked_common,LOEC_Mortality,42,42,0,0.832557716838547,1.205427822289067,0.39362343034485414,DEFINED,3317147f1b65340686da502c,E40
M00,S3_PARENT,neg_log10_mol_kg,E40_FP2048,locked_common,LOEC_Physiology,41,41,0,1.0766845767502573,1.3213129034805193,0.0980146915393234,DEFINED,3317147f1b65340686da502c,E40
M00,S3_PARENT,neg_log10_mol_kg,E40_FP2048,locked_common,LOEC_Population,108,108,0,1.060777009214355,1.2799355159740906,0.2666670954857939,DEFINED,3317147f1b65340686da502c,E40
M00,S3_PARENT,neg_log10_mol_kg,E40_FP2048,locked_common,LOEC_Reproduction,123,123,0,0.7800012259492914,1.113208900985506,0.24304968717634046,DEFINED,3317147f1b65340686da502c,E40
M00,S3_PARENT,neg_log10_mol_kg,E40_FP2048,locked_common,NOEC_Biochemical,117,117,0,0.9910670944795142,1.2935002037028023,0.15945027891046504,DEFINED,3317147f1b65340686da502c,E40
M00,S3_PARENT,neg_log10_mol_kg,E40_FP2048,locked_common,NOEC_Growth,313,313,0,1.137747520806255,1.354757383109219,0.03390177353119772,DEFINED,3317147f1b65340686da502c,E40
M00,S3_PARENT,neg_log10_mol_kg,E40_FP2048,locked_common,NOEC_Mortality,75,75,0,1.048640971521443,1.3312931037389133,0.2530574938623682,DEFINED,3317147f1b65340686da502c,E40
M00,S3_PARENT,neg_log10_mol_kg,E40_FP2048,locked_common,NOEC_Physiology,40,40,0,0.8492287250795396,1.137946146430074,0.2541026311999226,DEFINED,3317147f1b65340686da502c,E40
M00,S3_PARENT,neg_log10_mol_kg,E40_FP2048,locked_common,NOEC_Population,111,111,0,1.1462920611013103,1.406179996692507,0.19545587932873376,DEFINED,3317147f1b65340686da502c,E40
M00,S3_PARENT,neg_log10_mol_kg,E40_FP2048,locked_common,NOEC_Reproduction,150,150,0,0.8416745366119811,1.1122683706603054,0.3004957733424872,DEFINED,3317147f1b65340686da502c,E40
M00,S3_PARENT,neg_log10_mol_kg,E40_FP512_CORE_REFERENCE,locked_common,ECx_Growth,239,239,0,0.7437217946908395,1.0295060397960667,0.253013786075464,DEFINED,9c98fed3f8a06a5b3b6692c9,E40
M00,S3_PARENT,neg_log10_mol_kg,E40_FP512_CORE_REFERENCE,locked_common,ECx_Mortality,244,244,0,0.6310471868920006,0.8772620976457034,0.32909775161353283,DEFINED,9c98fed3f8a06a5b3b6692c9,E40
M00,S3_PARENT,neg_log10_mol_kg,E40_FP512_CORE_REFERENCE,locked_common,ECx_Reproduction,163,163,0,0.7479177752272769,0.992889452007404,0.3804329727573681,DEFINED,9c98fed3f8a06a5b3b6692c9,E40
M00,S3_PARENT,neg_log10_mol_kg,E40_FP512_CORE_REFERENCE,locked_common,LOEC_Biochemical,138,138,0,1.041011632602185,1.2778335876684548,0.025925462281225498,DEFINED,9c98fed3f8a06a5b3b6692c9,E40
M00,S3_PARENT,neg_log10_mol_kg,E40_FP512_CORE_REFERENCE,locked_common,LOEC_GeneticDamage,41,41,0,1.0460056545914465,1.2043933749777336,0.14181877037642565,DEFINED,9c98fed3f8a06a5b3b6692c9,E40
M00,S3_PARENT,neg_log10_mol_kg,E40_FP512_CORE_REFERENCE,locked_common,LOEC_Growth,232,232,0,0.927488978623493,1.1627335253214695,0.17351724016323056,DEFINED,9c98fed3f8a06a5b3b6692c9,E40
M00,S3_PARENT,neg_log10_mol_kg,E40_FP512_CORE_REFERENCE,locked_common,LOEC_Mortality,42,42,0,0.8539764716395323,1.1715158592690202,0.4272615577697235,DEFINED,9c98fed3f8a06a5b3b6692c9,E40
M00,S3_PARENT,neg_log10_mol_kg,E40_FP512_CORE_REFERENCE,locked_common,LOEC_Physiology,41,41,0,1.0820884538231739,1.3306266579643982,0.08525393217431398,DEFINED,9c98fed3f8a06a5b3b6692c9,E40
M00,S3_PARENT,neg_log10_mol_kg,E40_FP512_CORE_REFERENCE,locked_common,LOEC_Population,108,108,0,1.0901800165509061,1.3038376655792343,0.23902211177754107,DEFINED,9c98fed3f8a06a5b3b6692c9,E40
M00,S3_PARENT,neg_log10_mol_kg,E40_FP512_CORE_REFERENCE,locked_common,LOEC_Reproduction,123,123,0,0.7857611277583307,1.0448439234763904,0.3331673207053242,DEFINED,9c98fed3f8a06a5b3b6692c9,E40
M00,S3_PARENT,neg_log10_mol_kg,E40_FP512_CORE_REFERENCE,locked_common,NOEC_Biochemical,117,117,0,1.0024268414623358,1.2872833708269302,0.16751057849751105,DEFINED,9c98fed3f8a06a5b3b6692c9,E40
M00,S3_PARENT,neg_log10_mol_kg,E40_FP512_CORE_REFERENCE,locked_common,NOEC_Growth,313,313,0,1.026696701656776,1.2194934877649581,0.21718848970596938,DEFINED,9c98fed3f8a06a5b3b6692c9,E40
M00,S3_PARENT,neg_log10_mol_kg,E40_FP512_CORE_REFERENCE,locked_common,NOEC_Mortality,75,75,0,1.0114494785186368,1.269646440406507,0.3206314962102015,DEFINED,9c98fed3f8a06a5b3b6692c9,E40
M00,S3_PARENT,neg_log10_mol_kg,E40_FP512_CORE_REFERENCE,locked_common,NOEC_Physiology,40,40,0,0.8727199347652326,1.1844993012519671,0.19182525666534067,DEFINED,9c98fed3f8a06a5b3b6692c9,E40
M00,S3_PARENT,neg_log10_mol_kg,E40_FP512_CORE_REFERENCE,locked_common,NOEC_Population,111,111,0,1.110704055155296,1.427290896605498,0.1711173945825636,DEFINED,9c98fed3f8a06a5b3b6692c9,E40
M00,S3_PARENT,neg_log10_mol_kg,E40_FP512_CORE_REFERENCE,locked_common,NOEC_Reproduction,150,150,0,0.7870039165851578,1.0249588376230794,0.4060033208111785,DEFINED,9c98fed3f8a06a5b3b6692c9,E40
M00,S3_PARENT,neg_log10_mol_kg,E50_FULL_TAXONOMY_CORE_REFERENCE,locked_common,ECx_Growth,239,239,0,0.7437217946908395,1.0295060397960667,0.253013786075464,DEFINED,9c98fed3f8a06a5b3b6692c9,E50
M00,S3_PARENT,neg_log10_mol_kg,E50_FULL_TAXONOMY_CORE_REFERENCE,locked_common,ECx_Mortality,244,244,0,0.6310471868920006,0.8772620976457034,0.32909775161353283,DEFINED,9c98fed3f8a06a5b3b6692c9,E50
M00,S3_PARENT,neg_log10_mol_kg,E50_FULL_TAXONOMY_CORE_REFERENCE,locked_common,ECx_Reproduction,163,163,0,0.7479177752272769,0.992889452007404,0.3804329727573681,DEFINED,9c98fed3f8a06a5b3b6692c9,E50
M00,S3_PARENT,neg_log10_mol_kg,E50_FULL_TAXONOMY_CORE_REFERENCE,locked_common,LOEC_Biochemical,138,138,0,1.041011632602185,1.2778335876684548,0.025925462281225498,DEFINED,9c98fed3f8a06a5b3b6692c9,E50
M00,S3_PARENT,neg_log10_mol_kg,E50_FULL_TAXONOMY_CORE_REFERENCE,locked_common,LOEC_GeneticDamage,41,41,0,1.0460056545914465,1.2043933749777336,0.14181877037642565,DEFINED,9c98fed3f8a06a5b3b6692c9,E50
M00,S3_PARENT,neg_log10_mol_kg,E50_FULL_TAXONOMY_CORE_REFERENCE,locked_common,LOEC_Growth,232,232,0,0.927488978623493,1.1627335253214695,0.17351724016323056,DEFINED,9c98fed3f8a06a5b3b6692c9,E50
M00,S3_PARENT,neg_log10_mol_kg,E50_FULL_TAXONOMY_CORE_REFERENCE,locked_common,LOEC_Mortality,42,42,0,0.8539764716395323,1.1715158592690202,0.4272615577697235,DEFINED,9c98fed3f8a06a5b3b6692c9,E50
M00,S3_PARENT,neg_log10_mol_kg,E50_FULL_TAXONOMY_CORE_REFERENCE,locked_common,LOEC_Physiology,41,41,0,1.0820884538231739,1.3306266579643982,0.08525393217431398,DEFINED,9c98fed3f8a06a5b3b6692c9,E50
M00,S3_PARENT,neg_log10_mol_kg,E50_FULL_TAXONOMY_CORE_REFERENCE,locked_common,LOEC_Population,108,108,0,1.0901800165509061,1.3038376655792343,0.23902211177754107,DEFINED,9c98fed3f8a06a5b3b6692c9,E50
M00,S3_PARENT,neg_log10_mol_kg,E50_FULL_TAXONOMY_CORE_REFERENCE,locked_common,LOEC_Reproduction,123,123,0,0.7857611277583307,1.0448439234763904,0.3331673207053242,DEFINED,9c98fed3f8a06a5b3b6692c9,E50
M00,S3_PARENT,neg_log10_mol_kg,E50_FULL_TAXONOMY_CORE_REFERENCE,locked_common,NOEC_Biochemical,117,117,0,1.0024268414623358,1.2872833708269302,0.16751057849751105,DEFINED,9c98fed3f8a06a5b3b6692c9,E50
M00,S3_PARENT,neg_log10_mol_kg,E50_FULL_TAXONOMY_CORE_REFERENCE,locked_common,NOEC_Growth,313,313,0,1.026696701656776,1.2194934877649581,0.21718848970596938,DEFINED,9c98fed3f8a06a5b3b6692c9,E50
M00,S3_PARENT,neg_log10_mol_kg,E50_FULL_TAXONOMY_CORE_REFERENCE,locked_common,NOEC_Mortality,75,75,0,1.0114494785186368,1.269646440406507,0.3206314962102015,DEFINED,9c98fed3f8a06a5b3b6692c9,E50
M00,S3_PARENT,neg_log10_mol_kg,E50_FULL_TAXONOMY_CORE_REFERENCE,locked_common,NOEC_Physiology,40,40,0,0.8727199347652326,1.1844993012519671,0.19182525666534067,DEFINED,9c98fed3f8a06a5b3b6692c9,E50
M00,S3_PARENT,neg_log10_mol_kg,E50_FULL_TAXONOMY_CORE_REFERENCE,locked_common,NOEC_Population,111,111,0,1.110704055155296,1.427290896605498,0.1711173945825636,DEFINED,9c98fed3f8a06a5b3b6692c9,E50
M00,S3_PARENT,neg_log10_mol_kg,E50_FULL_TAXONOMY_CORE_REFERENCE,locked_common,NOEC_Reproduction,150,150,0,0.7870039165851578,1.0249588376230794,0.4060033208111785,DEFINED,9c98fed3f8a06a5b3b6692c9,E50
M00,S3_PARENT,neg_log10_mol_kg,E50_TAXONOMY_IDENTITY,locked_common,ECx_Growth,239,239,0,0.7655840522719772,1.0468950813129023,0.22756648734351836,DEFINED,55807ff6c0b066f268c95c1c,E50
M00,S3_PARENT,neg_log10_mol_kg,E50_TAXONOMY_IDENTITY,locked_common,ECx_Mortality,244,244,0,0.6271197660598213,0.8886733248882711,0.3115303436281145,DEFINED,55807ff6c0b066f268c95c1c,E50
M00,S3_PARENT,neg_log10_mol_kg,E50_TAXONOMY_IDENTITY,locked_common,ECx_Reproduction,163,163,0,0.7919564797938364,1.031108601960127,0.33181715256056465,DEFINED,55807ff6c0b066f268c95c1c,E50
M00,S3_PARENT,neg_log10_mol_kg,E50_TAXONOMY_IDENTITY,locked_common,LOEC_Biochemical,138,138,0,1.0068670243876885,1.267962148219545,0.04091705009721902,DEFINED,55807ff6c0b066f268c95c1c,E50
M00,S3_PARENT,neg_log10_mol_kg,E50_TAXONOMY_IDENTITY,locked_common,LOEC_GeneticDamage,41,41,0,1.0684031170418629,1.2900629024902415,0.015390393258300716,DEFINED,55807ff6c0b066f268c95c1c,E50
M00,S3_PARENT,neg_log10_mol_kg,E50_TAXONOMY_IDENTITY,locked_common,LOEC_Growth,232,232,0,0.9165081663217001,1.1513911395257712,0.18956315842801474,DEFINED,55807ff6c0b066f268c95c1c,E50
M00,S3_PARENT,neg_log10_mol_kg,E50_TAXONOMY_IDENTITY,locked_common,LOEC_Mortality,42,42,0,0.9109894875087224,1.240688089129493,0.3576300515618178,DEFINED,55807ff6c0b066f268c95c1c,E50
M00,S3_PARENT,neg_log10_mol_kg,E50_TAXONOMY_IDENTITY,locked_common,LOEC_Physiology,41,41,0,1.0530010161886147,1.319847620130407,0.10001411380285008,DEFINED,55807ff6c0b066f268c95c1c,E50
M00,S3_PARENT,neg_log10_mol_kg,E50_TAXONOMY_IDENTITY,locked_common,LOEC_Population,108,108,0,1.1500003000858543,1.358662706178909,0.17367993008856863,DEFINED,55807ff6c0b066f268c95c1c,E50
M00,S3_PARENT,neg_log10_mol_kg,E50_TAXONOMY_IDENTITY,locked_common,LOEC_Reproduction,123,123,0,0.8943886179805365,1.1600743379930076,0.1779737766565559,DEFINED,55807ff6c0b066f268c95c1c,E50
M00,S3_PARENT,neg_log10_mol_kg,E50_TAXONOMY_IDENTITY,locked_common,NOEC_Biochemical,117,117,0,1.0277895581038243,1.3104515980736062,0.1372750161504498,DEFINED,55807ff6c0b066f268c95c1c,E50
M00,S3_PARENT,neg_log10_mol_kg,E50_TAXONOMY_IDENTITY,locked_common,NOEC_Growth,313,313,0,1.0397715321007068,1.257984725806554,0.1669923919960269,DEFINED,55807ff6c0b066f268c95c1c,E50
M00,S3_PARENT,neg_log10_mol_kg,E50_TAXONOMY_IDENTITY,locked_common,NOEC_Mortality,75,75,0,1.00923052494052,1.300296722733548,0.2874345750009334,DEFINED,55807ff6c0b066f268c95c1c,E50
M00,S3_PARENT,neg_log10_mol_kg,E50_TAXONOMY_IDENTITY,locked_common,NOEC_Physiology,40,40,0,0.9677870777631531,1.2395706005499867,0.11492883716353919,DEFINED,55807ff6c0b066f268c95c1c,E50
M00,S3_PARENT,neg_log10_mol_kg,E50_TAXONOMY_IDENTITY,locked_common,NOEC_Population,111,111,0,1.1567004175247777,1.466990122636268,0.12436640903530782,DEFINED,55807ff6c0b066f268c95c1c,E50
M00,S3_PARENT,neg_log10_mol_kg,E50_TAXONOMY_IDENTITY,locked_common,NOEC_Reproduction,150,150,0,0.8873647261130172,1.1231433937426354,0.28675032570679093,DEFINED,55807ff6c0b066f268c95c1c,E50
M00,S1_CONDITION,neg_log10_mol_kg,E51_FULL_CONDITION_CORE_REFERENCE,locked_common,ECx_Growth,239,239,0,0.5050744494214245,0.6287793791845389,0.6294113085350708,DEFINED,b6b89fac0765c8c68f2f9383,E51
M00,S1_CONDITION,neg_log10_mol_kg,E51_FULL_CONDITION_CORE_REFERENCE,locked_common,ECx_Mortality,244,244,0,0.5052500551542828,0.6770598092355657,0.5955153201992415,DEFINED,b6b89fac0765c8c68f2f9383,E51
M00,S1_CONDITION,neg_log10_mol_kg,E51_FULL_CONDITION_CORE_REFERENCE,locked_common,ECx_Reproduction,163,163,0,0.5034642984018796,0.7257528692476183,0.7394798820137041,DEFINED,b6b89fac0765c8c68f2f9383,E51
M00,S1_CONDITION,neg_log10_mol_kg,E51_FULL_CONDITION_CORE_REFERENCE,locked_common,LOEC_Biochemical,138,138,0,0.7691382778921728,1.0318735336704812,0.4860521289240729,DEFINED,b6b89fac0765c8c68f2f9383,E51
M00,S1_CONDITION,neg_log10_mol_kg,E51_FULL_CONDITION_CORE_REFERENCE,locked_common,LOEC_GeneticDamage,41,41,0,0.8097816598707279,0.9756927589655935,0.7261432566211314,DEFINED,b6b89fac0765c8c68f2f9383,E51
M00,S1_CONDITION,neg_log10_mol_kg,E51_FULL_CONDITION_CORE_REFERENCE,locked_common,LOEC_Growth,232,232,0,0.7027349706394461,0.9658250993252643,0.5517762650250178,DEFINED,b6b89fac0765c8c68f2f9383,E51
M00,S1_CONDITION,neg_log10_mol_kg,E51_FULL_CONDITION_CORE_REFERENCE,locked_common,LOEC_Mortality,44,44,0,0.563768914598201,0.7562169595059669,0.6161523722278435,DEFINED,b6b89fac0765c8c68f2f9383,E51
M00,S1_CONDITION,neg_log10_mol_kg,E51_FULL_CONDITION_CORE_REFERENCE,locked_common,LOEC_Physiology,41,41,0,0.8617453016051551,1.1867650511485908,0.19618699407909412,DEFINED,b6b89fac0765c8c68f2f9383,E51
M00,S1_CONDITION,neg_log10_mol_kg,E51_FULL_CONDITION_CORE_REFERENCE,locked_common,LOEC_Population,108,108,0,0.6025247327852592,0.8171117285086005,0.7314905843313189,DEFINED,b6b89fac0765c8c68f2f9383,E51
M00,S1_CONDITION,neg_log10_mol_kg,E51_FULL_CONDITION_CORE_REFERENCE,locked_common,LOEC_Reproduction,122,122,0,0.7105641932480898,0.91007416699492,0.4549651274309816,DEFINED,b6b89fac0765c8c68f2f9383,E51
M00,S1_CONDITION,neg_log10_mol_kg,E51_FULL_CONDITION_CORE_REFERENCE,locked_common,NOEC_Biochemical,117,117,0,0.7013059761874039,0.9338589575506656,0.43993221790320236,DEFINED,b6b89fac0765c8c68f2f9383,E51
M00,S1_CONDITION,neg_log10_mol_kg,E51_FULL_CONDITION_CORE_REFERENCE,locked_common,NOEC_Growth,313,313,0,0.6188710317371608,0.8157750089294014,0.653469078614521,DEFINED,b6b89fac0765c8c68f2f9383,E51
M00,S1_CONDITION,neg_log10_mol_kg,E51_FULL_CONDITION_CORE_REFERENCE,locked_common,NOEC_Mortality,73,73,0,0.7840468336800327,1.0166637547776467,0.5323151699662783,DEFINED,b6b89fac0765c8c68f2f9383,E51
M00,S1_CONDITION,neg_log10_mol_kg,E51_FULL_CONDITION_CORE_REFERENCE,locked_common,NOEC_Physiology,40,40,0,0.6107643080930417,0.8896408779506811,0.6294446234310687,DEFINED,b6b89fac0765c8c68f2f9383,E51
M00,S1_CONDITION,neg_log10_mol_kg,E51_FULL_CONDITION_CORE_REFERENCE,locked_common,NOEC_Population,111,111,0,0.680132002331346,0.9472693596322316,0.6085607301071018,DEFINED,b6b89fac0765c8c68f2f9383,E51
M00,S1_CONDITION,neg_log10_mol_kg,E51_FULL_CONDITION_CORE_REFERENCE,locked_common,NOEC_Reproduction,150,150,0,0.6265688230198251,0.8519387088963626,0.6223858783981339,DEFINED,b6b89fac0765c8c68f2f9383,E51
M00,S1_CONDITION,neg_log10_mol_kg,E51_NO_TIME_EFFECT,locked_common,ECx_Growth,239,239,0,0.5347324081690407,0.6848738035550881,0.560340267834013,DEFINED,e72db5ed1a42889359d4b5d8,E51
M00,S1_CONDITION,neg_log10_mol_kg,E51_NO_TIME_EFFECT,locked_common,ECx_Mortality,244,244,0,0.5450346357712867,0.717305294068938,0.5459997622885295,DEFINED,e72db5ed1a42889359d4b5d8,E51
M00,S1_CONDITION,neg_log10_mol_kg,E51_NO_TIME_EFFECT,locked_common,ECx_Reproduction,163,163,0,0.5653427572639963,0.791608366202556,0.6900551003611741,DEFINED,e72db5ed1a42889359d4b5d8,E51
M00,S1_CONDITION,neg_log10_mol_kg,E51_NO_TIME_EFFECT,locked_common,LOEC_Biochemical,138,138,0,0.7585485062777645,1.0178895593152666,0.4998878058561468,DEFINED,e72db5ed1a42889359d4b5d8,E51
M00,S1_CONDITION,neg_log10_mol_kg,E51_NO_TIME_EFFECT,locked_common,LOEC_GeneticDamage,41,41,0,0.8316800298614027,1.0433061987757333,0.6868727592870412,DEFINED,e72db5ed1a42889359d4b5d8,E51
M00,S1_CONDITION,neg_log10_mol_kg,E51_NO_TIME_EFFECT,locked_common,LOEC_Growth,232,232,0,0.715052840641926,0.9941125957910643,0.5251362384489602,DEFINED,e72db5ed1a42889359d4b5d8,E51
M00,S1_CONDITION,neg_log10_mol_kg,E51_NO_TIME_EFFECT,locked_common,LOEC_Mortality,44,44,0,0.5836326437201712,0.7763433330328734,0.5954486166105699,DEFINED,e72db5ed1a42889359d4b5d8,E51
M00,S1_CONDITION,neg_log10_mol_kg,E51_NO_TIME_EFFECT,locked_common,LOEC_Physiology,41,41,0,0.8637094044278089,1.1902631694063706,0.19144135880799085,DEFINED,e72db5ed1a42889359d4b5d8,E51
M00,S1_CONDITION,neg_log10_mol_kg,E51_NO_TIME_EFFECT,locked_common,LOEC_Population,108,108,0,0.641199638432708,0.8555368807467152,0.705643179700903,DEFINED,e72db5ed1a42889359d4b5d8,E51
M00,S1_CONDITION,neg_log10_mol_kg,E51_NO_TIME_EFFECT,locked_common,LOEC_Reproduction,122,122,0,0.7252925664483584,0.9334477137044046,0.4266092147298588,DEFINED,e72db5ed1a42889359d4b5d8,E51
M00,S1_CONDITION,neg_log10_mol_kg,E51_NO_TIME_EFFECT,locked_common,NOEC_Biochemical,117,117,0,0.7098455252812066,0.9588729214381289,0.4095268944167251,DEFINED,e72db5ed1a42889359d4b5d8,E51
M00,S1_CONDITION,neg_log10_mol_kg,E51_NO_TIME_EFFECT,locked_common,NOEC_Growth,313,313,0,0.6403943109199767,0.8386349600608937,0.6337757269595424,DEFINED,e72db5ed1a42889359d4b5d8,E51
M00,S1_CONDITION,neg_log10_mol_kg,E51_NO_TIME_EFFECT,locked_common,NOEC_Mortality,73,73,0,0.8231771672763882,1.0694099646886823,0.48252776248690166,DEFINED,e72db5ed1a42889359d4b5d8,E51
M00,S1_CONDITION,neg_log10_mol_kg,E51_NO_TIME_EFFECT,locked_common,NOEC_Physiology,40,40,0,0.62455614104493,0.8788155363039496,0.6384077521039004,DEFINED,e72db5ed1a42889359d4b5d8,E51
M00,S1_CONDITION,neg_log10_mol_kg,E51_NO_TIME_EFFECT,locked_common,NOEC_Population,111,111,0,0.6475598051599407,0.9452239453730246,0.610249354443546,DEFINED,e72db5ed1a42889359d4b5d8,E51
M00,S1_CONDITION,neg_log10_mol_kg,E51_NO_TIME_EFFECT,locked_common,NOEC_Reproduction,150,150,0,0.6328426530889262,0.8729363365575208,0.6035424729048857,DEFINED,e72db5ed1a42889359d4b5d8,E51
W00,S3_PARENT,neg_log10_mol_l,E30_C0,locked_common,ACx_Development,58,58,0,1.6111691507794765,1.9656410320101203,-0.24409608943354333,DEFINED,cf73a2e27266a8d251e7c30e,E30
W00,S3_PARENT,neg_log10_mol_l,E30_C0,locked_common,ACx_Immobilization,32,32,0,1.7187560065481096,2.0132416885950812,-0.28125354290729243,DEFINED,cf73a2e27266a8d251e7c30e,E30
W00,S3_PARENT,neg_log10_mol_l,E30_C0,locked_common,ACx_Injury,69,69,0,1.1601789448121327,1.481435908729297,0.1515639806611394,DEFINED,cf73a2e27266a8d251e7c30e,E30
W00,S3_PARENT,neg_log10_mol_l,E30_C0,locked_common,ACx_Molting,102,102,0,0.6404129234730552,0.7782659552117012,0.15146105683093425,DEFINED,cf73a2e27266a8d251e7c30e,E30
W00,S3_PARENT,neg_log10_mol_l,E30_C0,locked_common,ACx_Mortality,57,57,0,1.4874239228039228,1.8623320415442495,0.08185516935161963,DEFINED,cf73a2e27266a8d251e7c30e,E30
W00,S3_PARENT,neg_log10_mol_l,E30_C0,locked_common,ACx_Physiology,69,69,0,1.409469605216229,1.698822619835475,0.05275444524423489,DEFINED,cf73a2e27266a8d251e7c30e,E30
W00,S3_PARENT,neg_log10_mol_l,E30_C0,locked_common,BMCx_Development,9,9,0,0.6718635062457442,0.8234077284040205,0.5703675850008694,DEFINED,cf73a2e27266a8d251e7c30e,E30
W00,S3_PARENT,neg_log10_mol_l,E30_C0,locked_common,BMCx_Immobilization,3,3,0,0.5465911307065818,0.7300289050673678,-0.38866501807978127,DEFINED,cf73a2e27266a8d251e7c30e,E30
W00,S3_PARENT,neg_log10_mol_l,E30_C0,locked_common,BMCx_Injury,10,10,0,0.5609478999841957,0.6777545096662536,0.012988978158526288,DEFINED,cf73a2e27266a8d251e7c30e,E30
W00,S3_PARENT,neg_log10_mol_l,E30_C0,locked_common,BMCx_Molting,18,18,0,0.35499610755688915,0.44201930444732224,0.39253345992117894,DEFINED,cf73a2e27266a8d251e7c30e,E30
W00,S3_PARENT,neg_log10_mol_l,E30_C0,locked_common,BMCx_Mortality,9,9,0,0.381003911585032,0.48602295399671924,0.25461034613733513,DEFINED,cf73a2e27266a8d251e7c30e,E30
W00,S3_PARENT,neg_log10_mol_l,E30_C0,locked_common,BMCx_Physiology,6,6,0,0.42534640427938647,0.48373494514983634,0.24994293060122086,DEFINED,cf73a2e27266a8d251e7c30e,E30
W00,S3_PARENT,neg_log10_mol_l,E30_C0,locked_common,BMDx_Behavior,32,32,0,1.6186099742729418,2.270199047529915,-0.0284620616828406,DEFINED,cf73a2e27266a8d251e7c30e,E30
W00,S3_PARENT,neg_log10_mol_l,E30_C0,locked_common,BMDx_Development,47,47,0,0.8847647565857479,1.0967344605084828,0.10778113508680032,DEFINED,cf73a2e27266a8d251e7c30e,E30
W00,S3_PARENT,neg_log10_mol_l,E30_C0,locked_common,BMDx_Immobilization,9,9,0,0.3987770660677632,0.7768837177783148,-0.26971157172491167,DEFINED,cf73a2e27266a8d251e7c30e,E30
W00,S3_PARENT,neg_log10_mol_l,E30_C0,locked_common,BMDx_Injury,14,14,0,1.287148378002583,1.3949831397053174,-0.39213778502977004,DEFINED,cf73a2e27266a8d251e7c30e,E30
W00,S3_PARENT,neg_log10_mol_l,E30_C0,locked_common,BMDx_Morphology,6,6,0,0.27204154592002183,0.3218081249771498,0.004269877269146627,DEFINED,cf73a2e27266a8d251e7c30e,E30
W00,S3_PARENT,neg_log10_mol_l,E30_C0,locked_common,BMDx_Mortality,17,17,0,2.1791843316971473,3.4605506024183965,-0.16992523053261754,DEFINED,cf73a2e27266a8d251e7c30e,E30
W00,S3_PARENT,neg_log10_mol_l,E30_C0,locked_common,BMDx_Physiology,12,12,0,0.9822090919383388,1.3384656806199255,-0.2590675551742754,DEFINED,cf73a2e27266a8d251e7c30e,E30
W00,S3_PARENT,neg_log10_mol_l,E30_C0,locked_common,ECx_Behavior,468,468,0,0.9354448210822133,1.221836095928659,0.6701267893376339,DEFINED,cf73a2e27266a8d251e7c30e,E30
W00,S3_PARENT,neg_log10_mol_l,E30_C0,locked_common,ECx_Biochemical,215,215,0,1.0760602572079159,1.358853397373082,0.6060626933474502,DEFINED,cf73a2e27266a8d251e7c30e,E30
W00,S3_PARENT,neg_log10_mol_l,E30_C0,locked_common,ECx_Development,490,490,0,0.9932452517911671,1.3741905490629758,0.6210326755692286,DEFINED,cf73a2e27266a8d251e7c30e,E30
W00,S3_PARENT,neg_log10_mol_l,E30_C0,locked_common,ECx_Feeding,36,36,0,0.7579472108888508,1.0194619511838783,0.43261188249630256,DEFINED,cf73a2e27266a8d251e7c30e,E30
W00,S3_PARENT,neg_log10_mol_l,E30_C0,locked_common,ECx_GeneticDamage,47,47,0,0.6299225407703984,0.8063282108230341,0.918078788734125,DEFINED,cf73a2e27266a8d251e7c30e,E30
W00,S3_PARENT,neg_log10_mol_l,E30_C0,locked_common,ECx_Growth,611,611,0,0.8826565807113419,1.3087267294776543,0.4297778829205505,DEFINED,cf73a2e27266a8d251e7c30e,E30
W00,S3_PARENT,neg_log10_mol_l,E30_C0,locked_common,ECx_Immobilization,1460,1460,0,0.8335168709046263,1.0929681899347603,0.7284948572576276,DEFINED,cf73a2e27266a8d251e7c30e,E30
W00,S3_PARENT,neg_log10_mol_l,E30_C0,locked_common,ECx_Injury,63,63,0,0.7185921522841061,0.9684112766990288,0.7922185555623213,DEFINED,cf73a2e27266a8d251e7c30e,E30
W00,S3_PARENT,neg_log10_mol_l,E30_C0,locked_common,ECx_Molting,180,180,0,0.8977940012810841,1.133857502223113,0.6111060082763584,DEFINED,cf73a2e27266a8d251e7c30e,E30
W00,S3_PARENT,neg_log10_mol_l,E30_C0,locked_common,ECx_Morphology,47,47,0,0.4523499470365,0.6716360928386533,0.7243051461045569,DEFINED,cf73a2e27266a8d251e7c30e,E30
W00,S3_PARENT,neg_log10_mol_l,E30_C0,locked_common,ECx_Mortality,14024,14024,0,0.9837632927687316,1.2830090739722915,0.5464298077004297,DEFINED,cf73a2e27266a8d251e7c30e,E30
W00,S3_PARENT,neg_log10_mol_l,E30_C0,locked_common,ECx_Physiology,410,410,0,0.8161777922428467,1.078800357846416,0.6505182377300913,DEFINED,cf73a2e27266a8d251e7c30e,E30
W00,S3_PARENT,neg_log10_mol_l,E30_C0,locked_common,ECx_Population,1924,1924,0,0.8682915582255957,1.1554246833874313,0.48440860212177084,DEFINED,cf73a2e27266a8d251e7c30e,E30
W00,S3_PARENT,neg_log10_mol_l,E30_C0,locked_common,ECx_Reproduction,192,192,0,0.9292334643350836,1.2144357582321224,0.4267670459258378,DEFINED,cf73a2e27266a8d251e7c30e,E30
W00,S3_PARENT,neg_log10_mol_l,E30_C0,locked_common,EDx_Development,2,2,0,1.2997361719823233,1.301921914205177,-146.12500328790554,DEFINED,cf73a2e27266a8d251e7c30e,E30
W00,S3_PARENT,neg_log10_mol_l,E30_C0,locked_common,EDx_Growth,1,1,0,1.6692593770286877,1.6692593770286877,,N_LT_2,cf73a2e27266a8d251e7c30e,E30
W00,S3_PARENT,neg_log10_mol_l,E30_C0,locked_common,EDx_Physiology,1,1,0,0.7384140701289517,0.7384140701289517,,N_LT_2,cf73a2e27266a8d251e7c30e,E30
W00,S3_PARENT,neg_log10_mol_l,E30_C0,locked_common,EDx_Population,2,2,0,0.7196564188655019,0.7199508574224872,-1221.8325566192566,DEFINED,cf73a2e27266a8d251e7c30e,E30
W00,S3_PARENT,neg_log10_mol_l,E30_C0,locked_common,ICx_Behavior,3,3,0,0.7014878172925879,0.7589328149788684,0.49564984885574515,DEFINED,cf73a2e27266a8d251e7c30e,E30
W00,S3_PARENT,neg_log10_mol_l,E30_C0,locked_common,ICx_Biochemical,168,168,0,1.23945032893478,1.5741809099305761,0.31518205890645534,DEFINED,cf73a2e27266a8d251e7c30e,E30
W00,S3_PARENT,neg_log10_mol_l,E30_C0,locked_common,ICx_Development,26,26,0,1.8834043694212959,2.1294986910625826,0.15472515699770284,DEFINED,cf73a2e27266a8d251e7c30e,E30
W00,S3_PARENT,neg_log10_mol_l,E30_C0,locked_common,ICx_Feeding,3,3,0,0.5295183269369433,0.533287998181317,-13.425845545956292,DEFINED,cf73a2e27266a8d251e7c30e,E30
W00,S3_PARENT,neg_log10_mol_l,E30_C0,locked_common,ICx_GeneticDamage,5,5,0,0.6650383611796074,0.716779687510007,0.5524024017555125,DEFINED,cf73a2e27266a8d251e7c30e,E30
W00,S3_PARENT,neg_log10_mol_l,E30_C0,locked_common,ICx_Growth,102,102,0,0.9762278802697665,1.2316510359004995,0.27816717312682404,DEFINED,cf73a2e27266a8d251e7c30e,E30
W00,S3_PARENT,neg_log10_mol_l,E30_C0,locked_common,ICx_Immobilization,17,17,0,1.3158026077460636,1.4774730774707183,-1.789007870529502,DEFINED,cf73a2e27266a8d251e7c30e,E30
W00,S3_PARENT,neg_log10_mol_l,E30_C0,locked_common,ICx_Mortality,22,22,0,2.3046829465208423,2.550603289133914,-0.18654476941137554,DEFINED,cf73a2e27266a8d251e7c30e,E30
W00,S3_PARENT,neg_log10_mol_l,E30_C0,locked_common,ICx_Physiology,142,142,0,0.7861758036046855,1.0634821334150582,0.7802535485525257,DEFINED,cf73a2e27266a8d251e7c30e,E30
W00,S3_PARENT,neg_log10_mol_l,E30_C0,locked_common,ICx_Population,274,274,0,0.8572193818485466,1.1811097907372932,0.5871587267443257,DEFINED,cf73a2e27266a8d251e7c30e,E30
W00,S3_PARENT,neg_log10_mol_l,E30_C0,locked_common,ICx_Reproduction,63,63,0,1.324210058587483,1.5579565463123832,0.0735715691790606,DEFINED,cf73a2e27266a8d251e7c30e,E30
W00,S3_PARENT,neg_log10_mol_l,E30_C0,locked_common,LDx_Injury,5,5,0,0.4670493548347842,0.6028388131640487,0.673888928492091,DEFINED,cf73a2e27266a8d251e7c30e,E30
W00,S3_PARENT,neg_log10_mol_l,E30_C0,locked_common,LDx_Mortality,233,233,0,0.8291501101613348,1.1160735086966258,0.4824481771378486,DEFINED,cf73a2e27266a8d251e7c30e,E30
W00,S3_PARENT,neg_log10_mol_l,E30_C0,locked_common,LDx_Physiology,6,6,0,0.2375252462838203,0.27723939896527616,-0.6597971728937111,DEFINED,cf73a2e27266a8d251e7c30e,E30
W00,S3_PARENT,neg_log10_mol_l,E30_C0,locked_common,LOEC_Accumulation,37,37,0,1.2399543267592075,1.5714025554245923,0.14223640404848703,DEFINED,cf73a2e27266a8d251e7c30e,E30
W00,S3_PARENT,neg_log10_mol_l,E30_C0,locked_common,LOEC_Behavior,312,312,0,0.972051774715996,1.2213911873158119,0.48763124272241,DEFINED,cf73a2e27266a8d251e7c30e,E30
W00,S3_PARENT,neg_log10_mol_l,E30_C0,locked_common,LOEC_Biochemical,1225,1225,0,1.1197016970743128,1.4423883611268864,0.3854814252660278,DEFINED,cf73a2e27266a8d251e7c30e,E30
W00,S3_PARENT,neg_log10_mol_l,E30_C0,locked_common,LOEC_Development,403,403,0,1.1896693960997136,1.4882798073724595,0.42472994125588215,DEFINED,cf73a2e27266a8d251e7c30e,E30
W00,S3_PARENT,neg_log10_mol_l,E30_C0,locked_common,LOEC_Feeding,28,28,0,0.5598442796375439,0.7084450065234793,-0.0034869486504143232,DEFINED,cf73a2e27266a8d251e7c30e,E30
W00,S3_PARENT,neg_log10_mol_l,E30_C0,locked_common,LOEC_GeneticDamage,786,786,0,1.0949423962073628,1.4145579534004118,0.3565961942503303,DEFINED,cf73a2e27266a8d251e7c30e,E30
W00,S3_PARENT,neg_log10_mol_l,E30_C0,locked_common,LOEC_Growth,784,784,0,1.0118579186141237,1.3303517226361266,0.4247024544018143,DEFINED,cf73a2e27266a8d251e7c30e,E30
W00,S3_PARENT,neg_log10_mol_l,E30_C0,locked_common,LOEC_Immobilization,59,59,0,0.8635125211500224,1.2353443446062222,0.5140938146979479,DEFINED,cf73a2e27266a8d251e7c30e,E30
W00,S3_PARENT,neg_log10_mol_l,E30_C0,locked_common,LOEC_Injury,98,98,0,1.2715616983164202,1.5625832510303892,0.40444399795725916,DEFINED,cf73a2e27266a8d251e7c30e,E30
W00,S3_PARENT,neg_log10_mol_l,E30_C0,locked_common,LOEC_Molting,24,24,0,1.0544550988212258,1.3606494772869393,0.6147509309294905,DEFINED,cf73a2e27266a8d251e7c30e,E30
W00,S3_PARENT,neg_log10_mol_l,E30_C0,locked_common,LOEC_Morphology,143,143,0,1.1835230833407364,1.5139845197130615,0.2752734591135393,DEFINED,cf73a2e27266a8d251e7c30e,E30
W00,S3_PARENT,neg_log10_mol_l,E30_C0,locked_common,LOEC_Mortality,772,772,0,1.0432643716327954,1.3526213754938143,0.5621738771242164,DEFINED,cf73a2e27266a8d251e7c30e,E30
W00,S3_PARENT,neg_log10_mol_l,E30_C0,locked_common,LOEC_Physiology,645,645,0,1.1028167808111211,1.3911106210891218,0.42397497088345926,DEFINED,cf73a2e27266a8d251e7c30e,E30
W00,S3_PARENT,neg_log10_mol_l,E30_C0,locked_common,LOEC_Population,862,862,0,1.1658747944462275,1.481140554107225,0.49405751658091623,DEFINED,cf73a2e27266a8d251e7c30e,E30
W00,S3_PARENT,neg_log10_mol_l,E30_C0,locked_common,LOEC_Reproduction,468,468,0,1.1352521931078101,1.490839970975378,0.4400242879310491,DEFINED,cf73a2e27266a8d251e7c30e,E30
W00,S3_PARENT,neg_log10_mol_l,E30_C0,locked_common,MATC_Behavior,1,1,0,1.5217666250382917,1.5217666250382917,,N_LT_2,cf73a2e27266a8d251e7c30e,E30
W00,S3_PARENT,neg_log10_mol_l,E30_C0,locked_common,MATC_Biochemical,4,4,0,1.2971136400566374,1.4225307105242848,-0.21495775846575937,DEFINED,cf73a2e27266a8d251e7c30e,E30
W00,S3_PARENT,neg_log10_mol_l,E30_C0,locked_common,MATC_Development,10,10,0,0.6038669663506046,0.7352606916318929,0.6041924451651652,DEFINED,cf73a2e27266a8d251e7c30e,E30
W00,S3_PARENT,neg_log10_mol_l,E30_C0,locked_common,MATC_Growth,43,43,0,0.6036798531833585,0.8125131376454965,0.5169718084943382,DEFINED,cf73a2e27266a8d251e7c30e,E30
W00,S3_PARENT,neg_log10_mol_l,E30_C0,locked_common,MATC_Immobilization,3,3,0,1.0401499197278656,1.0682413703797458,-142.88673229236502,DEFINED,cf73a2e27266a8d251e7c30e,E30
W00,S3_PARENT,neg_log10_mol_l,E30_C0,locked_common,MATC_Molting,2,2,0,1.528806314362051,1.8990701335337175,-1.8896193264374852,DEFINED,cf73a2e27266a8d251e7c30e,E30
W00,S3_PARENT,neg_log10_mol_l,E30_C0,locked_common,MATC_Mortality,59,59,0,0.9492528776023351,1.203045746786531,0.7299881854944115,DEFINED,cf73a2e27266a8d251e7c30e,E30
W00,S3_PARENT,neg_log10_mol_l,E30_C0,locked_common,MATC_Physiology,2,2,0,3.7397282912092233,3.740974735238538,-1499.9089750913345,DEFINED,cf73a2e27266a8d251e7c30e,E30
W00,S3_PARENT,neg_log10_mol_l,E30_C0,locked_common,MATC_Population,19,19,0,1.3189599071363831,1.5554174994177663,-1.394293240007634,DEFINED,cf73a2e27266a8d251e7c30e,E30
W00,S3_PARENT,neg_log10_mol_l,E30_C0,locked_common,MATC_Reproduction,28,28,0,0.8575331207385926,1.149825402433579,0.6404400164328031,DEFINED,cf73a2e27266a8d251e7c30e,E30
W00,S3_PARENT,neg_log10_mol_l,E30_C0,locked_common,NOEC_Accumulation,25,25,0,1.0014463133399945,1.544228768999956,-0.08669088687094195,DEFINED,cf73a2e27266a8d251e7c30e,E30
W00,S3_PARENT,neg_log10_mol_l,E30_C0,locked_common,NOEC_Behavior,396,396,0,0.9869474626621105,1.2146654377508521,0.3944837247072219,DEFINED,cf73a2e27266a8d251e7c30e,E30
W00,S3_PARENT,neg_log10_mol_l,E30_C0,locked_common,NOEC_Biochemical,1154,1154,0,1.1230657627021958,1.4515482469195982,0.4113693822893105,DEFINED,cf73a2e27266a8d251e7c30e,E30
W00,S3_PARENT,neg_log10_mol_l,E30_C0,locked_common,NOEC_Development,549,549,0,1.1673662489188772,1.4807858552369335,0.4587207970691075,DEFINED,cf73a2e27266a8d251e7c30e,E30
W00,S3_PARENT,neg_log10_mol_l,E30_C0,locked_common,NOEC_Feeding,70,70,0,1.0250479220999686,1.2317998797695147,0.6702168424307753,DEFINED,cf73a2e27266a8d251e7c30e,E30
W00,S3_PARENT,neg_log10_mol_l,E30_C0,locked_common,NOEC_GeneticDamage,759,759,0,1.0784167339664998,1.3915740807272632,0.4207726402092098,DEFINED,cf73a2e27266a8d251e7c30e,E30
W00,S3_PARENT,neg_log10_mol_l,E30_C0,locked_common,NOEC_Growth,1046,1046,0,1.034422909949276,1.3110214376688616,0.44408805203047663,DEFINED,cf73a2e27266a8d251e7c30e,E30
W00,S3_PARENT,neg_log10_mol_l,E30_C0,locked_common,NOEC_Immobilization,260,260,0,0.9654594045095011,1.271760924985143,0.5111049215810208,DEFINED,cf73a2e27266a8d251e7c30e,E30
W00,S3_PARENT,neg_log10_mol_l,E30_C0,locked_common,NOEC_Injury,132,132,0,1.105988805660825,1.4123781682702337,0.4329618747410279,DEFINED,cf73a2e27266a8d251e7c30e,E30
W00,S3_PARENT,neg_log10_mol_l,E30_C0,locked_common,NOEC_Molting,44,44,0,0.8158476426343145,1.1126828515167704,0.6044839177710801,DEFINED,cf73a2e27266a8d251e7c30e,E30
W00,S3_PARENT,neg_log10_mol_l,E30_C0,locked_common,NOEC_Morphology,241,241,0,1.0971830307245647,1.4442505908470318,0.3656292208681322,DEFINED,cf73a2e27266a8d251e7c30e,E30
W00,S3_PARENT,neg_log10_mol_l,E30_C0,locked_common,NOEC_Mortality,1654,1654,0,0.996391386999491,1.2698975278305167,0.5425764697504595,DEFINED,cf73a2e27266a8d251e7c30e,E30
W00,S3_PARENT,neg_log10_mol_l,E30_C0,locked_common,NOEC_Physiology,702,702,0,1.0656783459664616,1.3502169377361148,0.4398687545770956,DEFINED,cf73a2e27266a8d251e7c30e,E30
W00,S3_PARENT,neg_log10_mol_l,E30_C0,locked_common,NOEC_Population,1254,1254,0,1.1875363777755297,1.4853501127303288,0.37940620715181406,DEFINED,cf73a2e27266a8d251e7c30e,E30
W00,S3_PARENT,neg_log10_mol_l,E30_C0,locked_common,NOEC_Reproduction,581,581,0,1.140187569420398,1.476821253407958,0.48859551557976433,DEFINED,cf73a2e27266a8d251e7c30e,E30
W00,S3_PARENT,neg_log10_mol_l,E30_C1,locked_common,ACx_Development,58,58,0,1.602144553706192,1.8813557539691539,-0.13969162890844156,DEFINED,5d367228d0db5ee24cfd11aa,E30
W00,S3_PARENT,neg_log10_mol_l,E30_C1,locked_common,ACx_Immobilization,32,32,0,1.6832088641697598,1.9364053644772108,-0.18532052264831522,DEFINED,5d367228d0db5ee24cfd11aa,E30
W00,S3_PARENT,neg_log10_mol_l,E30_C1,locked_common,ACx_Injury,69,69,0,1.245022084165423,1.4978371289352068,0.13267363830753598,DEFINED,5d367228d0db5ee24cfd11aa,E30
W00,S3_PARENT,neg_log10_mol_l,E30_C1,locked_common,ACx_Molting,102,102,0,0.6189349492481652,0.7854994109929292,0.1356145648872863,DEFINED,5d367228d0db5ee24cfd11aa,E30
W00,S3_PARENT,neg_log10_mol_l,E30_C1,locked_common,ACx_Mortality,57,57,0,1.5057824499381842,1.8090407429673745,0.13364944334182194,DEFINED,5d367228d0db5ee24cfd11aa,E30
W00,S3_PARENT,neg_log10_mol_l,E30_C1,locked_common,ACx_Physiology,69,69,0,1.3901111886874842,1.6577769955671084,0.0979746903157167,DEFINED,5d367228d0db5ee24cfd11aa,E30
W00,S3_PARENT,neg_log10_mol_l,E30_C1,locked_common,BMCx_Development,9,9,0,0.7533688976112429,0.9304620810070181,0.4513889876553714,DEFINED,5d367228d0db5ee24cfd11aa,E30
W00,S3_PARENT,neg_log10_mol_l,E30_C1,locked_common,BMCx_Immobilization,3,3,0,0.5410072594852711,0.7320807998118938,-0.3964822396557306,DEFINED,5d367228d0db5ee24cfd11aa,E30
W00,S3_PARENT,neg_log10_mol_l,E30_C1,locked_common,BMCx_Injury,10,10,0,0.6147597691199527,0.7294002893980815,-0.14316529934252542,DEFINED,5d367228d0db5ee24cfd11aa,E30
W00,S3_PARENT,neg_log10_mol_l,E30_C1,locked_common,BMCx_Molting,18,18,0,0.42476608502010704,0.5094028618211124,0.19320602033861156,DEFINED,5d367228d0db5ee24cfd11aa,E30
W00,S3_PARENT,neg_log10_mol_l,E30_C1,locked_common,BMCx_Mortality,9,9,0,0.41687329134883444,0.5137650430475412,0.16708841755309223,DEFINED,5d367228d0db5ee24cfd11aa,E30
W00,S3_PARENT,neg_log10_mol_l,E30_C1,locked_common,BMCx_Physiology,6,6,0,0.48985095705876674,0.5209877652505714,0.12996958807872783,DEFINED,5d367228d0db5ee24cfd11aa,E30
W00,S3_PARENT,neg_log10_mol_l,E30_C1,locked_common,BMDx_Behavior,32,32,0,1.6249453712455577,2.272591177550207,-0.0306306038209867,DEFINED,5d367228d0db5ee24cfd11aa,E30
W00,S3_PARENT,neg_log10_mol_l,E30_C1,locked_common,BMDx_Development,47,47,0,0.8750297721024116,1.117841539697251,0.07310847588571268,DEFINED,5d367228d0db5ee24cfd11aa,E30
W00,S3_PARENT,neg_log10_mol_l,E30_C1,locked_common,BMDx_Immobilization,9,9,0,0.3874711633797476,0.7567631125800249,-0.2047944225432039,DEFINED,5d367228d0db5ee24cfd11aa,E30
W00,S3_PARENT,neg_log10_mol_l,E30_C1,locked_common,BMDx_Injury,14,14,0,1.2785034404886015,1.3539055312562778,-0.3113572721365372,DEFINED,5d367228d0db5ee24cfd11aa,E30
W00,S3_PARENT,neg_log10_mol_l,E30_C1,locked_common,BMDx_Morphology,6,6,0,0.34494179720603046,0.3984988240646501,-0.5268688113521003,DEFINED,5d367228d0db5ee24cfd11aa,E30
W00,S3_PARENT,neg_log10_mol_l,E30_C1,locked_common,BMDx_Mortality,17,17,0,2.194759843786003,3.3731433165883993,-0.11157120026393175,DEFINED,5d367228d0db5ee24cfd11aa,E30
W00,S3_PARENT,neg_log10_mol_l,E30_C1,locked_common,BMDx_Physiology,12,12,0,0.9995399133384099,1.260156684340107,-0.11604998931814747,DEFINED,5d367228d0db5ee24cfd11aa,E30
W00,S3_PARENT,neg_log10_mol_l,E30_C1,locked_common,ECx_Behavior,468,468,0,0.9698935577280919,1.2685075423438967,0.6444446212168196,DEFINED,5d367228d0db5ee24cfd11aa,E30
W00,S3_PARENT,neg_log10_mol_l,E30_C1,locked_common,ECx_Biochemical,215,215,0,1.1073559774467252,1.4107051315394006,0.5754250232393499,DEFINED,5d367228d0db5ee24cfd11aa,E30
W00,S3_PARENT,neg_log10_mol_l,E30_C1,locked_common,ECx_Development,490,490,0,1.0374800544953442,1.4088485835614917,0.6016759856270522,DEFINED,5d367228d0db5ee24cfd11aa,E30
W00,S3_PARENT,neg_log10_mol_l,E30_C1,locked_common,ECx_Feeding,36,36,0,0.7977678120813039,1.0421725998023306,0.40705078980228615,DEFINED,5d367228d0db5ee24cfd11aa,E30
W00,S3_PARENT,neg_log10_mol_l,E30_C1,locked_common,ECx_GeneticDamage,47,47,0,0.6548696574529386,0.8686102808423601,0.9049345766649891,DEFINED,5d367228d0db5ee24cfd11aa,E30
W00,S3_PARENT,neg_log10_mol_l,E30_C1,locked_common,ECx_Growth,611,611,0,0.9024395396423952,1.3203663220640685,0.4195898614932623,DEFINED,5d367228d0db5ee24cfd11aa,E30
W00,S3_PARENT,neg_log10_mol_l,E30_C1,locked_common,ECx_Immobilization,1460,1460,0,0.8694899651845134,1.1239611795566822,0.7128785500712757,DEFINED,5d367228d0db5ee24cfd11aa,E30
W00,S3_PARENT,neg_log10_mol_l,E30_C1,locked_common,ECx_Injury,63,63,0,0.7625500941873196,1.0385066464260824,0.7610507642404593,DEFINED,5d367228d0db5ee24cfd11aa,E30
W00,S3_PARENT,neg_log10_mol_l,E30_C1,locked_common,ECx_Molting,180,180,0,0.8651447768759324,1.0890397382708839,0.6412418862922258,DEFINED,5d367228d0db5ee24cfd11aa,E30
W00,S3_PARENT,neg_log10_mol_l,E30_C1,locked_common,ECx_Morphology,47,47,0,0.502499953666603,0.70591880526899,0.6954419315488928,DEFINED,5d367228d0db5ee24cfd11aa,E30
W00,S3_PARENT,neg_log10_mol_l,E30_C1,locked_common,ECx_Mortality,14024,14024,0,1.0248496034519106,1.3181282698535361,0.5212592465579822,DEFINED,5d367228d0db5ee24cfd11aa,E30
W00,S3_PARENT,neg_log10_mol_l,E30_C1,locked_common,ECx_Physiology,410,410,0,0.8583522001857584,1.1358799246651476,0.6125575509547164,DEFINED,5d367228d0db5ee24cfd11aa,E30
W00,S3_PARENT,neg_log10_mol_l,E30_C1,locked_common,ECx_Population,1924,1924,0,0.8871402154979742,1.167692339154678,0.47340195485191217,DEFINED,5d367228d0db5ee24cfd11aa,E30
W00,S3_PARENT,neg_log10_mol_l,E30_C1,locked_common,ECx_Reproduction,192,192,0,0.9204078556036098,1.2159900339046859,0.42529882140963016,DEFINED,5d367228d0db5ee24cfd11aa,E30
W00,S3_PARENT,neg_log10_mol_l,E30_C1,locked_common,EDx_Development,2,2,0,1.3928756916255036,1.395533218957005,-168.0429132950618,DEFINED,5d367228d0db5ee24cfd11aa,E30
W00,S3_PARENT,neg_log10_mol_l,E30_C1,locked_common,EDx_Growth,1,1,0,1.8575976914507883,1.8575976914507883,,N_LT_2,5d367228d0db5ee24cfd11aa,E30
W00,S3_PARENT,neg_log10_mol_l,E30_C1,locked_common,EDx_Physiology,1,1,0,0.7805936788730299,0.7805936788730299,,N_LT_2,5d367228d0db5ee24cfd11aa,E30
W00,S3_PARENT,neg_log10_mol_l,E30_C1,locked_common,EDx_Population,2,2,0,0.6990178872566899,0.699321015409849,-1152.757255887402,DEFINED,5d367228d0db5ee24cfd11aa,E30
W00,S3_PARENT,neg_log10_mol_l,E30_C1,locked_common,ICx_Behavior,3,3,0,0.567938601053286,0.6766791985261262,0.5990491439814154,DEFINED,5d367228d0db5ee24cfd11aa,E30
W00,S3_PARENT,neg_log10_mol_l,E30_C1,locked_common,ICx_Biochemical,168,168,0,1.2464739544740773,1.563431999627592,0.3245023536970828,DEFINED,5d367228d0db5ee24cfd11aa,E30
W00,S3_PARENT,neg_log10_mol_l,E30_C1,locked_common,ICx_Development,26,26,0,1.8969289536124063,2.1529691794739545,0.13598990972830716,DEFINED,5d367228d0db5ee24cfd11aa,E30
W00,S3_PARENT,neg_log10_mol_l,E30_C1,locked_common,ICx_Feeding,3,3,0,0.3217105539571857,0.38703875352477557,-6.598477170810088,DEFINED,5d367228d0db5ee24cfd11aa,E30
W00,S3_PARENT,neg_log10_mol_l,E30_C1,locked_common,ICx_GeneticDamage,5,5,0,0.7736099642912012,0.8205460841605902,0.4134266563836497,DEFINED,5d367228d0db5ee24cfd11aa,E30
W00,S3_PARENT,neg_log10_mol_l,E30_C1,locked_common,ICx_Growth,102,102,0,0.8921490786814011,1.1094971632115918,0.41424815119827707,DEFINED,5d367228d0db5ee24cfd11aa,E30
W00,S3_PARENT,neg_log10_mol_l,E30_C1,locked_common,ICx_Immobilization,17,17,0,1.2884516119988423,1.4583157077354714,-1.7171505074036664,DEFINED,5d367228d0db5ee24cfd11aa,E30
W00,S3_PARENT,neg_log10_mol_l,E30_C1,locked_common,ICx_Mortality,22,22,0,2.199669823241426,2.4266281474521993,-0.07400118389737242,DEFINED,5d367228d0db5ee24cfd11aa,E30
W00,S3_PARENT,neg_log10_mol_l,E30_C1,locked_common,ICx_Physiology,142,142,0,0.8215241164747482,1.0991338013308642,0.7652732411411383,DEFINED,5d367228d0db5ee24cfd11aa,E30
W00,S3_PARENT,neg_log10_mol_l,E30_C1,locked_common,ICx_Population,274,274,0,0.8633428852522229,1.1712678892220012,0.594010273638931,DEFINED,5d367228d0db5ee24cfd11aa,E30
W00,S3_PARENT,neg_log10_mol_l,E30_C1,locked_common,ICx_Reproduction,63,63,0,1.4581205769474934,1.6767278661027951,-0.07306581062343165,DEFINED,5d367228d0db5ee24cfd11aa,E30
W00,S3_PARENT,neg_log10_mol_l,E30_C1,locked_common,LDx_Injury,5,5,0,0.5306362176545233,0.7046491522196346,0.5544371239366412,DEFINED,5d367228d0db5ee24cfd11aa,E30
W00,S3_PARENT,neg_log10_mol_l,E30_C1,locked_common,LDx_Mortality,233,233,0,0.8918894270731217,1.1954758022259466,0.40618683353182206,DEFINED,5d367228d0db5ee24cfd11aa,E30
W00,S3_PARENT,neg_log10_mol_l,E30_C1,locked_common,LDx_Physiology,6,6,0,0.34677543181713383,0.4166137350759539,-2.748109678407543,DEFINED,5d367228d0db5ee24cfd11aa,E30
W00,S3_PARENT,neg_log10_mol_l,E30_C1,locked_common,LOEC_Accumulation,37,37,0,1.2293236023787093,1.5820718262669742,0.13054903527589456,DEFINED,5d367228d0db5ee24cfd11aa,E30
W00,S3_PARENT,neg_log10_mol_l,E30_C1,locked_common,LOEC_Behavior,312,312,0,0.9896872920932928,1.2496842730167177,0.4636186309949788,DEFINED,5d367228d0db5ee24cfd11aa,E30
W00,S3_PARENT,neg_log10_mol_l,E30_C1,locked_common,LOEC_Biochemical,1225,1225,0,1.1343483569759345,1.4578418921262506,0.37224316844481997,DEFINED,5d367228d0db5ee24cfd11aa,E30
W00,S3_PARENT,neg_log10_mol_l,E30_C1,locked_common,LOEC_Development,403,403,0,1.2284981996456767,1.5219544565674852,0.3984026627962556,DEFINED,5d367228d0db5ee24cfd11aa,E30
W00,S3_PARENT,neg_log10_mol_l,E30_C1,locked_common,LOEC_Feeding,28,28,0,0.5530424884225564,0.704565912075139,0.007472162030234819,DEFINED,5d367228d0db5ee24cfd11aa,E30
W00,S3_PARENT,neg_log10_mol_l,E30_C1,locked_common,LOEC_GeneticDamage,786,786,0,1.1228001386513036,1.4297405755749413,0.34271061194809116,DEFINED,5d367228d0db5ee24cfd11aa,E30
W00,S3_PARENT,neg_log10_mol_l,E30_C1,locked_common,LOEC_Growth,784,784,0,1.0347066215738396,1.3416114886981292,0.41492289226599244,DEFINED,5d367228d0db5ee24cfd11aa,E30
W00,S3_PARENT,neg_log10_mol_l,E30_C1,locked_common,LOEC_Immobilization,59,59,0,0.8764214252949349,1.215775101184839,0.5293664814478901,DEFINED,5d367228d0db5ee24cfd11aa,E30
W00,S3_PARENT,neg_log10_mol_l,E30_C1,locked_common,LOEC_Injury,98,98,0,1.2506337929882958,1.5332815963941433,0.4265703803773302,DEFINED,5d367228d0db5ee24cfd11aa,E30
W00,S3_PARENT,neg_log10_mol_l,E30_C1,locked_common,LOEC_Molting,24,24,0,1.117972511301148,1.3862545220669489,0.60011507583533,DEFINED,5d367228d0db5ee24cfd11aa,E30
W00,S3_PARENT,neg_log10_mol_l,E30_C1,locked_common,LOEC_Morphology,143,143,0,1.2332022551510033,1.5716087759222144,0.21905546934903275,DEFINED,5d367228d0db5ee24cfd11aa,E30
W00,S3_PARENT,neg_log10_mol_l,E30_C1,locked_common,LOEC_Mortality,772,772,0,1.046372654363384,1.3545787578840818,0.5609058013165897,DEFINED,5d367228d0db5ee24cfd11aa,E30
W00,S3_PARENT,neg_log10_mol_l,E30_C1,locked_common,LOEC_Physiology,645,645,0,1.0964774255170406,1.3840088400096435,0.4298413075753822,DEFINED,5d367228d0db5ee24cfd11aa,E30
W00,S3_PARENT,neg_log10_mol_l,E30_C1,locked_common,LOEC_Population,862,862,0,1.1182576383781992,1.4332898532040486,0.5262200754914913,DEFINED,5d367228d0db5ee24cfd11aa,E30
W00,S3_PARENT,neg_log10_mol_l,E30_C1,locked_common,LOEC_Reproduction,468,468,0,1.150108959141241,1.5042324754516672,0.4299183583798306,DEFINED,5d367228d0db5ee24cfd11aa,E30
W00,S3_PARENT,neg_log10_mol_l,E30_C1,locked_common,MATC_Behavior,1,1,0,1.5438693247042181,1.5438693247042181,,N_LT_2,5d367228d0db5ee24cfd11aa,E30
W00,S3_PARENT,neg_log10_mol_l,E30_C1,locked_common,MATC_Biochemical,4,4,0,1.2697809423885102,1.4004510218795043,-0.17753473349123694,DEFINED,5d367228d0db5ee24cfd11aa,E30
W00,S3_PARENT,neg_log10_mol_l,E30_C1,locked_common,MATC_Development,10,10,0,0.7442715397148034,0.8749190641044906,0.4395496535236447,DEFINED,5d367228d0db5ee24cfd11aa,E30
W00,S3_PARENT,neg_log10_mol_l,E30_C1,locked_common,MATC_Growth,43,43,0,0.5848288005398035,0.8091856834797179,0.5209199615278113,DEFINED,5d367228d0db5ee24cfd11aa,E30
W00,S3_PARENT,neg_log10_mol_l,E30_C1,locked_common,MATC_Immobilization,3,3,0,1.2564137351542524,1.2761444246883613,-204.3438112364726,DEFINED,5d367228d0db5ee24cfd11aa,E30
W00,S3_PARENT,neg_log10_mol_l,E30_C1,locked_common,MATC_Molting,2,2,0,1.7791248514855948,2.107302715522395,-2.558053544736769,DEFINED,5d367228d0db5ee24cfd11aa,E30
W00,S3_PARENT,neg_log10_mol_l,E30_C1,locked_common,MATC_Mortality,59,59,0,1.0010876036084235,1.2532866356508592,0.7069651315390029,DEFINED,5d367228d0db5ee24cfd11aa,E30
W00,S3_PARENT,neg_log10_mol_l,E30_C1,locked_common,MATC_Physiology,2,2,0,3.770075075049734,3.7713114892744737,-1524.3503729850738,DEFINED,5d367228d0db5ee24cfd11aa,E30
W00,S3_PARENT,neg_log10_mol_l,E30_C1,locked_common,MATC_Population,19,19,0,1.3510484527940507,1.5658909705147646,-1.4266459531683262,DEFINED,5d367228d0db5ee24cfd11aa,E30
W00,S3_PARENT,neg_log10_mol_l,E30_C1,locked_common,MATC_Reproduction,28,28,0,0.9186253417279172,1.2280594123661017,0.5898466057000131,DEFINED,5d367228d0db5ee24cfd11aa,E30
W00,S3_PARENT,neg_log10_mol_l,E30_C1,locked_common,NOEC_Accumulation,25,25,0,1.0778310767606627,1.6501821834748893,-0.24092785867738575,DEFINED,5d367228d0db5ee24cfd11aa,E30
W00,S3_PARENT,neg_log10_mol_l,E30_C1,locked_common,NOEC_Behavior,396,396,0,1.0035530827531933,1.2295638299463125,0.3795387971141626,DEFINED,5d367228d0db5ee24cfd11aa,E30
W00,S3_PARENT,neg_log10_mol_l,E30_C1,locked_common,NOEC_Biochemical,1154,1154,0,1.1385416844040397,1.4687888510303027,0.3973035523625772,DEFINED,5d367228d0db5ee24cfd11aa,E30
W00,S3_PARENT,neg_log10_mol_l,E30_C1,locked_common,NOEC_Development,549,549,0,1.2173395346150673,1.5397988160139142,0.41471851051932607,DEFINED,5d367228d0db5ee24cfd11aa,E30
W00,S3_PARENT,neg_log10_mol_l,E30_C1,locked_common,NOEC_Feeding,70,70,0,0.9981322982220846,1.1870327570299424,0.6937517858979261,DEFINED,5d367228d0db5ee24cfd11aa,E30
W00,S3_PARENT,neg_log10_mol_l,E30_C1,locked_common,NOEC_GeneticDamage,759,759,0,1.1237225747456692,1.4321188271648795,0.3865283272629766,DEFINED,5d367228d0db5ee24cfd11aa,E30
W00,S3_PARENT,neg_log10_mol_l,E30_C1,locked_common,NOEC_Growth,1046,1046,0,1.045823332013079,1.3191653194407316,0.4371601064331989,DEFINED,5d367228d0db5ee24cfd11aa,E30
W00,S3_PARENT,neg_log10_mol_l,E30_C1,locked_common,NOEC_Immobilization,260,260,0,0.9778474541839843,1.2785492730845742,0.5058717879711601,DEFINED,5d367228d0db5ee24cfd11aa,E30
W00,S3_PARENT,neg_log10_mol_l,E30_C1,locked_common,NOEC_Injury,132,132,0,1.1069979810719452,1.3946737270575105,0.4470886466829649,DEFINED,5d367228d0db5ee24cfd11aa,E30
W00,S3_PARENT,neg_log10_mol_l,E30_C1,locked_common,NOEC_Molting,44,44,0,0.8694577631559401,1.1511012121926987,0.576699891222072,DEFINED,5d367228d0db5ee24cfd11aa,E30
W00,S3_PARENT,neg_log10_mol_l,E30_C1,locked_common,NOEC_Morphology,241,241,0,1.154556242519805,1.4776514967734276,0.3359479858867811,DEFINED,5d367228d0db5ee24cfd11aa,E30
W00,S3_PARENT,neg_log10_mol_l,E30_C1,locked_common,NOEC_Mortality,1654,1654,0,1.0054142657107485,1.269221432174905,0.5430634062614303,DEFINED,5d367228d0db5ee24cfd11aa,E30
W00,S3_PARENT,neg_log10_mol_l,E30_C1,locked_common,NOEC_Physiology,702,702,0,1.0722505329557466,1.3580253443693042,0.4333714588869305,DEFINED,5d367228d0db5ee24cfd11aa,E30
W00,S3_PARENT,neg_log10_mol_l,E30_C1,locked_common,NOEC_Population,1254,1254,0,1.1448826641983798,1.4344365568437178,0.42122142000368223,DEFINED,5d367228d0db5ee24cfd11aa,E30
W00,S3_PARENT,neg_log10_mol_l,E30_C1,locked_common,NOEC_Reproduction,581,581,0,1.1715464394246433,1.5044065294557254,0.46931222442723375,DEFINED,5d367228d0db5ee24cfd11aa,E30
W00,S3_PARENT,neg_log10_mol_l,E30_C2,locked_common,ACx_Development,58,58,0,1.5826023409770689,1.8480337608541444,-0.099677421201674,DEFINED,c4d8d1bbda4f243a5906b044,E30
W00,S3_PARENT,neg_log10_mol_l,E30_C2,locked_common,ACx_Immobilization,32,32,0,1.6703232535893353,1.8891421534918837,-0.12816475342981426,DEFINED,c4d8d1bbda4f243a5906b044,E30
W00,S3_PARENT,neg_log10_mol_l,E30_C2,locked_common,ACx_Injury,69,69,0,1.219921678338354,1.5035001496053269,0.12610286760213785,DEFINED,c4d8d1bbda4f243a5906b044,E30
W00,S3_PARENT,neg_log10_mol_l,E30_C2,locked_common,ACx_Molting,102,102,0,0.5904262732902075,0.7540741107665687,0.20339363117124154,DEFINED,c4d8d1bbda4f243a5906b044,E30
W00,S3_PARENT,neg_log10_mol_l,E30_C2,locked_common,ACx_Mortality,57,57,0,1.50882733041892,1.7974574963240924,0.14470837033489747,DEFINED,c4d8d1bbda4f243a5906b044,E30
W00,S3_PARENT,neg_log10_mol_l,E30_C2,locked_common,ACx_Physiology,69,69,0,1.400652101199675,1.6618751534103675,0.09350941988954908,DEFINED,c4d8d1bbda4f243a5906b044,E30
W00,S3_PARENT,neg_log10_mol_l,E30_C2,locked_common,BMCx_Development,9,9,0,0.7789913905720632,0.9624739665131922,0.4129904788125177,DEFINED,c4d8d1bbda4f243a5906b044,E30
W00,S3_PARENT,neg_log10_mol_l,E30_C2,locked_common,BMCx_Immobilization,3,3,0,0.5275266368597471,0.7133227195597645,-0.32583505159301396,DEFINED,c4d8d1bbda4f243a5906b044,E30
W00,S3_PARENT,neg_log10_mol_l,E30_C2,locked_common,BMCx_Injury,10,10,0,0.6216299419881531,0.7357111693402264,-0.16303254920279286,DEFINED,c4d8d1bbda4f243a5906b044,E30
W00,S3_PARENT,neg_log10_mol_l,E30_C2,locked_common,BMCx_Molting,18,18,0,0.42109516855992335,0.5000061685950026,0.22269651940913904,DEFINED,c4d8d1bbda4f243a5906b044,E30
W00,S3_PARENT,neg_log10_mol_l,E30_C2,locked_common,BMCx_Mortality,9,9,0,0.42902154366491935,0.5335480449150707,0.10170938018680586,DEFINED,c4d8d1bbda4f243a5906b044,E30
W00,S3_PARENT,neg_log10_mol_l,E30_C2,locked_common,BMCx_Physiology,6,6,0,0.4860049077081133,0.5166988226994335,0.14423537776503237,DEFINED,c4d8d1bbda4f243a5906b044,E30
W00,S3_PARENT,neg_log10_mol_l,E30_C2,locked_common,BMDx_Behavior,32,32,0,1.6387580682756524,2.281112487335527,-0.03837400073152164,DEFINED,c4d8d1bbda4f243a5906b044,E30
W00,S3_PARENT,neg_log10_mol_l,E30_C2,locked_common,BMDx_Development,47,47,0,0.9157666149001267,1.1148300036494303,0.07809595770322308,DEFINED,c4d8d1bbda4f243a5906b044,E30
W00,S3_PARENT,neg_log10_mol_l,E30_C2,locked_common,BMDx_Immobilization,9,9,0,0.4115047940383111,0.7593713879712229,-0.21311367326585784,DEFINED,c4d8d1bbda4f243a5906b044,E30
W00,S3_PARENT,neg_log10_mol_l,E30_C2,locked_common,BMDx_Injury,14,14,0,1.2666294129298041,1.3427982976660853,-0.2899291821700336,DEFINED,c4d8d1bbda4f243a5906b044,E30
W00,S3_PARENT,neg_log10_mol_l,E30_C2,locked_common,BMDx_Morphology,6,6,0,0.30091734015990673,0.3617228827452416,-0.25805492514265005,DEFINED,c4d8d1bbda4f243a5906b044,E30
W00,S3_PARENT,neg_log10_mol_l,E30_C2,locked_common,BMDx_Mortality,17,17,0,2.1915896800621053,3.370354497277718,-0.10973392893954426,DEFINED,c4d8d1bbda4f243a5906b044,E30
W00,S3_PARENT,neg_log10_mol_l,E30_C2,locked_common,BMDx_Physiology,12,12,0,0.9956477174043211,1.249761934861669,-0.09771383649128351,DEFINED,c4d8d1bbda4f243a5906b044,E30
W00,S3_PARENT,neg_log10_mol_l,E30_C2,locked_common,ECx_Behavior,468,468,0,1.0339168032506765,1.3483270366491866,0.5982909356201007,DEFINED,c4d8d1bbda4f243a5906b044,E30
W00,S3_PARENT,neg_log10_mol_l,E30_C2,locked_common,ECx_Biochemical,215,215,0,1.0864805865339815,1.4449945070880617,0.5545342745330544,DEFINED,c4d8d1bbda4f243a5906b044,E30
W00,S3_PARENT,neg_log10_mol_l,E30_C2,locked_common,ECx_Development,490,490,0,1.0551307830370396,1.413191555451546,0.5992164220345293,DEFINED,c4d8d1bbda4f243a5906b044,E30
W00,S3_PARENT,neg_log10_mol_l,E30_C2,locked_common,ECx_Feeding,36,36,0,0.7573722595031022,1.0438697707713807,0.405117989819507,DEFINED,c4d8d1bbda4f243a5906b044,E30
W00,S3_PARENT,neg_log10_mol_l,E30_C2,locked_common,ECx_GeneticDamage,47,47,0,0.6748385934800903,0.8830735044384584,0.9017423518745341,DEFINED,c4d8d1bbda4f243a5906b044,E30
W00,S3_PARENT,neg_log10_mol_l,E30_C2,locked_common,ECx_Growth,611,611,0,0.8924420843778134,1.3476904269881664,0.39531889223702366,DEFINED,c4d8d1bbda4f243a5906b044,E30
W00,S3_PARENT,neg_log10_mol_l,E30_C2,locked_common,ECx_Immobilization,1460,1460,0,0.8575453122157666,1.1132684479329469,0.7183155865182895,DEFINED,c4d8d1bbda4f243a5906b044,E30
W00,S3_PARENT,neg_log10_mol_l,E30_C2,locked_common,ECx_Injury,63,63,0,0.7190285104681164,1.0692752412182898,0.7466819670225382,DEFINED,c4d8d1bbda4f243a5906b044,E30
W00,S3_PARENT,neg_log10_mol_l,E30_C2,locked_common,ECx_Molting,180,180,0,0.9006571886193869,1.1406640965918644,0.6064228998501138,DEFINED,c4d8d1bbda4f243a5906b044,E30
W00,S3_PARENT,neg_log10_mol_l,E30_C2,locked_common,ECx_Morphology,47,47,0,0.40653504929071804,0.5670327937455562,0.8034934821854264,DEFINED,c4d8d1bbda4f243a5906b044,E30
W00,S3_PARENT,neg_log10_mol_l,E30_C2,locked_common,ECx_Mortality,14024,14024,0,1.0528722475232792,1.3611884001392056,0.4894696924949664,DEFINED,c4d8d1bbda4f243a5906b044,E30
W00,S3_PARENT,neg_log10_mol_l,E30_C2,locked_common,ECx_Physiology,410,410,0,0.8808569066701214,1.1668196200603203,0.5911633701326171,DEFINED,c4d8d1bbda4f243a5906b044,E30
W00,S3_PARENT,neg_log10_mol_l,E30_C2,locked_common,ECx_Population,1924,1924,0,0.9409695498384717,1.2443682413121089,0.40197379096899477,DEFINED,c4d8d1bbda4f243a5906b044,E30
W00,S3_PARENT,neg_log10_mol_l,E30_C2,locked_common,ECx_Reproduction,192,192,0,0.9533519906733733,1.2562214484282401,0.3866413913859582,DEFINED,c4d8d1bbda4f243a5906b044,E30
W00,S3_PARENT,neg_log10_mol_l,E30_C2,locked_common,EDx_Development,2,2,0,1.2910510425670676,1.2930499153647208,-144.12665705954686,DEFINED,c4d8d1bbda4f243a5906b044,E30
W00,S3_PARENT,neg_log10_mol_l,E30_C2,locked_common,EDx_Growth,1,1,0,1.5804778257556613,1.5804778257556613,,N_LT_2,c4d8d1bbda4f243a5906b044,E30
W00,S3_PARENT,neg_log10_mol_l,E30_C2,locked_common,EDx_Physiology,1,1,0,0.6750299584070429,0.6750299584070429,,N_LT_2,c4d8d1bbda4f243a5906b044,E30
W00,S3_PARENT,neg_log10_mol_l,E30_C2,locked_common,EDx_Population,2,2,0,0.23712735284949282,0.2380194474375228,-132.65529585714322,DEFINED,c4d8d1bbda4f243a5906b044,E30
W00,S3_PARENT,neg_log10_mol_l,E30_C2,locked_common,ICx_Behavior,3,3,0,0.5474914104500529,0.5603591685864636,0.72504700354314,DEFINED,c4d8d1bbda4f243a5906b044,E30
W00,S3_PARENT,neg_log10_mol_l,E30_C2,locked_common,ICx_Biochemical,168,168,0,1.2918998859053654,1.6141017024203261,0.28000805466544954,DEFINED,c4d8d1bbda4f243a5906b044,E30
W00,S3_PARENT,neg_log10_mol_l,E30_C2,locked_common,ICx_Development,26,26,0,1.9533718139167189,2.208918704801913,0.09050010278930465,DEFINED,c4d8d1bbda4f243a5906b044,E30
W00,S3_PARENT,neg_log10_mol_l,E30_C2,locked_common,ICx_Feeding,3,3,0,0.40068566265897737,0.4296484345760346,-8.36362744391401,DEFINED,c4d8d1bbda4f243a5906b044,E30
W00,S3_PARENT,neg_log10_mol_l,E30_C2,locked_common,ICx_GeneticDamage,5,5,0,0.6877172680051743,0.8358519307773652,0.3913395701592173,DEFINED,c4d8d1bbda4f243a5906b044,E30
W00,S3_PARENT,neg_log10_mol_l,E30_C2,locked_common,ICx_Growth,102,102,0,1.0740432730210259,1.3550328524362332,0.12630283777922013,DEFINED,c4d8d1bbda4f243a5906b044,E30
W00,S3_PARENT,neg_log10_mol_l,E30_C2,locked_common,ICx_Immobilization,17,17,0,1.2699135335711365,1.437622504421493,-1.6405859803284506,DEFINED,c4d8d1bbda4f243a5906b044,E30
W00,S3_PARENT,neg_log10_mol_l,E30_C2,locked_common,ICx_Mortality,22,22,0,2.223036791587894,2.5180601300082808,-0.15645966927620103,DEFINED,c4d8d1bbda4f243a5906b044,E30
W00,S3_PARENT,neg_log10_mol_l,E30_C2,locked_common,ICx_Physiology,142,142,0,0.8713716449987758,1.1431830021869605,0.746082290886819,DEFINED,c4d8d1bbda4f243a5906b044,E30
W00,S3_PARENT,neg_log10_mol_l,E30_C2,locked_common,ICx_Population,274,274,0,0.8938311468904645,1.2343297561360849,0.5491158517672659,DEFINED,c4d8d1bbda4f243a5906b044,E30
W00,S3_PARENT,neg_log10_mol_l,E30_C2,locked_common,ICx_Reproduction,63,63,0,1.770508767669166,2.014108685382787,-0.5483423696608425,DEFINED,c4d8d1bbda4f243a5906b044,E30
W00,S3_PARENT,neg_log10_mol_l,E30_C2,locked_common,LDx_Injury,5,5,0,0.5336070955646754,0.6898510516785202,0.5729548513507818,DEFINED,c4d8d1bbda4f243a5906b044,E30
W00,S3_PARENT,neg_log10_mol_l,E30_C2,locked_common,LDx_Mortality,233,233,0,0.9666362657766726,1.2500975953891675,0.3506840328881825,DEFINED,c4d8d1bbda4f243a5906b044,E30
W00,S3_PARENT,neg_log10_mol_l,E30_C2,locked_common,LDx_Physiology,6,6,0,0.31420498268447333,0.38132150029978795,-2.1399859828961976,DEFINED,c4d8d1bbda4f243a5906b044,E30
W00,S3_PARENT,neg_log10_mol_l,E30_C2,locked_common,LOEC_Accumulation,37,37,0,1.1981226427458502,1.5350217559231012,0.1814941821300965,DEFINED,c4d8d1bbda4f243a5906b044,E30
W00,S3_PARENT,neg_log10_mol_l,E30_C2,locked_common,LOEC_Behavior,312,312,0,0.9857778740849966,1.2475593541814478,0.46544116791711565,DEFINED,c4d8d1bbda4f243a5906b044,E30
W00,S3_PARENT,neg_log10_mol_l,E30_C2,locked_common,LOEC_Biochemical,1225,1225,0,1.1324668015617756,1.4636252337166846,0.3672525950829634,DEFINED,c4d8d1bbda4f243a5906b044,E30
W00,S3_PARENT,neg_log10_mol_l,E30_C2,locked_common,LOEC_Development,403,403,0,1.235178198915726,1.5453562475835174,0.37975993498353344,DEFINED,c4d8d1bbda4f243a5906b044,E30
W00,S3_PARENT,neg_log10_mol_l,E30_C2,locked_common,LOEC_Feeding,28,28,0,0.5436745645220188,0.7125943687850224,-0.01527621843008009,DEFINED,c4d8d1bbda4f243a5906b044,E30
W00,S3_PARENT,neg_log10_mol_l,E30_C2,locked_common,LOEC_GeneticDamage,786,786,0,1.1145065053389565,1.429196950574753,0.3432103543751758,DEFINED,c4d8d1bbda4f243a5906b044,E30
W00,S3_PARENT,neg_log10_mol_l,E30_C2,locked_common,LOEC_Growth,784,784,0,1.0390307114554318,1.3466106733693324,0.4105544771046652,DEFINED,c4d8d1bbda4f243a5906b044,E30
W00,S3_PARENT,neg_log10_mol_l,E30_C2,locked_common,LOEC_Immobilization,59,59,0,0.853247762061676,1.2003610337581334,0.5412245790227768,DEFINED,c4d8d1bbda4f243a5906b044,E30
W00,S3_PARENT,neg_log10_mol_l,E30_C2,locked_common,LOEC_Injury,98,98,0,1.2891400055925328,1.600417451087297,0.37525493721423686,DEFINED,c4d8d1bbda4f243a5906b044,E30
W00,S3_PARENT,neg_log10_mol_l,E30_C2,locked_common,LOEC_Molting,24,24,0,0.9398943278090645,1.2978043815499791,0.6495165204984724,DEFINED,c4d8d1bbda4f243a5906b044,E30
W00,S3_PARENT,neg_log10_mol_l,E30_C2,locked_common,LOEC_Morphology,143,143,0,1.2309618176893036,1.5505982445805928,0.23979648544973153,DEFINED,c4d8d1bbda4f243a5906b044,E30
W00,S3_PARENT,neg_log10_mol_l,E30_C2,locked_common,LOEC_Mortality,772,772,0,1.0549964965098806,1.3682630153705384,0.5519893340456348,DEFINED,c4d8d1bbda4f243a5906b044,E30
W00,S3_PARENT,neg_log10_mol_l,E30_C2,locked_common,LOEC_Physiology,645,645,0,1.117193360443094,1.4081016603609449,0.4098178871658339,DEFINED,c4d8d1bbda4f243a5906b044,E30
W00,S3_PARENT,neg_log10_mol_l,E30_C2,locked_common,LOEC_Population,862,862,0,1.176761678107544,1.496304601415107,0.48364471715728097,DEFINED,c4d8d1bbda4f243a5906b044,E30
W00,S3_PARENT,neg_log10_mol_l,E30_C2,locked_common,LOEC_Reproduction,468,468,0,1.198428423241552,1.5536694368982173,0.3918308594758396,DEFINED,c4d8d1bbda4f243a5906b044,E30
W00,S3_PARENT,neg_log10_mol_l,E30_C2,locked_common,MATC_Behavior,1,1,0,1.568993402248477,1.568993402248477,,N_LT_2,c4d8d1bbda4f243a5906b044,E30
W00,S3_PARENT,neg_log10_mol_l,E30_C2,locked_common,MATC_Biochemical,4,4,0,1.2456295355026803,1.3851060199202776,-0.15187117464813915,DEFINED,c4d8d1bbda4f243a5906b044,E30
W00,S3_PARENT,neg_log10_mol_l,E30_C2,locked_common,MATC_Development,10,10,0,1.4042787849654812,1.5522463362156123,-0.7640978450165603,DEFINED,c4d8d1bbda4f243a5906b044,E30
W00,S3_PARENT,neg_log10_mol_l,E30_C2,locked_common,MATC_Growth,43,43,0,0.6037350057231242,0.7792450406392765,0.555716904736346,DEFINED,c4d8d1bbda4f243a5906b044,E30
W00,S3_PARENT,neg_log10_mol_l,E30_C2,locked_common,MATC_Immobilization,3,3,0,1.2880887114040076,1.2993660425833211,-211.88496432714138,DEFINED,c4d8d1bbda4f243a5906b044,E30
W00,S3_PARENT,neg_log10_mol_l,E30_C2,locked_common,MATC_Molting,2,2,0,2.1792804550203293,2.4334067346986608,-3.7444736304666923,DEFINED,c4d8d1bbda4f243a5906b044,E30
W00,S3_PARENT,neg_log10_mol_l,E30_C2,locked_common,MATC_Mortality,59,59,0,0.9456502219109452,1.1945615821433726,0.7337831317394241,DEFINED,c4d8d1bbda4f243a5906b044,E30
W00,S3_PARENT,neg_log10_mol_l,E30_C2,locked_common,MATC_Physiology,2,2,0,3.7863149284142024,3.787546041271926,-1537.51114217177,DEFINED,c4d8d1bbda4f243a5906b044,E30
W00,S3_PARENT,neg_log10_mol_l,E30_C2,locked_common,MATC_Population,19,19,0,1.0812065496748988,1.280243837411596,-0.6220669139134927,DEFINED,c4d8d1bbda4f243a5906b044,E30
W00,S3_PARENT,neg_log10_mol_l,E30_C2,locked_common,MATC_Reproduction,28,28,0,0.9797573554317681,1.3184939648962741,0.5272148290179475,DEFINED,c4d8d1bbda4f243a5906b044,E30
W00,S3_PARENT,neg_log10_mol_l,E30_C2,locked_common,NOEC_Accumulation,25,25,0,1.1072800406540124,1.5062396112477037,-0.03388176578321733,DEFINED,c4d8d1bbda4f243a5906b044,E30
W00,S3_PARENT,neg_log10_mol_l,E30_C2,locked_common,NOEC_Behavior,396,396,0,0.9893815245904022,1.2163188861262504,0.39283409955244697,DEFINED,c4d8d1bbda4f243a5906b044,E30
W00,S3_PARENT,neg_log10_mol_l,E30_C2,locked_common,NOEC_Biochemical,1154,1154,0,1.160254216677844,1.492036610196163,0.37807379511910033,DEFINED,c4d8d1bbda4f243a5906b044,E30
W00,S3_PARENT,neg_log10_mol_l,E30_C2,locked_common,NOEC_Development,549,549,0,1.2262585908002153,1.5482281120500083,0.40829297673159726,DEFINED,c4d8d1bbda4f243a5906b044,E30
W00,S3_PARENT,neg_log10_mol_l,E30_C2,locked_common,NOEC_Feeding,70,70,0,1.0975842785621317,1.3207035312432633,0.6208955910376551,DEFINED,c4d8d1bbda4f243a5906b044,E30
W00,S3_PARENT,neg_log10_mol_l,E30_C2,locked_common,NOEC_GeneticDamage,759,759,0,1.1355202120690662,1.4365897940100198,0.38269192363172866,DEFINED,c4d8d1bbda4f243a5906b044,E30
W00,S3_PARENT,neg_log10_mol_l,E30_C2,locked_common,NOEC_Growth,1046,1046,0,1.05182597314565,1.3286747958759013,0.42901616229997297,DEFINED,c4d8d1bbda4f243a5906b044,E30
W00,S3_PARENT,neg_log10_mol_l,E30_C2,locked_common,NOEC_Immobilization,260,260,0,0.9462567421022544,1.251496673278784,0.5265609131491129,DEFINED,c4d8d1bbda4f243a5906b044,E30
W00,S3_PARENT,neg_log10_mol_l,E30_C2,locked_common,NOEC_Injury,132,132,0,1.1058264966960865,1.4140896001265457,0.43158683922037755,DEFINED,c4d8d1bbda4f243a5906b044,E30
W00,S3_PARENT,neg_log10_mol_l,E30_C2,locked_common,NOEC_Molting,44,44,0,0.9474025329882768,1.1889596609929896,0.548398269104238,DEFINED,c4d8d1bbda4f243a5906b044,E30
W00,S3_PARENT,neg_log10_mol_l,E30_C2,locked_common,NOEC_Morphology,241,241,0,1.1371818632223127,1.462924329286381,0.3491187105486303,DEFINED,c4d8d1bbda4f243a5906b044,E30
W00,S3_PARENT,neg_log10_mol_l,E30_C2,locked_common,NOEC_Mortality,1654,1654,0,1.0097607311063228,1.2790072616548958,0.5359901858524774,DEFINED,c4d8d1bbda4f243a5906b044,E30
W00,S3_PARENT,neg_log10_mol_l,E30_C2,locked_common,NOEC_Physiology,702,702,0,1.0787332066869224,1.369129950018258,0.42406690178970696,DEFINED,c4d8d1bbda4f243a5906b044,E30
W00,S3_PARENT,neg_log10_mol_l,E30_C2,locked_common,NOEC_Population,1254,1254,0,1.2350586653341267,1.5338552942779042,0.33821253052389255,DEFINED,c4d8d1bbda4f243a5906b044,E30
W00,S3_PARENT,neg_log10_mol_l,E30_C2,locked_common,NOEC_Reproduction,581,581,0,1.199370178496673,1.5344785239968586,0.4478840500777217,DEFINED,c4d8d1bbda4f243a5906b044,E30
W00,S3_PARENT,neg_log10_mol_l,E31_A_KEEP,locked_common,ACx_Development,58,58,0,1.6388270357205272,1.9923482955952403,-0.27813295174964914,DEFINED,9e97d0a454ea3cd39b1c9fb0,E31
W00,S3_PARENT,neg_log10_mol_l,E31_A_KEEP,locked_common,ACx_Immobilization,32,32,0,1.7334720200023475,2.077305754827632,-0.36409337008590725,DEFINED,9e97d0a454ea3cd39b1c9fb0,E31
W00,S3_PARENT,neg_log10_mol_l,E31_A_KEEP,locked_common,ACx_Injury,69,69,0,1.178241003722266,1.516151774392289,0.11133368190609172,DEFINED,9e97d0a454ea3cd39b1c9fb0,E31
W00,S3_PARENT,neg_log10_mol_l,E31_A_KEEP,locked_common,ACx_Molting,103,103,0,0.78196581055375,0.9716258218761037,-0.14263445859795043,DEFINED,9e97d0a454ea3cd39b1c9fb0,E31
W00,S3_PARENT,neg_log10_mol_l,E31_A_KEEP,locked_common,ACx_Mortality,57,57,0,1.4861020228564101,1.8931429737308747,0.051223781259955636,DEFINED,9e97d0a454ea3cd39b1c9fb0,E31
W00,S3_PARENT,neg_log10_mol_l,E31_A_KEEP,locked_common,ACx_Physiology,69,69,0,1.4630003957982,1.7132012477713205,0.036651844967863445,DEFINED,9e97d0a454ea3cd39b1c9fb0,E31
W00,S3_PARENT,neg_log10_mol_l,E31_A_KEEP,locked_common,BMCx_Development,9,9,0,0.6478703261709713,0.7658336036426986,0.6283484057606556,DEFINED,9e97d0a454ea3cd39b1c9fb0,E31
W00,S3_PARENT,neg_log10_mol_l,E31_A_KEEP,locked_common,BMCx_Immobilization,3,3,0,0.5274206278943033,0.6977567530475042,-0.2686022574449318,DEFINED,9e97d0a454ea3cd39b1c9fb0,E31
W00,S3_PARENT,neg_log10_mol_l,E31_A_KEEP,locked_common,BMCx_Injury,10,10,0,0.5449509592767758,0.6704328943680005,0.0341986691671311,DEFINED,9e97d0a454ea3cd39b1c9fb0,E31
W00,S3_PARENT,neg_log10_mol_l,E31_A_KEEP,locked_common,BMCx_Molting,18,18,0,0.36777872528367256,0.458565249627352,0.3462041359583613,DEFINED,9e97d0a454ea3cd39b1c9fb0,E31
W00,S3_PARENT,neg_log10_mol_l,E31_A_KEEP,locked_common,BMCx_Mortality,9,9,0,0.3847600758030981,0.49887539642655776,0.21466677628173836,DEFINED,9e97d0a454ea3cd39b1c9fb0,E31
W00,S3_PARENT,neg_log10_mol_l,E31_A_KEEP,locked_common,BMCx_Physiology,6,6,0,0.4444174605904962,0.518724193101665,0.13751332900983904,DEFINED,9e97d0a454ea3cd39b1c9fb0,E31
W00,S3_PARENT,neg_log10_mol_l,E31_A_KEEP,locked_common,BMDx_Behavior,32,32,0,1.5889674579309023,2.256510401061231,-0.01609679382073903,DEFINED,9e97d0a454ea3cd39b1c9fb0,E31
W00,S3_PARENT,neg_log10_mol_l,E31_A_KEEP,locked_common,BMDx_Development,47,47,0,0.8851597426918124,1.1037900753196928,0.09626439671814035,DEFINED,9e97d0a454ea3cd39b1c9fb0,E31
W00,S3_PARENT,neg_log10_mol_l,E31_A_KEEP,locked_common,BMDx_Immobilization,9,9,0,0.4140578054162709,0.7715513680694149,-0.25234137784372557,DEFINED,9e97d0a454ea3cd39b1c9fb0,E31
W00,S3_PARENT,neg_log10_mol_l,E31_A_KEEP,locked_common,BMDx_Injury,14,14,0,1.2629925799458195,1.3507749116874552,-0.3052998120627999,DEFINED,9e97d0a454ea3cd39b1c9fb0,E31
W00,S3_PARENT,neg_log10_mol_l,E31_A_KEEP,locked_common,BMDx_Morphology,6,6,0,0.34540900116887024,0.3916391682202785,-0.4747549914814053,DEFINED,9e97d0a454ea3cd39b1c9fb0,E31
W00,S3_PARENT,neg_log10_mol_l,E31_A_KEEP,locked_common,BMDx_Mortality,17,17,0,2.1697703105271926,3.424508534428279,-0.14568230233810708,DEFINED,9e97d0a454ea3cd39b1c9fb0,E31
W00,S3_PARENT,neg_log10_mol_l,E31_A_KEEP,locked_common,BMDx_Physiology,13,13,0,0.8933462556560486,1.1921657427614543,0.11566387243845466,DEFINED,9e97d0a454ea3cd39b1c9fb0,E31
W00,S3_PARENT,neg_log10_mol_l,E31_A_KEEP,locked_common,ECx_Behavior,468,468,0,0.9790035997138374,1.2633793345287367,0.647313624592901,DEFINED,9e97d0a454ea3cd39b1c9fb0,E31
W00,S3_PARENT,neg_log10_mol_l,E31_A_KEEP,locked_common,ECx_Biochemical,215,215,0,1.0725013303587088,1.3592897173045055,0.6058096707708809,DEFINED,9e97d0a454ea3cd39b1c9fb0,E31
W00,S3_PARENT,neg_log10_mol_l,E31_A_KEEP,locked_common,ECx_Development,490,490,0,0.9888691486415778,1.3644941536102095,0.6263618533196568,DEFINED,9e97d0a454ea3cd39b1c9fb0,E31
W00,S3_PARENT,neg_log10_mol_l,E31_A_KEEP,locked_common,ECx_Feeding,36,36,0,0.7528683207715492,1.0401654860221223,0.4093325049652732,DEFINED,9e97d0a454ea3cd39b1c9fb0,E31
W00,S3_PARENT,neg_log10_mol_l,E31_A_KEEP,locked_common,ECx_GeneticDamage,47,47,0,0.6235079579214932,0.8080821366262138,0.9177220109485597,DEFINED,9e97d0a454ea3cd39b1c9fb0,E31
W00,S3_PARENT,neg_log10_mol_l,E31_A_KEEP,locked_common,ECx_Growth,611,611,0,0.892055704327031,1.2967491709280605,0.4401675462812039,DEFINED,9e97d0a454ea3cd39b1c9fb0,E31
W00,S3_PARENT,neg_log10_mol_l,E31_A_KEEP,locked_common,ECx_Immobilization,1463,1463,0,0.8181826458586439,1.0802011648656722,0.7349159125246933,DEFINED,9e97d0a454ea3cd39b1c9fb0,E31
W00,S3_PARENT,neg_log10_mol_l,E31_A_KEEP,locked_common,ECx_Injury,63,63,0,0.7733628989617535,1.0361786335917003,0.7621208650214017,DEFINED,9e97d0a454ea3cd39b1c9fb0,E31
W00,S3_PARENT,neg_log10_mol_l,E31_A_KEEP,locked_common,ECx_Molting,181,181,0,0.9103405070777274,1.176496102616235,0.6110456192212264,DEFINED,9e97d0a454ea3cd39b1c9fb0,E31
W00,S3_PARENT,neg_log10_mol_l,E31_A_KEEP,locked_common,ECx_Morphology,47,47,0,0.4749872077975435,0.6945039770467465,0.7052118098581839,DEFINED,9e97d0a454ea3cd39b1c9fb0,E31
W00,S3_PARENT,neg_log10_mol_l,E31_A_KEEP,locked_common,ECx_Mortality,14043,14043,0,0.9739157143986139,1.2909401146410675,0.5473689202647626,DEFINED,9e97d0a454ea3cd39b1c9fb0,E31
W00,S3_PARENT,neg_log10_mol_l,E31_A_KEEP,locked_common,ECx_Physiology,410,410,0,0.8287669721428294,1.0941284123385664,0.6405165134258813,DEFINED,9e97d0a454ea3cd39b1c9fb0,E31
W00,S3_PARENT,neg_log10_mol_l,E31_A_KEEP,locked_common,ECx_Population,1939,1939,0,0.8767167664729429,1.1677505459699677,0.4716219458599459,DEFINED,9e97d0a454ea3cd39b1c9fb0,E31
W00,S3_PARENT,neg_log10_mol_l,E31_A_KEEP,locked_common,ECx_Reproduction,201,201,0,1.1081201620267394,1.4766617196673577,0.45852720659663015,DEFINED,9e97d0a454ea3cd39b1c9fb0,E31
W00,S3_PARENT,neg_log10_mol_l,E31_A_KEEP,locked_common,EDx_Development,2,2,0,0.9787878094874287,0.9803790442550918,-82.42662031957471,DEFINED,9e97d0a454ea3cd39b1c9fb0,E31
W00,S3_PARENT,neg_log10_mol_l,E31_A_KEEP,locked_common,EDx_Growth,1,1,0,1.5896407994418116,1.5896407994418116,,N_LT_2,9e97d0a454ea3cd39b1c9fb0,E31
W00,S3_PARENT,neg_log10_mol_l,E31_A_KEEP,locked_common,EDx_Physiology,1,1,0,0.8614601200954315,0.8614601200954315,,N_LT_2,9e97d0a454ea3cd39b1c9fb0,E31
W00,S3_PARENT,neg_log10_mol_l,E31_A_KEEP,locked_common,EDx_Population,2,2,0,0.7018573752613131,0.7021592775843352,-1162.1415322914072,DEFINED,9e97d0a454ea3cd39b1c9fb0,E31
W00,S3_PARENT,neg_log10_mol_l,E31_A_KEEP,locked_common,ICx_Behavior,4,4,0,1.0654347370841961,1.3845393226793048,0.002400931903165815,DEFINED,9e97d0a454ea3cd39b1c9fb0,E31
W00,S3_PARENT,neg_log10_mol_l,E31_A_KEEP,locked_common,ICx_Biochemical,168,168,0,1.2947372982257528,1.6335755030832038,0.26253014766644733,DEFINED,9e97d0a454ea3cd39b1c9fb0,E31
W00,S3_PARENT,neg_log10_mol_l,E31_A_KEEP,locked_common,ICx_Development,26,26,0,1.8439156838448285,2.073483545341506,0.19860915770772591,DEFINED,9e97d0a454ea3cd39b1c9fb0,E31
W00,S3_PARENT,neg_log10_mol_l,E31_A_KEEP,locked_common,ICx_Feeding,3,3,0,0.5918516543217439,0.6006264200633649,-17.298964807831645,DEFINED,9e97d0a454ea3cd39b1c9fb0,E31
W00,S3_PARENT,neg_log10_mol_l,E31_A_KEEP,locked_common,ICx_GeneticDamage,5,5,0,0.5919017029085863,0.7068572636712761,0.5647088688348512,DEFINED,9e97d0a454ea3cd39b1c9fb0,E31
W00,S3_PARENT,neg_log10_mol_l,E31_A_KEEP,locked_common,ICx_Growth,102,102,0,1.0042241605571387,1.2671705573248648,0.23593303542845057,DEFINED,9e97d0a454ea3cd39b1c9fb0,E31
W00,S3_PARENT,neg_log10_mol_l,E31_A_KEEP,locked_common,ICx_Immobilization,18,18,0,0.7607181902601119,1.1230849094120408,-0.4411864843137061,DEFINED,9e97d0a454ea3cd39b1c9fb0,E31
W00,S3_PARENT,neg_log10_mol_l,E31_A_KEEP,locked_common,ICx_Mortality,22,22,0,2.400825639379188,2.574181121942391,-0.20858305376904585,DEFINED,9e97d0a454ea3cd39b1c9fb0,E31
W00,S3_PARENT,neg_log10_mol_l,E31_A_KEEP,locked_common,ICx_Physiology,142,142,0,0.765372667084712,1.0334951823175653,0.7924711940114597,DEFINED,9e97d0a454ea3cd39b1c9fb0,E31
W00,S3_PARENT,neg_log10_mol_l,E31_A_KEEP,locked_common,ICx_Population,274,274,0,0.854752835234606,1.1924839905561488,0.5791690387743806,DEFINED,9e97d0a454ea3cd39b1c9fb0,E31
W00,S3_PARENT,neg_log10_mol_l,E31_A_KEEP,locked_common,ICx_Reproduction,63,63,0,1.1991919542065266,1.5776757385140183,0.04997138234685372,DEFINED,9e97d0a454ea3cd39b1c9fb0,E31
W00,S3_PARENT,neg_log10_mol_l,E31_A_KEEP,locked_common,LDx_Injury,5,5,0,0.4730023536559072,0.6243086124359034,0.6502467301843959,DEFINED,9e97d0a454ea3cd39b1c9fb0,E31
W00,S3_PARENT,neg_log10_mol_l,E31_A_KEEP,locked_common,LDx_Mortality,233,233,0,0.8507348239562205,1.1308640472250553,0.4686397811385852,DEFINED,9e97d0a454ea3cd39b1c9fb0,E31
W00,S3_PARENT,neg_log10_mol_l,E31_A_KEEP,locked_common,LDx_Physiology,6,6,0,0.21922863818598834,0.25961503055395824,-0.4554751279724756,DEFINED,9e97d0a454ea3cd39b1c9fb0,E31
W00,S3_PARENT,neg_log10_mol_l,E31_A_KEEP,locked_common,LOEC_Accumulation,37,37,0,1.2307875952955685,1.5218730057919914,0.19545650448674579,DEFINED,9e97d0a454ea3cd39b1c9fb0,E31
W00,S3_PARENT,neg_log10_mol_l,E31_A_KEEP,locked_common,LOEC_Behavior,312,312,0,0.9496207239125607,1.212400680107172,0.49514644552544873,DEFINED,9e97d0a454ea3cd39b1c9fb0,E31
W00,S3_PARENT,neg_log10_mol_l,E31_A_KEEP,locked_common,LOEC_Biochemical,1226,1226,0,1.107538930534631,1.4539483138647413,0.38689762573223174,DEFINED,9e97d0a454ea3cd39b1c9fb0,E31
W00,S3_PARENT,neg_log10_mol_l,E31_A_KEEP,locked_common,LOEC_Development,403,403,0,1.1602485841511194,1.4662689103361108,0.44162001281941987,DEFINED,9e97d0a454ea3cd39b1c9fb0,E31
W00,S3_PARENT,neg_log10_mol_l,E31_A_KEEP,locked_common,LOEC_Feeding,45,45,0,1.0344314176765421,1.2675000357491912,0.4352695862193574,DEFINED,9e97d0a454ea3cd39b1c9fb0,E31
W00,S3_PARENT,neg_log10_mol_l,E31_A_KEEP,locked_common,LOEC_GeneticDamage,786,786,0,1.0861779884391958,1.3961105814582402,0.37326813935882464,DEFINED,9e97d0a454ea3cd39b1c9fb0,E31
W00,S3_PARENT,neg_log10_mol_l,E31_A_KEEP,locked_common,LOEC_Growth,786,786,0,0.9842462543962369,1.2939788401494718,0.4734104160677244,DEFINED,9e97d0a454ea3cd39b1c9fb0,E31
W00,S3_PARENT,neg_log10_mol_l,E31_A_KEEP,locked_common,LOEC_Immobilization,59,59,0,0.9137809831230855,1.295522275521683,0.4656003879830245,DEFINED,9e97d0a454ea3cd39b1c9fb0,E31
W00,S3_PARENT,neg_log10_mol_l,E31_A_KEEP,locked_common,LOEC_Injury,98,98,0,1.2615081822202492,1.5751115795590327,0.39485573112410843,DEFINED,9e97d0a454ea3cd39b1c9fb0,E31
W00,S3_PARENT,neg_log10_mol_l,E31_A_KEEP,locked_common,LOEC_Molting,24,24,0,1.023703450185223,1.3369955097082435,0.6280290901584108,DEFINED,9e97d0a454ea3cd39b1c9fb0,E31
W00,S3_PARENT,neg_log10_mol_l,E31_A_KEEP,locked_common,LOEC_Morphology,143,143,0,1.1559288523660085,1.5042974769470758,0.2845179357129273,DEFINED,9e97d0a454ea3cd39b1c9fb0,E31
W00,S3_PARENT,neg_log10_mol_l,E31_A_KEEP,locked_common,LOEC_Mortality,772,772,0,1.0048660781427057,1.317632510564825,0.5845318068684864,DEFINED,9e97d0a454ea3cd39b1c9fb0,E31
W00,S3_PARENT,neg_log10_mol_l,E31_A_KEEP,locked_common,LOEC_Physiology,645,645,0,1.0969379848160372,1.3865147124368387,0.42777479132098106,DEFINED,9e97d0a454ea3cd39b1c9fb0,E31
W00,S3_PARENT,neg_log10_mol_l,E31_A_KEEP,locked_common,LOEC_Population,870,870,0,1.1421770717593271,1.4615709540335369,0.5067567925904507,DEFINED,9e97d0a454ea3cd39b1c9fb0,E31
W00,S3_PARENT,neg_log10_mol_l,E31_A_KEEP,locked_common,LOEC_Reproduction,468,468,0,1.1357619677733297,1.4951306782203913,0.4367963769258869,DEFINED,9e97d0a454ea3cd39b1c9fb0,E31
W00,S3_PARENT,neg_log10_mol_l,E31_A_KEEP,locked_common,MATC_Behavior,1,1,0,1.6079751132163818,1.6079751132163818,,N_LT_2,9e97d0a454ea3cd39b1c9fb0,E31
W00,S3_PARENT,neg_log10_mol_l,E31_A_KEEP,locked_common,MATC_Biochemical,4,4,0,1.3530262665830946,1.4786692438509945,-0.3127437403033444,DEFINED,9e97d0a454ea3cd39b1c9fb0,E31
W00,S3_PARENT,neg_log10_mol_l,E31_A_KEEP,locked_common,MATC_Development,10,10,0,0.5769195406721512,0.7291011591449349,0.6107963003165775,DEFINED,9e97d0a454ea3cd39b1c9fb0,E31
W00,S3_PARENT,neg_log10_mol_l,E31_A_KEEP,locked_common,MATC_Growth,43,43,0,0.5952766080935494,0.8222397313559536,0.5053379285308838,DEFINED,9e97d0a454ea3cd39b1c9fb0,E31
W00,S3_PARENT,neg_log10_mol_l,E31_A_KEEP,locked_common,MATC_Immobilization,3,3,0,1.1168816896357538,1.1444909602121391,-164.1606931965475,DEFINED,9e97d0a454ea3cd39b1c9fb0,E31
W00,S3_PARENT,neg_log10_mol_l,E31_A_KEEP,locked_common,MATC_Molting,2,2,0,1.7985676182337431,2.1095653319549044,-2.5656982293715624,DEFINED,9e97d0a454ea3cd39b1c9fb0,E31
W00,S3_PARENT,neg_log10_mol_l,E31_A_KEEP,locked_common,MATC_Mortality,59,59,0,0.9009396683358931,1.1750049012142705,0.7424284807785135,DEFINED,9e97d0a454ea3cd39b1c9fb0,E31
W00,S3_PARENT,neg_log10_mol_l,E31_A_KEEP,locked_common,MATC_Physiology,2,2,0,3.7522924489024083,3.75353472072824,-1510.0042268450266,DEFINED,9e97d0a454ea3cd39b1c9fb0,E31
W00,S3_PARENT,neg_log10_mol_l,E31_A_KEEP,locked_common,MATC_Population,19,19,0,1.3723111206039058,1.610016395859968,-1.565334344034373,DEFINED,9e97d0a454ea3cd39b1c9fb0,E31
W00,S3_PARENT,neg_log10_mol_l,E31_A_KEEP,locked_common,MATC_Reproduction,28,28,0,0.88387903014384,1.1515975319622123,0.6393308430153415,DEFINED,9e97d0a454ea3cd39b1c9fb0,E31
W00,S3_PARENT,neg_log10_mol_l,E31_A_KEEP,locked_common,NOEC_Accumulation,25,25,0,0.9657036874225249,1.5392778051495783,-0.07973396091905571,DEFINED,9e97d0a454ea3cd39b1c9fb0,E31
W00,S3_PARENT,neg_log10_mol_l,E31_A_KEEP,locked_common,NOEC_Behavior,396,396,0,0.9436844366224127,1.1826333903029336,0.425998872241506,DEFINED,9e97d0a454ea3cd39b1c9fb0,E31
W00,S3_PARENT,neg_log10_mol_l,E31_A_KEEP,locked_common,NOEC_Biochemical,1154,1154,0,1.1057270002457857,1.4304716088992848,0.42833924006285906,DEFINED,9e97d0a454ea3cd39b1c9fb0,E31
W00,S3_PARENT,neg_log10_mol_l,E31_A_KEEP,locked_common,NOEC_Development,549,549,0,1.13496019918486,1.436564113284817,0.49056725993820993,DEFINED,9e97d0a454ea3cd39b1c9fb0,E31
W00,S3_PARENT,neg_log10_mol_l,E31_A_KEEP,locked_common,NOEC_Feeding,70,70,0,0.9737859710641223,1.1766978004800035,0.6990613000406952,DEFINED,9e97d0a454ea3cd39b1c9fb0,E31
W00,S3_PARENT,neg_log10_mol_l,E31_A_KEEP,locked_common,NOEC_GeneticDamage,759,759,0,1.0695690355633494,1.3801434885951842,0.4302492742259282,DEFINED,9e97d0a454ea3cd39b1c9fb0,E31
W00,S3_PARENT,neg_log10_mol_l,E31_A_KEEP,locked_common,NOEC_Growth,1046,1046,0,1.000125391636048,1.2672464674846862,0.4805920408779014,DEFINED,9e97d0a454ea3cd39b1c9fb0,E31
W00,S3_PARENT,neg_log10_mol_l,E31_A_KEEP,locked_common,NOEC_Immobilization,260,260,0,0.9833351302430327,1.2897381414137674,0.4971854945064026,DEFINED,9e97d0a454ea3cd39b1c9fb0,E31
W00,S3_PARENT,neg_log10_mol_l,E31_A_KEEP,locked_common,NOEC_Injury,132,132,0,1.0592594539494973,1.392667921398014,0.44867788608764647,DEFINED,9e97d0a454ea3cd39b1c9fb0,E31
W00,S3_PARENT,neg_log10_mol_l,E31_A_KEEP,locked_common,NOEC_Molting,44,44,0,0.8022470970225207,1.119493506746229,0.5996272459552405,DEFINED,9e97d0a454ea3cd39b1c9fb0,E31
W00,S3_PARENT,neg_log10_mol_l,E31_A_KEEP,locked_common,NOEC_Morphology,241,241,0,1.1357730154217975,1.460907720033435,0.3509119250407893,DEFINED,9e97d0a454ea3cd39b1c9fb0,E31
W00,S3_PARENT,neg_log10_mol_l,E31_A_KEEP,locked_common,NOEC_Mortality,1658,1658,0,0.9784689389900987,1.2568106964696708,0.5554418366323588,DEFINED,9e97d0a454ea3cd39b1c9fb0,E31
W00,S3_PARENT,neg_log10_mol_l,E31_A_KEEP,locked_common,NOEC_Physiology,702,702,0,1.0479411509422112,1.3298836846288247,0.456612039290064,DEFINED,9e97d0a454ea3cd39b1c9fb0,E31
W00,S3_PARENT,neg_log10_mol_l,E31_A_KEEP,locked_common,NOEC_Population,1270,1270,0,1.189723742233111,1.546381184765865,0.3807358588056443,DEFINED,9e97d0a454ea3cd39b1c9fb0,E31
W00,S3_PARENT,neg_log10_mol_l,E31_A_KEEP,locked_common,NOEC_Reproduction,581,581,0,1.134147600169398,1.4822125093557783,0.48485485299990005,DEFINED,9e97d0a454ea3cd39b1c9fb0,E31
W00,S3_PARENT,neg_log10_mol_l,E31_B_TRAIN_ONLY_QC,locked_common,ACx_Development,58,58,0,1.6250045206347135,1.9789897576692865,-0.26105085051335797,DEFINED,e1e5fc6b16c0053da07b6bc8,E31
W00,S3_PARENT,neg_log10_mol_l,E31_B_TRAIN_ONLY_QC,locked_common,ACx_Immobilization,32,32,0,1.827372437868286,2.4886094377410246,-0.9577477667290211,DEFINED,e1e5fc6b16c0053da07b6bc8,E31
W00,S3_PARENT,neg_log10_mol_l,E31_B_TRAIN_ONLY_QC,locked_common,ACx_Injury,69,69,0,1.1613064217800528,1.4762536954928311,0.15748942928669352,DEFINED,e1e5fc6b16c0053da07b6bc8,E31
W00,S3_PARENT,neg_log10_mol_l,E31_B_TRAIN_ONLY_QC,locked_common,ACx_Molting,103,103,0,0.6908358520177164,0.864021790880544,0.096436639089727,DEFINED,e1e5fc6b16c0053da07b6bc8,E31
W00,S3_PARENT,neg_log10_mol_l,E31_B_TRAIN_ONLY_QC,locked_common,ACx_Mortality,57,57,0,1.4762118846274062,1.8904316241280443,0.05393949996126024,DEFINED,e1e5fc6b16c0053da07b6bc8,E31
W00,S3_PARENT,neg_log10_mol_l,E31_B_TRAIN_ONLY_QC,locked_common,ACx_Physiology,69,69,0,1.4248772673393022,1.70667725612975,0.04397487102150799,DEFINED,e1e5fc6b16c0053da07b6bc8,E31
W00,S3_PARENT,neg_log10_mol_l,E31_B_TRAIN_ONLY_QC,locked_common,BMCx_Development,9,9,0,0.6254235794728183,0.7426429406555801,0.6505160166236541,DEFINED,e1e5fc6b16c0053da07b6bc8,E31
W00,S3_PARENT,neg_log10_mol_l,E31_B_TRAIN_ONLY_QC,locked_common,BMCx_Immobilization,3,3,0,0.5019633743468344,0.6658319442568664,-0.15517195746056056,DEFINED,e1e5fc6b16c0053da07b6bc8,E31
W00,S3_PARENT,neg_log10_mol_l,E31_B_TRAIN_ONLY_QC,locked_common,BMCx_Injury,10,10,0,0.5545227332841209,0.6824803860669144,-0.0008235584345597236,DEFINED,e1e5fc6b16c0053da07b6bc8,E31
W00,S3_PARENT,neg_log10_mol_l,E31_B_TRAIN_ONLY_QC,locked_common,BMCx_Molting,18,18,0,0.34658222989632326,0.43758455273328883,0.40466165917083396,DEFINED,e1e5fc6b16c0053da07b6bc8,E31
W00,S3_PARENT,neg_log10_mol_l,E31_B_TRAIN_ONLY_QC,locked_common,BMCx_Mortality,9,9,0,0.38490982477721214,0.4960176765397733,0.2236382928417623,DEFINED,e1e5fc6b16c0053da07b6bc8,E31
W00,S3_PARENT,neg_log10_mol_l,E31_B_TRAIN_ONLY_QC,locked_common,BMCx_Physiology,6,6,0,0.43620346541292515,0.4994615808783121,0.20038016324518537,DEFINED,e1e5fc6b16c0053da07b6bc8,E31
W00,S3_PARENT,neg_log10_mol_l,E31_B_TRAIN_ONLY_QC,locked_common,BMDx_Behavior,32,32,0,1.612720593363218,2.2486057547952965,-0.008990407149782387,DEFINED,e1e5fc6b16c0053da07b6bc8,E31
W00,S3_PARENT,neg_log10_mol_l,E31_B_TRAIN_ONLY_QC,locked_common,BMDx_Development,47,47,0,0.8774565672998662,1.097607394023576,0.10636026661660836,DEFINED,e1e5fc6b16c0053da07b6bc8,E31
W00,S3_PARENT,neg_log10_mol_l,E31_B_TRAIN_ONLY_QC,locked_common,BMDx_Immobilization,9,9,0,0.4032435104931611,0.7612551958373318,-0.21913999374080406,DEFINED,e1e5fc6b16c0053da07b6bc8,E31
W00,S3_PARENT,neg_log10_mol_l,E31_B_TRAIN_ONLY_QC,locked_common,BMDx_Injury,14,14,0,1.2438419713228266,1.3402594287663119,-0.2850559781217765,DEFINED,e1e5fc6b16c0053da07b6bc8,E31
W00,S3_PARENT,neg_log10_mol_l,E31_B_TRAIN_ONLY_QC,locked_common,BMDx_Morphology,6,6,0,0.323798515756547,0.3639426020722373,-0.27354245534012755,DEFINED,e1e5fc6b16c0053da07b6bc8,E31
W00,S3_PARENT,neg_log10_mol_l,E31_B_TRAIN_ONLY_QC,locked_common,BMDx_Mortality,17,17,0,2.1694841562157117,3.4248139646822353,-0.1458866771486267,DEFINED,e1e5fc6b16c0053da07b6bc8,E31
W00,S3_PARENT,neg_log10_mol_l,E31_B_TRAIN_ONLY_QC,locked_common,BMDx_Physiology,13,13,0,0.9063325566780509,1.2074716039890123,0.0928106485049347,DEFINED,e1e5fc6b16c0053da07b6bc8,E31
W00,S3_PARENT,neg_log10_mol_l,E31_B_TRAIN_ONLY_QC,locked_common,ECx_Behavior,468,468,0,1.013022119250662,1.3192353437447777,0.6154385900950103,DEFINED,e1e5fc6b16c0053da07b6bc8,E31
W00,S3_PARENT,neg_log10_mol_l,E31_B_TRAIN_ONLY_QC,locked_common,ECx_Biochemical,215,215,0,1.1020715333165227,1.3764796219498276,0.5957765775414567,DEFINED,e1e5fc6b16c0053da07b6bc8,E31
W00,S3_PARENT,neg_log10_mol_l,E31_B_TRAIN_ONLY_QC,locked_common,ECx_Development,490,490,0,1.0059908489474534,1.402489647641705,0.6052635970482831,DEFINED,e1e5fc6b16c0053da07b6bc8,E31
W00,S3_PARENT,neg_log10_mol_l,E31_B_TRAIN_ONLY_QC,locked_common,ECx_Feeding,36,36,0,0.755763383971391,1.0332028767946062,0.4172136021348569,DEFINED,e1e5fc6b16c0053da07b6bc8,E31
W00,S3_PARENT,neg_log10_mol_l,E31_B_TRAIN_ONLY_QC,locked_common,ECx_GeneticDamage,47,47,0,0.6318262775319021,0.8096327894700747,0.9174059366168528,DEFINED,e1e5fc6b16c0053da07b6bc8,E31
W00,S3_PARENT,neg_log10_mol_l,E31_B_TRAIN_ONLY_QC,locked_common,ECx_Growth,611,611,0,0.8858651586671901,1.3274619977778366,0.4133348271992323,DEFINED,e1e5fc6b16c0053da07b6bc8,E31
W00,S3_PARENT,neg_log10_mol_l,E31_B_TRAIN_ONLY_QC,locked_common,ECx_Immobilization,1463,1463,0,0.839150836172066,1.0992483358096476,0.7254850445277949,DEFINED,e1e5fc6b16c0053da07b6bc8,E31
W00,S3_PARENT,neg_log10_mol_l,E31_B_TRAIN_ONLY_QC,locked_common,ECx_Injury,63,63,0,0.7493924519767222,1.0136119295982196,0.772369468886074,DEFINED,e1e5fc6b16c0053da07b6bc8,E31
W00,S3_PARENT,neg_log10_mol_l,E31_B_TRAIN_ONLY_QC,locked_common,ECx_Molting,181,181,0,0.9411815159637446,1.221638126209095,0.580624709804741,DEFINED,e1e5fc6b16c0053da07b6bc8,E31
W00,S3_PARENT,neg_log10_mol_l,E31_B_TRAIN_ONLY_QC,locked_common,ECx_Morphology,47,47,0,0.49852544278134486,0.7296249534161131,0.6746431431715239,DEFINED,e1e5fc6b16c0053da07b6bc8,E31
W00,S3_PARENT,neg_log10_mol_l,E31_B_TRAIN_ONLY_QC,locked_common,ECx_Mortality,14043,14043,0,1.002412728233284,1.3287322882635315,0.5204795250145028,DEFINED,e1e5fc6b16c0053da07b6bc8,E31
W00,S3_PARENT,neg_log10_mol_l,E31_B_TRAIN_ONLY_QC,locked_common,ECx_Physiology,410,410,0,0.8166768159565841,1.100714788930365,0.636175487175198,DEFINED,e1e5fc6b16c0053da07b6bc8,E31
W00,S3_PARENT,neg_log10_mol_l,E31_B_TRAIN_ONLY_QC,locked_common,ECx_Population,1939,1939,0,0.8898248255019783,1.1755727005041732,0.4645195772929164,DEFINED,e1e5fc6b16c0053da07b6bc8,E31
W00,S3_PARENT,neg_log10_mol_l,E31_B_TRAIN_ONLY_QC,locked_common,ECx_Reproduction,201,201,0,1.1304002461108478,1.481148556841136,0.45523167689699107,DEFINED,e1e5fc6b16c0053da07b6bc8,E31
W00,S3_PARENT,neg_log10_mol_l,E31_B_TRAIN_ONLY_QC,locked_common,EDx_Development,2,2,0,0.8481158665919839,0.848986656796567,-61.56311161357326,DEFINED,e1e5fc6b16c0053da07b6bc8,E31
W00,S3_PARENT,neg_log10_mol_l,E31_B_TRAIN_ONLY_QC,locked_common,EDx_Growth,1,1,0,1.6603135384950658,1.6603135384950658,,N_LT_2,e1e5fc6b16c0053da07b6bc8,E31
W00,S3_PARENT,neg_log10_mol_l,E31_B_TRAIN_ONLY_QC,locked_common,EDx_Physiology,1,1,0,0.789320388823767,0.789320388823767,,N_LT_2,e1e5fc6b16c0053da07b6bc8,E31
W00,S3_PARENT,neg_log10_mol_l,E31_B_TRAIN_ONLY_QC,locked_common,EDx_Population,2,2,0,0.6838492841142854,0.6841591330039206,-1103.2706871469372,DEFINED,e1e5fc6b16c0053da07b6bc8,E31
W00,S3_PARENT,neg_log10_mol_l,E31_B_TRAIN_ONLY_QC,locked_common,ICx_Behavior,4,4,0,1.111771758488782,1.3594480047801403,0.03823127933975046,DEFINED,e1e5fc6b16c0053da07b6bc8,E31
W00,S3_PARENT,neg_log10_mol_l,E31_B_TRAIN_ONLY_QC,locked_common,ICx_Biochemical,168,168,0,1.2867670341300252,1.604926601326273,0.2881701469391338,DEFINED,e1e5fc6b16c0053da07b6bc8,E31
W00,S3_PARENT,neg_log10_mol_l,E31_B_TRAIN_ONLY_QC,locked_common,ICx_Development,26,26,0,1.8735027934484345,2.100386284381423,0.17767870661410556,DEFINED,e1e5fc6b16c0053da07b6bc8,E31
W00,S3_PARENT,neg_log10_mol_l,E31_B_TRAIN_ONLY_QC,locked_common,ICx_Feeding,3,3,0,0.5777369850491466,0.5777377352738359,-15.930864250437125,DEFINED,e1e5fc6b16c0053da07b6bc8,E31
W00,S3_PARENT,neg_log10_mol_l,E31_B_TRAIN_ONLY_QC,locked_common,ICx_GeneticDamage,5,5,0,0.5733957297235125,0.6759164251402242,0.6019823156139388,DEFINED,e1e5fc6b16c0053da07b6bc8,E31
W00,S3_PARENT,neg_log10_mol_l,E31_B_TRAIN_ONLY_QC,locked_common,ICx_Growth,102,102,0,0.9766263032413018,1.2409328756161735,0.26724657616348757,DEFINED,e1e5fc6b16c0053da07b6bc8,E31
W00,S3_PARENT,neg_log10_mol_l,E31_B_TRAIN_ONLY_QC,locked_common,ICx_Immobilization,18,18,0,1.6917316945608398,1.8485415411132256,-2.904392108409603,DEFINED,e1e5fc6b16c0053da07b6bc8,E31
W00,S3_PARENT,neg_log10_mol_l,E31_B_TRAIN_ONLY_QC,locked_common,ICx_Mortality,22,22,0,2.1925547452492546,2.375849141410577,-0.029522921379458333,DEFINED,e1e5fc6b16c0053da07b6bc8,E31
W00,S3_PARENT,neg_log10_mol_l,E31_B_TRAIN_ONLY_QC,locked_common,ICx_Physiology,142,142,0,0.791936570840176,1.0465848220965221,0.7871810291228131,DEFINED,e1e5fc6b16c0053da07b6bc8,E31
W00,S3_PARENT,neg_log10_mol_l,E31_B_TRAIN_ONLY_QC,locked_common,ICx_Population,274,274,0,0.8596922904380176,1.180495816716541,0.5875878281488833,DEFINED,e1e5fc6b16c0053da07b6bc8,E31
W00,S3_PARENT,neg_log10_mol_l,E31_B_TRAIN_ONLY_QC,locked_common,ICx_Reproduction,63,63,0,1.4354426313406319,1.7365696810370512,-0.15102729493305223,DEFINED,e1e5fc6b16c0053da07b6bc8,E31
W00,S3_PARENT,neg_log10_mol_l,E31_B_TRAIN_ONLY_QC,locked_common,LDx_Injury,5,5,0,0.4854299854089083,0.5856331854710581,0.6922383596764318,DEFINED,e1e5fc6b16c0053da07b6bc8,E31
W00,S3_PARENT,neg_log10_mol_l,E31_B_TRAIN_ONLY_QC,locked_common,LDx_Mortality,233,233,0,0.865309866521426,1.1769137661726203,0.42448383237469434,DEFINED,e1e5fc6b16c0053da07b6bc8,E31
W00,S3_PARENT,neg_log10_mol_l,E31_B_TRAIN_ONLY_QC,locked_common,LDx_Physiology,6,6,0,0.15004317875610376,0.22302266006539248,-0.07409601714616887,DEFINED,e1e5fc6b16c0053da07b6bc8,E31
W00,S3_PARENT,neg_log10_mol_l,E31_B_TRAIN_ONLY_QC,locked_common,LOEC_Accumulation,37,37,0,1.245898327569001,1.5817887737137324,0.13086011887674853,DEFINED,e1e5fc6b16c0053da07b6bc8,E31
W00,S3_PARENT,neg_log10_mol_l,E31_B_TRAIN_ONLY_QC,locked_common,LOEC_Behavior,312,312,0,0.9706885844643264,1.2304252885858624,0.48002367215785235,DEFINED,e1e5fc6b16c0053da07b6bc8,E31
W00,S3_PARENT,neg_log10_mol_l,E31_B_TRAIN_ONLY_QC,locked_common,LOEC_Biochemical,1226,1226,0,1.1274146293431817,1.4896141393659037,0.3564494977298246,DEFINED,e1e5fc6b16c0053da07b6bc8,E31
W00,S3_PARENT,neg_log10_mol_l,E31_B_TRAIN_ONLY_QC,locked_common,LOEC_Development,403,403,0,1.1954573612380588,1.5105557265973382,0.40738028499955226,DEFINED,e1e5fc6b16c0053da07b6bc8,E31
W00,S3_PARENT,neg_log10_mol_l,E31_B_TRAIN_ONLY_QC,locked_common,LOEC_Feeding,45,45,0,1.0571830431984695,1.2740550010689002,0.42941339655233735,DEFINED,e1e5fc6b16c0053da07b6bc8,E31
W00,S3_PARENT,neg_log10_mol_l,E31_B_TRAIN_ONLY_QC,locked_common,LOEC_GeneticDamage,786,786,0,1.1040492307045555,1.4307186055893275,0.3418110520774783,DEFINED,e1e5fc6b16c0053da07b6bc8,E31
W00,S3_PARENT,neg_log10_mol_l,E31_B_TRAIN_ONLY_QC,locked_common,LOEC_Growth,786,786,0,0.9885058088163532,1.3024056807086204,0.4665294137608831,DEFINED,e1e5fc6b16c0053da07b6bc8,E31
W00,S3_PARENT,neg_log10_mol_l,E31_B_TRAIN_ONLY_QC,locked_common,LOEC_Immobilization,59,59,0,0.8950763761080422,1.2782927810553848,0.4797201129299804,DEFINED,e1e5fc6b16c0053da07b6bc8,E31
W00,S3_PARENT,neg_log10_mol_l,E31_B_TRAIN_ONLY_QC,locked_common,LOEC_Injury,98,98,0,1.2784204273832933,1.593302680023839,0.3807972886675347,DEFINED,e1e5fc6b16c0053da07b6bc8,E31
W00,S3_PARENT,neg_log10_mol_l,E31_B_TRAIN_ONLY_QC,locked_common,LOEC_Molting,24,24,0,1.038698398797141,1.3924812764979633,0.596514615140266,DEFINED,e1e5fc6b16c0053da07b6bc8,E31
W00,S3_PARENT,neg_log10_mol_l,E31_B_TRAIN_ONLY_QC,locked_common,LOEC_Morphology,143,143,0,1.1563183072249852,1.5122172368093874,0.2769644265813065,DEFINED,e1e5fc6b16c0053da07b6bc8,E31
W00,S3_PARENT,neg_log10_mol_l,E31_B_TRAIN_ONLY_QC,locked_common,LOEC_Mortality,772,772,0,1.0169057465917484,1.33204738813278,0.5753916521615703,DEFINED,e1e5fc6b16c0053da07b6bc8,E31
W00,S3_PARENT,neg_log10_mol_l,E31_B_TRAIN_ONLY_QC,locked_common,LOEC_Physiology,645,645,0,1.087772493715427,1.3921719170525615,0.42309572199291023,DEFINED,e1e5fc6b16c0053da07b6bc8,E31
W00,S3_PARENT,neg_log10_mol_l,E31_B_TRAIN_ONLY_QC,locked_common,LOEC_Population,870,870,0,1.149451056402014,1.4756270577793176,0.4972240144556981,DEFINED,e1e5fc6b16c0053da07b6bc8,E31
W00,S3_PARENT,neg_log10_mol_l,E31_B_TRAIN_ONLY_QC,locked_common,LOEC_Reproduction,468,468,0,1.1607838398316712,1.518225944447051,0.4192623915663308,DEFINED,e1e5fc6b16c0053da07b6bc8,E31
W00,S3_PARENT,neg_log10_mol_l,E31_B_TRAIN_ONLY_QC,locked_common,MATC_Behavior,1,1,0,1.5662516063592307,1.5662516063592307,,N_LT_2,e1e5fc6b16c0053da07b6bc8,E31
W00,S3_PARENT,neg_log10_mol_l,E31_B_TRAIN_ONLY_QC,locked_common,MATC_Biochemical,4,4,0,1.3868029098722257,1.4891111492195679,-0.3313495849758932,DEFINED,e1e5fc6b16c0053da07b6bc8,E31
W00,S3_PARENT,neg_log10_mol_l,E31_B_TRAIN_ONLY_QC,locked_common,MATC_Development,10,10,0,0.8638880893637007,1.000718491862105,0.26679531293712644,DEFINED,e1e5fc6b16c0053da07b6bc8,E31
W00,S3_PARENT,neg_log10_mol_l,E31_B_TRAIN_ONLY_QC,locked_common,MATC_Growth,43,43,0,0.5949111231955554,0.8192315865658288,0.5089507269454393,DEFINED,e1e5fc6b16c0053da07b6bc8,E31
W00,S3_PARENT,neg_log10_mol_l,E31_B_TRAIN_ONLY_QC,locked_common,MATC_Immobilization,3,3,0,1.0856873989396096,1.1108528344886324,-154.59477844763418,DEFINED,e1e5fc6b16c0053da07b6bc8,E31
W00,S3_PARENT,neg_log10_mol_l,E31_B_TRAIN_ONLY_QC,locked_common,MATC_Molting,2,2,0,1.64015863044188,1.9672810930943074,-2.1009264258206115,DEFINED,e1e5fc6b16c0053da07b6bc8,E31
W00,S3_PARENT,neg_log10_mol_l,E31_B_TRAIN_ONLY_QC,locked_common,MATC_Mortality,59,59,0,0.9024709154820906,1.1433055335533386,0.7561385823485586,DEFINED,e1e5fc6b16c0053da07b6bc8,E31
W00,S3_PARENT,neg_log10_mol_l,E31_B_TRAIN_ONLY_QC,locked_common,MATC_Physiology,2,2,0,3.769545579829753,3.7707821676724342,-1523.9222225954245,DEFINED,e1e5fc6b16c0053da07b6bc8,E31
W00,S3_PARENT,neg_log10_mol_l,E31_B_TRAIN_ONLY_QC,locked_common,MATC_Population,19,19,0,1.278723266573449,1.5441953719671524,-1.3598688676861235,DEFINED,e1e5fc6b16c0053da07b6bc8,E31
W00,S3_PARENT,neg_log10_mol_l,E31_B_TRAIN_ONLY_QC,locked_common,MATC_Reproduction,28,28,0,0.8405895304685842,1.1250379065282645,0.6557754308050957,DEFINED,e1e5fc6b16c0053da07b6bc8,E31
W00,S3_PARENT,neg_log10_mol_l,E31_B_TRAIN_ONLY_QC,locked_common,NOEC_Accumulation,25,25,0,1.004985590474186,1.571488234699553,-0.12539508644439334,DEFINED,e1e5fc6b16c0053da07b6bc8,E31
W00,S3_PARENT,neg_log10_mol_l,E31_B_TRAIN_ONLY_QC,locked_common,NOEC_Behavior,396,396,0,0.9586964549314146,1.1897286824141564,0.4190906909758304,DEFINED,e1e5fc6b16c0053da07b6bc8,E31
W00,S3_PARENT,neg_log10_mol_l,E31_B_TRAIN_ONLY_QC,locked_common,NOEC_Biochemical,1154,1154,0,1.1245408150419962,1.4605670005392866,0.40403210422491087,DEFINED,e1e5fc6b16c0053da07b6bc8,E31
W00,S3_PARENT,neg_log10_mol_l,E31_B_TRAIN_ONLY_QC,locked_common,NOEC_Development,549,549,0,1.1483050649909665,1.4637831371901284,0.471079614417928,DEFINED,e1e5fc6b16c0053da07b6bc8,E31
W00,S3_PARENT,neg_log10_mol_l,E31_B_TRAIN_ONLY_QC,locked_common,NOEC_Feeding,70,70,0,1.0239078596774214,1.221887417289396,0.6755031074029815,DEFINED,e1e5fc6b16c0053da07b6bc8,E31
W00,S3_PARENT,neg_log10_mol_l,E31_B_TRAIN_ONLY_QC,locked_common,NOEC_GeneticDamage,759,759,0,1.0867915572815783,1.4055613927913286,0.4090699914381125,DEFINED,e1e5fc6b16c0053da07b6bc8,E31
W00,S3_PARENT,neg_log10_mol_l,E31_B_TRAIN_ONLY_QC,locked_common,NOEC_Growth,1046,1046,0,0.9999989323616111,1.2692602778747393,0.4789399230393103,DEFINED,e1e5fc6b16c0053da07b6bc8,E31
W00,S3_PARENT,neg_log10_mol_l,E31_B_TRAIN_ONLY_QC,locked_common,NOEC_Immobilization,260,260,0,0.9865921001944706,1.29164164483879,0.4957002078525322,DEFINED,e1e5fc6b16c0053da07b6bc8,E31
W00,S3_PARENT,neg_log10_mol_l,E31_B_TRAIN_ONLY_QC,locked_common,NOEC_Injury,132,132,0,1.0716808745913857,1.4104684703124024,0.4344942397840472,DEFINED,e1e5fc6b16c0053da07b6bc8,E31
W00,S3_PARENT,neg_log10_mol_l,E31_B_TRAIN_ONLY_QC,locked_common,NOEC_Molting,44,44,0,0.8684295676119622,1.2255813972529284,0.520149802191086,DEFINED,e1e5fc6b16c0053da07b6bc8,E31
W00,S3_PARENT,neg_log10_mol_l,E31_B_TRAIN_ONLY_QC,locked_common,NOEC_Morphology,241,241,0,1.1688424412222462,1.4953793141794525,0.3199187528755829,DEFINED,e1e5fc6b16c0053da07b6bc8,E31
W00,S3_PARENT,neg_log10_mol_l,E31_B_TRAIN_ONLY_QC,locked_common,NOEC_Mortality,1658,1658,0,0.9918102100297395,1.26697234188794,0.5482240355865309,DEFINED,e1e5fc6b16c0053da07b6bc8,E31
W00,S3_PARENT,neg_log10_mol_l,E31_B_TRAIN_ONLY_QC,locked_common,NOEC_Physiology,702,702,0,1.059773332020894,1.3513231300545827,0.4389505810912815,DEFINED,e1e5fc6b16c0053da07b6bc8,E31
W00,S3_PARENT,neg_log10_mol_l,E31_B_TRAIN_ONLY_QC,locked_common,NOEC_Population,1270,1270,0,1.1858631984986667,1.55088176226906,0.37712600893119796,DEFINED,e1e5fc6b16c0053da07b6bc8,E31
W00,S3_PARENT,neg_log10_mol_l,E31_B_TRAIN_ONLY_QC,locked_common,NOEC_Reproduction,581,581,0,1.1551831354718187,1.4950865320874738,0.47586721868750836,DEFINED,e1e5fc6b16c0053da07b6bc8,E31
W00,S3_PARENT,neg_log10_mol_l,E40_FP2048,locked_common,ACx_Development,61,61,0,1.6119211728717904,1.9542986700719533,-0.17825137263861168,DEFINED,8bdaa2ba22ca1a4ded790cb3,E40
W00,S3_PARENT,neg_log10_mol_l,E40_FP2048,locked_common,ACx_Immobilization,33,33,0,1.6766369454377743,1.9253835500326135,-0.14380041477905792,DEFINED,8bdaa2ba22ca1a4ded790cb3,E40
W00,S3_PARENT,neg_log10_mol_l,E40_FP2048,locked_common,ACx_Injury,70,70,0,1.2548559909022672,1.5284859007951639,0.1033096013749234,DEFINED,8bdaa2ba22ca1a4ded790cb3,E40
W00,S3_PARENT,neg_log10_mol_l,E40_FP2048,locked_common,ACx_Molting,104,104,0,0.6339840853207112,0.7845192697467761,0.16444574206259754,DEFINED,8bdaa2ba22ca1a4ded790cb3,E40
W00,S3_PARENT,neg_log10_mol_l,E40_FP2048,locked_common,ACx_Mortality,59,59,0,1.512247736236856,1.8999999759033248,0.06341923117548542,DEFINED,8bdaa2ba22ca1a4ded790cb3,E40
W00,S3_PARENT,neg_log10_mol_l,E40_FP2048,locked_common,ACx_Physiology,71,71,0,1.4182022880918512,1.684128517168957,0.09427844627504023,DEFINED,8bdaa2ba22ca1a4ded790cb3,E40
W00,S3_PARENT,neg_log10_mol_l,E40_FP2048,locked_common,BMCx_Development,9,9,0,0.7957696415356484,0.9873782237989827,0.38221941946188787,DEFINED,8bdaa2ba22ca1a4ded790cb3,E40
W00,S3_PARENT,neg_log10_mol_l,E40_FP2048,locked_common,BMCx_Immobilization,3,3,0,0.5127703215037597,0.7032041901643864,-0.28848771721294075,DEFINED,8bdaa2ba22ca1a4ded790cb3,E40
W00,S3_PARENT,neg_log10_mol_l,E40_FP2048,locked_common,BMCx_Injury,10,10,0,0.6037703938749998,0.6978526224229967,-0.04641655085822638,DEFINED,8bdaa2ba22ca1a4ded790cb3,E40
W00,S3_PARENT,neg_log10_mol_l,E40_FP2048,locked_common,BMCx_Molting,18,18,0,0.39807935906194414,0.4835335803846195,0.27306903569759144,DEFINED,8bdaa2ba22ca1a4ded790cb3,E40
W00,S3_PARENT,neg_log10_mol_l,E40_FP2048,locked_common,BMCx_Mortality,9,9,0,0.41344078588848887,0.5178014365182364,0.15394947192621544,DEFINED,8bdaa2ba22ca1a4ded790cb3,E40
W00,S3_PARENT,neg_log10_mol_l,E40_FP2048,locked_common,BMCx_Physiology,6,6,0,0.4681849236139463,0.49895027053627583,0.20201650378185287,DEFINED,8bdaa2ba22ca1a4ded790cb3,E40
W00,S3_PARENT,neg_log10_mol_l,E40_FP2048,locked_common,BMDx_Behavior,34,34,0,1.5572209279207156,2.1992806533833216,-0.014439764345187234,DEFINED,8bdaa2ba22ca1a4ded790cb3,E40
W00,S3_PARENT,neg_log10_mol_l,E40_FP2048,locked_common,BMDx_Development,47,47,0,0.8665298573079259,1.153118427533058,0.013683616184791081,DEFINED,8bdaa2ba22ca1a4ded790cb3,E40
W00,S3_PARENT,neg_log10_mol_l,E40_FP2048,locked_common,BMDx_Immobilization,9,9,0,0.3198119785157116,0.7312612297924325,-0.12496273315072193,DEFINED,8bdaa2ba22ca1a4ded790cb3,E40
W00,S3_PARENT,neg_log10_mol_l,E40_FP2048,locked_common,BMDx_Injury,14,14,0,1.190052584477678,1.279134877847104,-0.1705150060373981,DEFINED,8bdaa2ba22ca1a4ded790cb3,E40
W00,S3_PARENT,neg_log10_mol_l,E40_FP2048,locked_common,BMDx_Morphology,6,6,0,0.27726322242340284,0.30515109160507636,0.10468163802375008,DEFINED,8bdaa2ba22ca1a4ded790cb3,E40
W00,S3_PARENT,neg_log10_mol_l,E40_FP2048,locked_common,BMDx_Mortality,17,17,0,2.136632422679089,3.348859451755407,-0.09562400938266169,DEFINED,8bdaa2ba22ca1a4ded790cb3,E40
W00,S3_PARENT,neg_log10_mol_l,E40_FP2048,locked_common,BMDx_Physiology,12,12,0,0.8891860366606529,1.2080791394396861,-0.025711732485476313,DEFINED,8bdaa2ba22ca1a4ded790cb3,E40
W00,S3_PARENT,neg_log10_mol_l,E40_FP2048,locked_common,ECx_Behavior,492,492,0,0.932881474406345,1.2062246637982563,0.6748526503272683,DEFINED,8bdaa2ba22ca1a4ded790cb3,E40
W00,S3_PARENT,neg_log10_mol_l,E40_FP2048,locked_common,ECx_Biochemical,240,240,0,1.0129304055421953,1.3299531667827507,0.6187183033458264,DEFINED,8bdaa2ba22ca1a4ded790cb3,E40
W00,S3_PARENT,neg_log10_mol_l,E40_FP2048,locked_common,ECx_Development,504,504,0,1.2159531013468918,1.630805835245847,0.47005860919582354,DEFINED,8bdaa2ba22ca1a4ded790cb3,E40
W00,S3_PARENT,neg_log10_mol_l,E40_FP2048,locked_common,ECx_Feeding,39,39,0,0.7547196333479576,1.0308166402277257,0.4353066818613641,DEFINED,8bdaa2ba22ca1a4ded790cb3,E40
W00,S3_PARENT,neg_log10_mol_l,E40_FP2048,locked_common,ECx_GeneticDamage,47,47,0,0.6312300480972018,0.8393843212063985,0.9112242476762575,DEFINED,8bdaa2ba22ca1a4ded790cb3,E40
W00,S3_PARENT,neg_log10_mol_l,E40_FP2048,locked_common,ECx_Growth,725,725,0,0.8895292297766606,1.2937801761207006,0.435707216212856,DEFINED,8bdaa2ba22ca1a4ded790cb3,E40
W00,S3_PARENT,neg_log10_mol_l,E40_FP2048,locked_common,ECx_Immobilization,1566,1566,0,0.8102053555811616,1.0569538650216532,0.7442299014682249,DEFINED,8bdaa2ba22ca1a4ded790cb3,E40
W00,S3_PARENT,neg_log10_mol_l,E40_FP2048,locked_common,ECx_Injury,65,65,0,0.7440150524558868,1.0781328669876347,0.7381752742812397,DEFINED,8bdaa2ba22ca1a4ded790cb3,E40
W00,S3_PARENT,neg_log10_mol_l,E40_FP2048,locked_common,ECx_Molting,182,182,0,0.9019968851092902,1.1716786700171553,0.5818778245188364,DEFINED,8bdaa2ba22ca1a4ded790cb3,E40
W00,S3_PARENT,neg_log10_mol_l,E40_FP2048,locked_common,ECx_Morphology,48,48,0,0.41655892819692236,0.6290512117360353,0.7563209525609463,DEFINED,8bdaa2ba22ca1a4ded790cb3,E40
W00,S3_PARENT,neg_log10_mol_l,E40_FP2048,locked_common,ECx_Mortality,14822,14822,0,0.9733918076580399,1.2605048417803326,0.5729440592970361,DEFINED,8bdaa2ba22ca1a4ded790cb3,E40
W00,S3_PARENT,neg_log10_mol_l,E40_FP2048,locked_common,ECx_Physiology,447,447,0,0.9109804570554288,1.1878102830870634,0.5942685319892015,DEFINED,8bdaa2ba22ca1a4ded790cb3,E40
W00,S3_PARENT,neg_log10_mol_l,E40_FP2048,locked_common,ECx_Population,2104,2104,0,0.885379411355428,1.1961438202481272,0.4749527904957268,DEFINED,8bdaa2ba22ca1a4ded790cb3,E40
W00,S3_PARENT,neg_log10_mol_l,E40_FP2048,locked_common,ECx_Reproduction,208,208,0,0.8000349025380262,1.0797242614666638,0.5845503920429945,DEFINED,8bdaa2ba22ca1a4ded790cb3,E40
W00,S3_PARENT,neg_log10_mol_l,E40_FP2048,locked_common,EDx_Development,5,5,0,0.9453328448194966,1.0620116678928537,-1.0139350321615659,DEFINED,8bdaa2ba22ca1a4ded790cb3,E40
W00,S3_PARENT,neg_log10_mol_l,E40_FP2048,locked_common,EDx_Growth,1,1,0,1.6879039348879719,1.6879039348879719,,N_LT_2,8bdaa2ba22ca1a4ded790cb3,E40
W00,S3_PARENT,neg_log10_mol_l,E40_FP2048,locked_common,EDx_Molting,3,3,0,0.7586371856689201,0.7948551710068871,-9.51417778470433,DEFINED,8bdaa2ba22ca1a4ded790cb3,E40
W00,S3_PARENT,neg_log10_mol_l,E40_FP2048,locked_common,EDx_Physiology,2,2,0,0.7575075862653236,0.7605592781453595,-0.9468495573021642,DEFINED,8bdaa2ba22ca1a4ded790cb3,E40
W00,S3_PARENT,neg_log10_mol_l,E40_FP2048,locked_common,EDx_Population,2,2,0,0.7201078162247194,0.7204020702892171,-1223.3658020583007,DEFINED,8bdaa2ba22ca1a4ded790cb3,E40
W00,S3_PARENT,neg_log10_mol_l,E40_FP2048,locked_common,ICx_Behavior,3,3,0,1.0896081060604466,1.1105070660953418,-0.07986171737710479,DEFINED,8bdaa2ba22ca1a4ded790cb3,E40
W00,S3_PARENT,neg_log10_mol_l,E40_FP2048,locked_common,ICx_Biochemical,171,171,0,1.3144432001271051,1.6660657210982177,0.2456574164452433,DEFINED,8bdaa2ba22ca1a4ded790cb3,E40
W00,S3_PARENT,neg_log10_mol_l,E40_FP2048,locked_common,ICx_Development,29,29,0,2.1115045739362364,2.400698451507401,-0.1448621026133552,DEFINED,8bdaa2ba22ca1a4ded790cb3,E40
W00,S3_PARENT,neg_log10_mol_l,E40_FP2048,locked_common,ICx_Feeding,3,3,0,0.7023796205412275,0.76479720686475,-28.66950116963995,DEFINED,8bdaa2ba22ca1a4ded790cb3,E40
W00,S3_PARENT,neg_log10_mol_l,E40_FP2048,locked_common,ICx_GeneticDamage,6,6,0,0.9470239959425456,1.092953299935343,0.6555750652173096,DEFINED,8bdaa2ba22ca1a4ded790cb3,E40
W00,S3_PARENT,neg_log10_mol_l,E40_FP2048,locked_common,ICx_Growth,108,108,0,0.84455627057475,1.0625515278825743,0.4949206740581552,DEFINED,8bdaa2ba22ca1a4ded790cb3,E40
W00,S3_PARENT,neg_log10_mol_l,E40_FP2048,locked_common,ICx_Immobilization,17,17,0,1.4051087708723582,1.5509226154433313,-2.0732001504290416,DEFINED,8bdaa2ba22ca1a4ded790cb3,E40
W00,S3_PARENT,neg_log10_mol_l,E40_FP2048,locked_common,ICx_Mortality,23,23,0,1.9536311655990175,2.214662309923326,0.06992322549618435,DEFINED,8bdaa2ba22ca1a4ded790cb3,E40
W00,S3_PARENT,neg_log10_mol_l,E40_FP2048,locked_common,ICx_Physiology,164,164,0,0.7915172590399647,1.107617616595015,0.7498016736676245,DEFINED,8bdaa2ba22ca1a4ded790cb3,E40
W00,S3_PARENT,neg_log10_mol_l,E40_FP2048,locked_common,ICx_Population,289,289,0,0.8466993702086993,1.1333408342206688,0.6245934837847282,DEFINED,8bdaa2ba22ca1a4ded790cb3,E40
W00,S3_PARENT,neg_log10_mol_l,E40_FP2048,locked_common,ICx_Reproduction,66,66,0,1.035180267954995,1.367804076970745,0.2585910326101398,DEFINED,8bdaa2ba22ca1a4ded790cb3,E40
W00,S3_PARENT,neg_log10_mol_l,E40_FP2048,locked_common,LDx_Injury,5,5,0,0.5614918522680921,0.7318686087315034,0.5193495306356026,DEFINED,8bdaa2ba22ca1a4ded790cb3,E40
W00,S3_PARENT,neg_log10_mol_l,E40_FP2048,locked_common,LDx_Mortality,239,239,0,0.882275790950034,1.189053716977487,0.42686112901214657,DEFINED,8bdaa2ba22ca1a4ded790cb3,E40
W00,S3_PARENT,neg_log10_mol_l,E40_FP2048,locked_common,LDx_Physiology,6,6,0,0.1721721490694752,0.20805885427993115,0.06520252969697604,DEFINED,8bdaa2ba22ca1a4ded790cb3,E40
W00,S3_PARENT,neg_log10_mol_l,E40_FP2048,locked_common,LOEC_Accumulation,43,43,0,1.1870777537059203,1.53677675610586,0.3158433199907352,DEFINED,8bdaa2ba22ca1a4ded790cb3,E40
W00,S3_PARENT,neg_log10_mol_l,E40_FP2048,locked_common,LOEC_Behavior,332,332,0,0.9686874498408586,1.2440010775453227,0.45900928938372143,DEFINED,8bdaa2ba22ca1a4ded790cb3,E40
W00,S3_PARENT,neg_log10_mol_l,E40_FP2048,locked_common,LOEC_Biochemical,1314,1314,0,1.1102949055493936,1.4405791298112862,0.3809817408680558,DEFINED,8bdaa2ba22ca1a4ded790cb3,E40
W00,S3_PARENT,neg_log10_mol_l,E40_FP2048,locked_common,LOEC_Development,422,422,0,1.2559821303050314,1.593279788426469,0.3422047279150041,DEFINED,8bdaa2ba22ca1a4ded790cb3,E40
W00,S3_PARENT,neg_log10_mol_l,E40_FP2048,locked_common,LOEC_Feeding,29,29,0,0.5491272883318224,0.6947802795294421,0.005912390880483898,DEFINED,8bdaa2ba22ca1a4ded790cb3,E40
W00,S3_PARENT,neg_log10_mol_l,E40_FP2048,locked_common,LOEC_GeneticDamage,857,857,0,1.1058436352854444,1.4033576652173034,0.35239592822426524,DEFINED,8bdaa2ba22ca1a4ded790cb3,E40
W00,S3_PARENT,neg_log10_mol_l,E40_FP2048,locked_common,LOEC_Growth,853,853,0,0.9908719458075644,1.314739844978645,0.44472547808295004,DEFINED,8bdaa2ba22ca1a4ded790cb3,E40
W00,S3_PARENT,neg_log10_mol_l,E40_FP2048,locked_common,LOEC_Immobilization,61,61,0,0.7542362817177751,0.9939164294082019,0.6985571515465334,DEFINED,8bdaa2ba22ca1a4ded790cb3,E40
W00,S3_PARENT,neg_log10_mol_l,E40_FP2048,locked_common,LOEC_Injury,113,113,0,1.180341545666433,1.47260786989446,0.44489035624363205,DEFINED,8bdaa2ba22ca1a4ded790cb3,E40
W00,S3_PARENT,neg_log10_mol_l,E40_FP2048,locked_common,LOEC_Molting,24,24,0,1.0697960431501035,1.3446872752242776,0.623736864761214,DEFINED,8bdaa2ba22ca1a4ded790cb3,E40
W00,S3_PARENT,neg_log10_mol_l,E40_FP2048,locked_common,LOEC_Morphology,168,168,0,1.2858195666966026,1.6024407765327453,0.19659080592581024,DEFINED,8bdaa2ba22ca1a4ded790cb3,E40
W00,S3_PARENT,neg_log10_mol_l,E40_FP2048,locked_common,LOEC_Mortality,831,831,0,1.0145615974775006,1.315115781834068,0.5882839985384822,DEFINED,8bdaa2ba22ca1a4ded790cb3,E40
W00,S3_PARENT,neg_log10_mol_l,E40_FP2048,locked_common,LOEC_Physiology,721,721,0,1.1069197933077037,1.4003950872078528,0.4303223039799019,DEFINED,8bdaa2ba22ca1a4ded790cb3,E40
W00,S3_PARENT,neg_log10_mol_l,E40_FP2048,locked_common,LOEC_Population,936,936,0,1.0624453776293337,1.3934686061670298,0.5471191881108404,DEFINED,8bdaa2ba22ca1a4ded790cb3,E40
W00,S3_PARENT,neg_log10_mol_l,E40_FP2048,locked_common,LOEC_Reproduction,495,495,0,1.089936143567655,1.4221566221195228,0.4853579195294695,DEFINED,8bdaa2ba22ca1a4ded790cb3,E40
W00,S3_PARENT,neg_log10_mol_l,E40_FP2048,locked_common,MATC_Behavior,2,2,0,1.2052287357337645,1.2189497970001295,-18.81800156788787,DEFINED,8bdaa2ba22ca1a4ded790cb3,E40
W00,S3_PARENT,neg_log10_mol_l,E40_FP2048,locked_common,MATC_Biochemical,6,6,0,0.9502447164454365,1.1555367450031657,-0.202451942127029,DEFINED,8bdaa2ba22ca1a4ded790cb3,E40
W00,S3_PARENT,neg_log10_mol_l,E40_FP2048,locked_common,MATC_Development,15,15,0,0.6064047452977588,0.7164771251636333,0.5312596348111167,DEFINED,8bdaa2ba22ca1a4ded790cb3,E40
W00,S3_PARENT,neg_log10_mol_l,E40_FP2048,locked_common,MATC_Growth,56,56,0,0.5791794675540688,0.7963542455472569,0.6589389771771134,DEFINED,8bdaa2ba22ca1a4ded790cb3,E40
W00,S3_PARENT,neg_log10_mol_l,E40_FP2048,locked_common,MATC_Immobilization,3,3,0,1.5704396352707173,1.5905243773752127,-317.97938988835375,DEFINED,8bdaa2ba22ca1a4ded790cb3,E40
W00,S3_PARENT,neg_log10_mol_l,E40_FP2048,locked_common,MATC_Molting,4,4,0,0.8124911126921057,1.2486943999381488,-1.484892825961885,DEFINED,8bdaa2ba22ca1a4ded790cb3,E40
W00,S3_PARENT,neg_log10_mol_l,E40_FP2048,locked_common,MATC_Mortality,94,94,0,0.8592212023521532,1.0823670025545553,0.7436997230416111,DEFINED,8bdaa2ba22ca1a4ded790cb3,E40
W00,S3_PARENT,neg_log10_mol_l,E40_FP2048,locked_common,MATC_Physiology,3,3,0,2.2250201187099448,2.304122754488592,-0.20557568225022504,DEFINED,8bdaa2ba22ca1a4ded790cb3,E40
W00,S3_PARENT,neg_log10_mol_l,E40_FP2048,locked_common,MATC_Population,20,20,0,1.3228437216751856,1.5423390175073468,-0.8771600185104089,DEFINED,8bdaa2ba22ca1a4ded790cb3,E40
W00,S3_PARENT,neg_log10_mol_l,E40_FP2048,locked_common,MATC_Reproduction,34,34,0,0.918648826953149,1.1954246171641014,0.6531936061089556,DEFINED,8bdaa2ba22ca1a4ded790cb3,E40
W00,S3_PARENT,neg_log10_mol_l,E40_FP2048,locked_common,NOEC_Accumulation,31,31,0,0.93252818775735,1.4260317026325486,0.14452307851185608,DEFINED,8bdaa2ba22ca1a4ded790cb3,E40
W00,S3_PARENT,neg_log10_mol_l,E40_FP2048,locked_common,NOEC_Behavior,434,434,0,0.9496094351171169,1.1911826375235397,0.42409355053562703,DEFINED,8bdaa2ba22ca1a4ded790cb3,E40
W00,S3_PARENT,neg_log10_mol_l,E40_FP2048,locked_common,NOEC_Biochemical,1258,1258,0,1.1335369558517707,1.45668010609638,0.4029270595748857,DEFINED,8bdaa2ba22ca1a4ded790cb3,E40
W00,S3_PARENT,neg_log10_mol_l,E40_FP2048,locked_common,NOEC_Development,593,593,0,1.2214617969223345,1.5707356664645564,0.37528679863219105,DEFINED,8bdaa2ba22ca1a4ded790cb3,E40
W00,S3_PARENT,neg_log10_mol_l,E40_FP2048,locked_common,NOEC_Feeding,74,74,0,0.9926152657077972,1.2066749588054302,0.6773253130772798,DEFINED,8bdaa2ba22ca1a4ded790cb3,E40
W00,S3_PARENT,neg_log10_mol_l,E40_FP2048,locked_common,NOEC_GeneticDamage,838,838,0,1.0819694902453374,1.3797551847174951,0.41326565496686574,DEFINED,8bdaa2ba22ca1a4ded790cb3,E40
W00,S3_PARENT,neg_log10_mol_l,E40_FP2048,locked_common,NOEC_Growth,1168,1168,0,1.0136072282699022,1.3126784237861897,0.44235461988745395,DEFINED,8bdaa2ba22ca1a4ded790cb3,E40
W00,S3_PARENT,neg_log10_mol_l,E40_FP2048,locked_common,NOEC_Immobilization,275,275,0,0.9383878785053955,1.2501728234389122,0.5156338380752532,DEFINED,8bdaa2ba22ca1a4ded790cb3,E40
W00,S3_PARENT,neg_log10_mol_l,E40_FP2048,locked_common,NOEC_Injury,155,155,0,1.0805318947257572,1.3645607844510086,0.4565057848532539,DEFINED,8bdaa2ba22ca1a4ded790cb3,E40
W00,S3_PARENT,neg_log10_mol_l,E40_FP2048,locked_common,NOEC_Molting,47,47,0,0.8250337406020924,1.1148237914084076,0.6110800297111854,DEFINED,8bdaa2ba22ca1a4ded790cb3,E40
W00,S3_PARENT,neg_log10_mol_l,E40_FP2048,locked_common,NOEC_Morphology,281,281,0,1.1002438407237052,1.4162712613242114,0.36289687046466934,DEFINED,8bdaa2ba22ca1a4ded790cb3,E40
W00,S3_PARENT,neg_log10_mol_l,E40_FP2048,locked_common,NOEC_Mortality,1793,1793,0,0.9954256178195654,1.2726024856474567,0.5417849460479638,DEFINED,8bdaa2ba22ca1a4ded790cb3,E40
W00,S3_PARENT,neg_log10_mol_l,E40_FP2048,locked_common,NOEC_Physiology,798,798,0,1.0904546457799182,1.3796284611652032,0.42470606785071763,DEFINED,8bdaa2ba22ca1a4ded790cb3,E40
W00,S3_PARENT,neg_log10_mol_l,E40_FP2048,locked_common,NOEC_Population,1386,1386,0,1.0916421936459983,1.4124191085290838,0.44033610710526105,DEFINED,8bdaa2ba22ca1a4ded790cb3,E40
W00,S3_PARENT,neg_log10_mol_l,E40_FP2048,locked_common,NOEC_Reproduction,620,620,0,1.0742195559176917,1.425873770424137,0.5178411764168468,DEFINED,8bdaa2ba22ca1a4ded790cb3,E40
W00,S3_PARENT,neg_log10_mol_l,E40_FP512_CORE_REFERENCE,locked_common,ACx_Development,61,61,0,1.7015892315530976,2.023863602869278,-0.2636260245037474,DEFINED,3b49bf8c75e42f160b2c68e9,E40
W00,S3_PARENT,neg_log10_mol_l,E40_FP512_CORE_REFERENCE,locked_common,ACx_Immobilization,33,33,0,1.6624458175979488,1.9110392327584862,-0.1268210249382098,DEFINED,3b49bf8c75e42f160b2c68e9,E40
W00,S3_PARENT,neg_log10_mol_l,E40_FP512_CORE_REFERENCE,locked_common,ACx_Injury,70,70,0,1.1798216537721682,1.5358565310256447,0.09464074985410564,DEFINED,3b49bf8c75e42f160b2c68e9,E40
W00,S3_PARENT,neg_log10_mol_l,E40_FP512_CORE_REFERENCE,locked_common,ACx_Molting,104,104,0,0.6139310114624865,0.7690693665613038,0.19703160482667903,DEFINED,3b49bf8c75e42f160b2c68e9,E40
W00,S3_PARENT,neg_log10_mol_l,E40_FP512_CORE_REFERENCE,locked_common,ACx_Mortality,59,59,0,1.5255630172186114,1.9864312142266836,-0.02372923808894889,DEFINED,3b49bf8c75e42f160b2c68e9,E40
W00,S3_PARENT,neg_log10_mol_l,E40_FP512_CORE_REFERENCE,locked_common,ACx_Physiology,71,71,0,1.4407338411515889,1.6975494544746734,0.07978541132692407,DEFINED,3b49bf8c75e42f160b2c68e9,E40
W00,S3_PARENT,neg_log10_mol_l,E40_FP512_CORE_REFERENCE,locked_common,BMCx_Development,9,9,0,0.7747554502158652,0.9568239711068466,0.4198620753819211,DEFINED,3b49bf8c75e42f160b2c68e9,E40
W00,S3_PARENT,neg_log10_mol_l,E40_FP512_CORE_REFERENCE,locked_common,BMCx_Immobilization,3,3,0,0.5592684116725879,0.7546989847986816,-0.48410597890356266,DEFINED,3b49bf8c75e42f160b2c68e9,E40
W00,S3_PARENT,neg_log10_mol_l,E40_FP512_CORE_REFERENCE,locked_common,BMCx_Injury,10,10,0,0.5989116357269124,0.7093351162602992,-0.08113540903162653,DEFINED,3b49bf8c75e42f160b2c68e9,E40
W00,S3_PARENT,neg_log10_mol_l,E40_FP512_CORE_REFERENCE,locked_common,BMCx_Molting,18,18,0,0.43448540223342724,0.514092890465459,0.1782814640738153,DEFINED,3b49bf8c75e42f160b2c68e9,E40
W00,S3_PARENT,neg_log10_mol_l,E40_FP512_CORE_REFERENCE,locked_common,BMCx_Mortality,9,9,0,0.42359663916404877,0.5306516286580201,0.1114358198441977,DEFINED,3b49bf8c75e42f160b2c68e9,E40
W00,S3_PARENT,neg_log10_mol_l,E40_FP512_CORE_REFERENCE,locked_common,BMCx_Physiology,6,6,0,0.49114446491802105,0.5169899379154997,0.14327080702288664,DEFINED,3b49bf8c75e42f160b2c68e9,E40
W00,S3_PARENT,neg_log10_mol_l,E40_FP512_CORE_REFERENCE,locked_common,BMDx_Behavior,34,34,0,1.5480851670546922,2.2169840076808827,-0.03083718771556443,DEFINED,3b49bf8c75e42f160b2c68e9,E40
W00,S3_PARENT,neg_log10_mol_l,E40_FP512_CORE_REFERENCE,locked_common,BMDx_Development,47,47,0,0.829921813590786,1.1359431321408355,0.042846475966378916,DEFINED,3b49bf8c75e42f160b2c68e9,E40
W00,S3_PARENT,neg_log10_mol_l,E40_FP512_CORE_REFERENCE,locked_common,BMDx_Immobilization,9,9,0,0.30733504538579964,0.7310044936739449,-0.12417295282707363,DEFINED,3b49bf8c75e42f160b2c68e9,E40
W00,S3_PARENT,neg_log10_mol_l,E40_FP512_CORE_REFERENCE,locked_common,BMDx_Injury,14,14,0,1.250458459652139,1.347237676878377,-0.2984724620858934,DEFINED,3b49bf8c75e42f160b2c68e9,E40
W00,S3_PARENT,neg_log10_mol_l,E40_FP512_CORE_REFERENCE,locked_common,BMDx_Morphology,6,6,0,0.30351917913583043,0.3458079420204783,-0.14978744560951296,DEFINED,3b49bf8c75e42f160b2c68e9,E40
W00,S3_PARENT,neg_log10_mol_l,E40_FP512_CORE_REFERENCE,locked_common,BMDx_Mortality,17,17,0,2.096131605039154,3.280906533315703,-0.051611714773623474,DEFINED,3b49bf8c75e42f160b2c68e9,E40
W00,S3_PARENT,neg_log10_mol_l,E40_FP512_CORE_REFERENCE,locked_common,BMDx_Physiology,12,12,0,0.9309911824271261,1.267747214137094,-0.12953549393034236,DEFINED,3b49bf8c75e42f160b2c68e9,E40
W00,S3_PARENT,neg_log10_mol_l,E40_FP512_CORE_REFERENCE,locked_common,ECx_Behavior,492,492,0,0.968189668613497,1.2446214511627427,0.6538228697216991,DEFINED,3b49bf8c75e42f160b2c68e9,E40
W00,S3_PARENT,neg_log10_mol_l,E40_FP512_CORE_REFERENCE,locked_common,ECx_Biochemical,240,240,0,1.0549300680380698,1.3404910093807132,0.6126522186068721,DEFINED,3b49bf8c75e42f160b2c68e9,E40
W00,S3_PARENT,neg_log10_mol_l,E40_FP512_CORE_REFERENCE,locked_common,ECx_Development,504,504,0,1.0655950130816132,1.439946870755583,0.5868419067743695,DEFINED,3b49bf8c75e42f160b2c68e9,E40
W00,S3_PARENT,neg_log10_mol_l,E40_FP512_CORE_REFERENCE,locked_common,ECx_Feeding,39,39,0,0.767336224927649,1.0762036910649766,0.3844848286018401,DEFINED,3b49bf8c75e42f160b2c68e9,E40
W00,S3_PARENT,neg_log10_mol_l,E40_FP512_CORE_REFERENCE,locked_common,ECx_GeneticDamage,47,47,0,0.6490975804654234,0.8432785422735927,0.9103986083559941,DEFINED,3b49bf8c75e42f160b2c68e9,E40
W00,S3_PARENT,neg_log10_mol_l,E40_FP512_CORE_REFERENCE,locked_common,ECx_Growth,725,725,0,0.9274996225454457,1.2817161938432289,0.44618176066922666,DEFINED,3b49bf8c75e42f160b2c68e9,E40
W00,S3_PARENT,neg_log10_mol_l,E40_FP512_CORE_REFERENCE,locked_common,ECx_Immobilization,1566,1566,0,0.8661194963730364,1.1137820717043905,0.7159870426028854,DEFINED,3b49bf8c75e42f160b2c68e9,E40
W00,S3_PARENT,neg_log10_mol_l,E40_FP512_CORE_REFERENCE,locked_common,ECx_Injury,65,65,0,0.7189134903798919,1.0023860172060837,0.7736731466527108,DEFINED,3b49bf8c75e42f160b2c68e9,E40
W00,S3_PARENT,neg_log10_mol_l,E40_FP512_CORE_REFERENCE,locked_common,ECx_Molting,182,182,0,0.9095683162777658,1.1456384658424845,0.6002565762833163,DEFINED,3b49bf8c75e42f160b2c68e9,E40
W00,S3_PARENT,neg_log10_mol_l,E40_FP512_CORE_REFERENCE,locked_common,ECx_Morphology,48,48,0,0.4766366139282108,0.7070185750585853,0.6921722063363946,DEFINED,3b49bf8c75e42f160b2c68e9,E40
W00,S3_PARENT,neg_log10_mol_l,E40_FP512_CORE_REFERENCE,locked_common,ECx_Mortality,14822,14822,0,1.0267305833805016,1.3152834293414841,0.5350198335983014,DEFINED,3b49bf8c75e42f160b2c68e9,E40
W00,S3_PARENT,neg_log10_mol_l,E40_FP512_CORE_REFERENCE,locked_common,ECx_Physiology,447,447,0,0.8962294882554707,1.157649434058299,0.6146115822491743,DEFINED,3b49bf8c75e42f160b2c68e9,E40
W00,S3_PARENT,neg_log10_mol_l,E40_FP512_CORE_REFERENCE,locked_common,ECx_Population,2104,2104,0,0.912565213149497,1.2168901457046188,0.456581647628331,DEFINED,3b49bf8c75e42f160b2c68e9,E40
W00,S3_PARENT,neg_log10_mol_l,E40_FP512_CORE_REFERENCE,locked_common,ECx_Reproduction,208,208,0,0.8553440748784141,1.1476873844820175,0.530603497880094,DEFINED,3b49bf8c75e42f160b2c68e9,E40
W00,S3_PARENT,neg_log10_mol_l,E40_FP512_CORE_REFERENCE,locked_common,EDx_Development,5,5,0,0.9797522745222947,1.0698467929766486,-1.0437607690061133,DEFINED,3b49bf8c75e42f160b2c68e9,E40
W00,S3_PARENT,neg_log10_mol_l,E40_FP512_CORE_REFERENCE,locked_common,EDx_Growth,1,1,0,1.6838592555981915,1.6838592555981915,,N_LT_2,3b49bf8c75e42f160b2c68e9,E40
W00,S3_PARENT,neg_log10_mol_l,E40_FP512_CORE_REFERENCE,locked_common,EDx_Molting,3,3,0,0.6752288295050759,0.7152978682154377,-7.514774872410657,DEFINED,3b49bf8c75e42f160b2c68e9,E40
W00,S3_PARENT,neg_log10_mol_l,E40_FP512_CORE_REFERENCE,locked_common,EDx_Physiology,2,2,0,0.9849110298064745,0.9955537493999603,-2.3357667846363963,DEFINED,3b49bf8c75e42f160b2c68e9,E40
W00,S3_PARENT,neg_log10_mol_l,E40_FP512_CORE_REFERENCE,locked_common,EDx_Population,2,2,0,0.69156383635982,0.691870230353762,-1128.3032418429045,DEFINED,3b49bf8c75e42f160b2c68e9,E40
W00,S3_PARENT,neg_log10_mol_l,E40_FP512_CORE_REFERENCE,locked_common,ICx_Behavior,3,3,0,0.7289874790494685,0.7313352656357154,0.5316629408680241,DEFINED,3b49bf8c75e42f160b2c68e9,E40
W00,S3_PARENT,neg_log10_mol_l,E40_FP512_CORE_REFERENCE,locked_common,ICx_Biochemical,171,171,0,1.3034825178370009,1.6680791085158213,0.24383311678162523,DEFINED,3b49bf8c75e42f160b2c68e9,E40
W00,S3_PARENT,neg_log10_mol_l,E40_FP512_CORE_REFERENCE,locked_common,ICx_Development,29,29,0,1.867951779446541,2.1160774347618436,0.11051000620833717,DEFINED,3b49bf8c75e42f160b2c68e9,E40
W00,S3_PARENT,neg_log10_mol_l,E40_FP512_CORE_REFERENCE,locked_common,ICx_Feeding,3,3,0,0.3265338580970744,0.3546798585767518,-5.381028899452209,DEFINED,3b49bf8c75e42f160b2c68e9,E40
W00,S3_PARENT,neg_log10_mol_l,E40_FP512_CORE_REFERENCE,locked_common,ICx_GeneticDamage,6,6,0,0.7287955261479774,0.887049934086364,0.7731245470587508,DEFINED,3b49bf8c75e42f160b2c68e9,E40
W00,S3_PARENT,neg_log10_mol_l,E40_FP512_CORE_REFERENCE,locked_common,ICx_Growth,108,108,0,0.8819251547348519,1.0833825207590984,0.4749227031176183,DEFINED,3b49bf8c75e42f160b2c68e9,E40
W00,S3_PARENT,neg_log10_mol_l,E40_FP512_CORE_REFERENCE,locked_common,ICx_Immobilization,17,17,0,1.4924721052583623,1.6302371166083447,-2.39556572818808,DEFINED,3b49bf8c75e42f160b2c68e9,E40
W00,S3_PARENT,neg_log10_mol_l,E40_FP512_CORE_REFERENCE,locked_common,ICx_Mortality,23,23,0,2.118409048559387,2.3623545988767347,-0.05826381124577651,DEFINED,3b49bf8c75e42f160b2c68e9,E40
W00,S3_PARENT,neg_log10_mol_l,E40_FP512_CORE_REFERENCE,locked_common,ICx_Physiology,164,164,0,0.8531206314534457,1.1052496518927704,0.7508703231517295,DEFINED,3b49bf8c75e42f160b2c68e9,E40
W00,S3_PARENT,neg_log10_mol_l,E40_FP512_CORE_REFERENCE,locked_common,ICx_Population,289,289,0,0.8824438820968542,1.1722150598604912,0.5983984996396917,DEFINED,3b49bf8c75e42f160b2c68e9,E40
W00,S3_PARENT,neg_log10_mol_l,E40_FP512_CORE_REFERENCE,locked_common,ICx_Reproduction,66,66,0,1.4028763231600856,1.6738402564203299,-0.11029418156395421,DEFINED,3b49bf8c75e42f160b2c68e9,E40
W00,S3_PARENT,neg_log10_mol_l,E40_FP512_CORE_REFERENCE,locked_common,LDx_Injury,5,5,0,0.5641263805507468,0.7759256028616901,0.45973940102628064,DEFINED,3b49bf8c75e42f160b2c68e9,E40
W00,S3_PARENT,neg_log10_mol_l,E40_FP512_CORE_REFERENCE,locked_common,LDx_Mortality,239,239,0,0.9310560583051909,1.269670459636956,0.34651000207525706,DEFINED,3b49bf8c75e42f160b2c68e9,E40
W00,S3_PARENT,neg_log10_mol_l,E40_FP512_CORE_REFERENCE,locked_common,LDx_Physiology,6,6,0,0.20055369369565543,0.2800678030351955,-0.6938365208343056,DEFINED,3b49bf8c75e42f160b2c68e9,E40
W00,S3_PARENT,neg_log10_mol_l,E40_FP512_CORE_REFERENCE,locked_common,LOEC_Accumulation,43,43,0,1.211657861009821,1.5223599969124013,0.32861948586127054,DEFINED,3b49bf8c75e42f160b2c68e9,E40
W00,S3_PARENT,neg_log10_mol_l,E40_FP512_CORE_REFERENCE,locked_common,LOEC_Behavior,332,332,0,0.9906006595729486,1.2578514862565824,0.44689570701418924,DEFINED,3b49bf8c75e42f160b2c68e9,E40
W00,S3_PARENT,neg_log10_mol_l,E40_FP512_CORE_REFERENCE,locked_common,LOEC_Biochemical,1314,1314,0,1.1229132311304213,1.460973267744598,0.36333091656106864,DEFINED,3b49bf8c75e42f160b2c68e9,E40
W00,S3_PARENT,neg_log10_mol_l,E40_FP512_CORE_REFERENCE,locked_common,LOEC_Development,422,422,0,1.2225064903987366,1.54244530114588,0.38350977126507135,DEFINED,3b49bf8c75e42f160b2c68e9,E40
W00,S3_PARENT,neg_log10_mol_l,E40_FP512_CORE_REFERENCE,locked_common,LOEC_Feeding,29,29,0,0.5614368325299676,0.6812488471400768,0.0442567155391983,DEFINED,3b49bf8c75e42f160b2c68e9,E40
W00,S3_PARENT,neg_log10_mol_l,E40_FP512_CORE_REFERENCE,locked_common,LOEC_GeneticDamage,857,857,0,1.1205633174605696,1.4237345193060316,0.33345287698128867,DEFINED,3b49bf8c75e42f160b2c68e9,E40
W00,S3_PARENT,neg_log10_mol_l,E40_FP512_CORE_REFERENCE,locked_common,LOEC_Growth,853,853,0,1.0285331416369208,1.3484867485366627,0.41585392502967145,DEFINED,3b49bf8c75e42f160b2c68e9,E40
W00,S3_PARENT,neg_log10_mol_l,E40_FP512_CORE_REFERENCE,locked_common,LOEC_Immobilization,61,61,0,0.8591350109173386,1.1737704050904874,0.5795914340660413,DEFINED,3b49bf8c75e42f160b2c68e9,E40
W00,S3_PARENT,neg_log10_mol_l,E40_FP512_CORE_REFERENCE,locked_common,LOEC_Injury,113,113,0,1.2536044753863451,1.543843306517091,0.3898860199132287,DEFINED,3b49bf8c75e42f160b2c68e9,E40
W00,S3_PARENT,neg_log10_mol_l,E40_FP512_CORE_REFERENCE,locked_common,LOEC_Molting,24,24,0,1.0974908082028036,1.3769920150337995,0.605441028040953,DEFINED,3b49bf8c75e42f160b2c68e9,E40
W00,S3_PARENT,neg_log10_mol_l,E40_FP512_CORE_REFERENCE,locked_common,LOEC_Morphology,168,168,0,1.1960042247775362,1.487534734631235,0.3076797208022185,DEFINED,3b49bf8c75e42f160b2c68e9,E40
W00,S3_PARENT,neg_log10_mol_l,E40_FP512_CORE_REFERENCE,locked_common,LOEC_Mortality,831,831,0,1.0727938384436293,1.3656808254327808,0.5560151091340122,DEFINED,3b49bf8c75e42f160b2c68e9,E40
W00,S3_PARENT,neg_log10_mol_l,E40_FP512_CORE_REFERENCE,locked_common,LOEC_Physiology,721,721,0,1.0891592017988732,1.3738742066729253,0.4516952610561119,DEFINED,3b49bf8c75e42f160b2c68e9,E40
W00,S3_PARENT,neg_log10_mol_l,E40_FP512_CORE_REFERENCE,locked_common,LOEC_Population,936,936,0,1.0796841126091847,1.3825322097945443,0.5542000051758551,DEFINED,3b49bf8c75e42f160b2c68e9,E40
W00,S3_PARENT,neg_log10_mol_l,E40_FP512_CORE_REFERENCE,locked_common,LOEC_Reproduction,495,495,0,1.166338805587644,1.5130335914846842,0.41748437582679665,DEFINED,3b49bf8c75e42f160b2c68e9,E40
W00,S3_PARENT,neg_log10_mol_l,E40_FP512_CORE_REFERENCE,locked_common,MATC_Behavior,2,2,0,1.2519597435618741,1.252655042677152,-19.929131261329598,DEFINED,3b49bf8c75e42f160b2c68e9,E40
W00,S3_PARENT,neg_log10_mol_l,E40_FP512_CORE_REFERENCE,locked_common,MATC_Biochemical,6,6,0,0.9950155852306762,1.192406248267091,-0.28040892858735655,DEFINED,3b49bf8c75e42f160b2c68e9,E40
W00,S3_PARENT,neg_log10_mol_l,E40_FP512_CORE_REFERENCE,locked_common,MATC_Development,15,15,0,0.665285913769236,0.7636398638733006,0.4675180649461472,DEFINED,3b49bf8c75e42f160b2c68e9,E40
W00,S3_PARENT,neg_log10_mol_l,E40_FP512_CORE_REFERENCE,locked_common,MATC_Growth,56,56,0,0.62951965569214,0.8945587960666794,0.5696346759395026,DEFINED,3b49bf8c75e42f160b2c68e9,E40
W00,S3_PARENT,neg_log10_mol_l,E40_FP512_CORE_REFERENCE,locked_common,MATC_Immobilization,3,3,0,1.4082739750050886,1.4426058461215987,-261.40816191107695,DEFINED,3b49bf8c75e42f160b2c68e9,E40
W00,S3_PARENT,neg_log10_mol_l,E40_FP512_CORE_REFERENCE,locked_common,MATC_Molting,4,4,0,0.8564323469278075,1.3463593802837708,-1.8887990670348693,DEFINED,3b49bf8c75e42f160b2c68e9,E40
W00,S3_PARENT,neg_log10_mol_l,E40_FP512_CORE_REFERENCE,locked_common,MATC_Mortality,94,94,0,0.8859238900740026,1.1638026448479064,0.703681567453697,DEFINED,3b49bf8c75e42f160b2c68e9,E40
W00,S3_PARENT,neg_log10_mol_l,E40_FP512_CORE_REFERENCE,locked_common,MATC_Physiology,3,3,0,2.385792052565081,2.4878757371519296,-0.40553162841518375,DEFINED,3b49bf8c75e42f160b2c68e9,E40
W00,S3_PARENT,neg_log10_mol_l,E40_FP512_CORE_REFERENCE,locked_common,MATC_Population,20,20,0,1.2975205318851828,1.5334997428762787,-0.8557053505440642,DEFINED,3b49bf8c75e42f160b2c68e9,E40
W00,S3_PARENT,neg_log10_mol_l,E40_FP512_CORE_REFERENCE,locked_common,MATC_Reproduction,34,34,0,0.9795256368867048,1.280667858470804,0.6019700740600253,DEFINED,3b49bf8c75e42f160b2c68e9,E40
W00,S3_PARENT,neg_log10_mol_l,E40_FP512_CORE_REFERENCE,locked_common,NOEC_Accumulation,31,31,0,1.0474346388566,1.4407689986125956,0.12674989419984928,DEFINED,3b49bf8c75e42f160b2c68e9,E40
W00,S3_PARENT,neg_log10_mol_l,E40_FP512_CORE_REFERENCE,locked_common,NOEC_Behavior,434,434,0,0.9583242173510169,1.202139659975458,0.4134499400799495,DEFINED,3b49bf8c75e42f160b2c68e9,E40
W00,S3_PARENT,neg_log10_mol_l,E40_FP512_CORE_REFERENCE,locked_common,NOEC_Biochemical,1258,1258,0,1.1792243499551749,1.5162827550955467,0.353066854884017,DEFINED,3b49bf8c75e42f160b2c68e9,E40
W00,S3_PARENT,neg_log10_mol_l,E40_FP512_CORE_REFERENCE,locked_common,NOEC_Development,593,593,0,1.2174671132229216,1.5706127867895645,0.37538453825078577,DEFINED,3b49bf8c75e42f160b2c68e9,E40
W00,S3_PARENT,neg_log10_mol_l,E40_FP512_CORE_REFERENCE,locked_common,NOEC_Feeding,74,74,0,1.1025537029647492,1.3350732465230555,0.6050023760329548,DEFINED,3b49bf8c75e42f160b2c68e9,E40
W00,S3_PARENT,neg_log10_mol_l,E40_FP512_CORE_REFERENCE,locked_common,NOEC_GeneticDamage,838,838,0,1.1199455845103115,1.4140113621696173,0.3837694288573773,DEFINED,3b49bf8c75e42f160b2c68e9,E40
W00,S3_PARENT,neg_log10_mol_l,E40_FP512_CORE_REFERENCE,locked_common,NOEC_Growth,1168,1168,0,1.0596174220765335,1.3508582303235337,0.40944417024727786,DEFINED,3b49bf8c75e42f160b2c68e9,E40
W00,S3_PARENT,neg_log10_mol_l,E40_FP512_CORE_REFERENCE,locked_common,NOEC_Immobilization,275,275,0,0.9640218167147749,1.2687194249985811,0.5011558698314698,DEFINED,3b49bf8c75e42f160b2c68e9,E40
W00,S3_PARENT,neg_log10_mol_l,E40_FP512_CORE_REFERENCE,locked_common,NOEC_Injury,155,155,0,1.1507623797877327,1.4443830188851035,0.39106084318079914,DEFINED,3b49bf8c75e42f160b2c68e9,E40
W00,S3_PARENT,neg_log10_mol_l,E40_FP512_CORE_REFERENCE,locked_common,NOEC_Molting,47,47,0,0.8571554258044443,1.1354953046478333,0.5965232884529017,DEFINED,3b49bf8c75e42f160b2c68e9,E40
W00,S3_PARENT,neg_log10_mol_l,E40_FP512_CORE_REFERENCE,locked_common,NOEC_Morphology,281,281,0,1.1226813602373078,1.4452625916308979,0.33654667232183666,DEFINED,3b49bf8c75e42f160b2c68e9,E40
W00,S3_PARENT,neg_log10_mol_l,E40_FP512_CORE_REFERENCE,locked_common,NOEC_Mortality,1793,1793,0,1.0312139043430968,1.3113664024642981,0.5134450174258998,DEFINED,3b49bf8c75e42f160b2c68e9,E40
W00,S3_PARENT,neg_log10_mol_l,E40_FP512_CORE_REFERENCE,locked_common,NOEC_Physiology,798,798,0,1.0685696456085223,1.3570626053055213,0.44337171653160157,DEFINED,3b49bf8c75e42f160b2c68e9,E40
W00,S3_PARENT,neg_log10_mol_l,E40_FP512_CORE_REFERENCE,locked_common,NOEC_Population,1386,1386,0,1.0971063954357605,1.3966628470292815,0.45275313652407323,DEFINED,3b49bf8c75e42f160b2c68e9,E40
W00,S3_PARENT,neg_log10_mol_l,E40_FP512_CORE_REFERENCE,locked_common,NOEC_Reproduction,620,620,0,1.1234795460450095,1.480958375633977,0.47986789268839747,DEFINED,3b49bf8c75e42f160b2c68e9,E40
W00,S3_PARENT,neg_log10_mol_l,E50_FULL_TAXONOMY_CORE_REFERENCE,locked_common,ACx_Development,61,61,0,1.7015892315530976,2.023863602869278,-0.2636260245037474,DEFINED,3b49bf8c75e42f160b2c68e9,E50
W00,S3_PARENT,neg_log10_mol_l,E50_FULL_TAXONOMY_CORE_REFERENCE,locked_common,ACx_Immobilization,33,33,0,1.6624458175979488,1.9110392327584862,-0.1268210249382098,DEFINED,3b49bf8c75e42f160b2c68e9,E50
W00,S3_PARENT,neg_log10_mol_l,E50_FULL_TAXONOMY_CORE_REFERENCE,locked_common,ACx_Injury,70,70,0,1.1798216537721682,1.5358565310256447,0.09464074985410564,DEFINED,3b49bf8c75e42f160b2c68e9,E50
W00,S3_PARENT,neg_log10_mol_l,E50_FULL_TAXONOMY_CORE_REFERENCE,locked_common,ACx_Molting,104,104,0,0.6139310114624865,0.7690693665613038,0.19703160482667903,DEFINED,3b49bf8c75e42f160b2c68e9,E50
W00,S3_PARENT,neg_log10_mol_l,E50_FULL_TAXONOMY_CORE_REFERENCE,locked_common,ACx_Mortality,59,59,0,1.5255630172186114,1.9864312142266836,-0.02372923808894889,DEFINED,3b49bf8c75e42f160b2c68e9,E50
W00,S3_PARENT,neg_log10_mol_l,E50_FULL_TAXONOMY_CORE_REFERENCE,locked_common,ACx_Physiology,71,71,0,1.4407338411515889,1.6975494544746734,0.07978541132692407,DEFINED,3b49bf8c75e42f160b2c68e9,E50
W00,S3_PARENT,neg_log10_mol_l,E50_FULL_TAXONOMY_CORE_REFERENCE,locked_common,BMCx_Development,9,9,0,0.7747554502158652,0.9568239711068466,0.4198620753819211,DEFINED,3b49bf8c75e42f160b2c68e9,E50
W00,S3_PARENT,neg_log10_mol_l,E50_FULL_TAXONOMY_CORE_REFERENCE,locked_common,BMCx_Immobilization,3,3,0,0.5592684116725879,0.7546989847986816,-0.48410597890356266,DEFINED,3b49bf8c75e42f160b2c68e9,E50
W00,S3_PARENT,neg_log10_mol_l,E50_FULL_TAXONOMY_CORE_REFERENCE,locked_common,BMCx_Injury,10,10,0,0.5989116357269124,0.7093351162602992,-0.08113540903162653,DEFINED,3b49bf8c75e42f160b2c68e9,E50
W00,S3_PARENT,neg_log10_mol_l,E50_FULL_TAXONOMY_CORE_REFERENCE,locked_common,BMCx_Molting,18,18,0,0.43448540223342724,0.514092890465459,0.1782814640738153,DEFINED,3b49bf8c75e42f160b2c68e9,E50
W00,S3_PARENT,neg_log10_mol_l,E50_FULL_TAXONOMY_CORE_REFERENCE,locked_common,BMCx_Mortality,9,9,0,0.42359663916404877,0.5306516286580201,0.1114358198441977,DEFINED,3b49bf8c75e42f160b2c68e9,E50
W00,S3_PARENT,neg_log10_mol_l,E50_FULL_TAXONOMY_CORE_REFERENCE,locked_common,BMCx_Physiology,6,6,0,0.49114446491802105,0.5169899379154997,0.14327080702288664,DEFINED,3b49bf8c75e42f160b2c68e9,E50
W00,S3_PARENT,neg_log10_mol_l,E50_FULL_TAXONOMY_CORE_REFERENCE,locked_common,BMDx_Behavior,34,34,0,1.5480851670546922,2.2169840076808827,-0.03083718771556443,DEFINED,3b49bf8c75e42f160b2c68e9,E50
W00,S3_PARENT,neg_log10_mol_l,E50_FULL_TAXONOMY_CORE_REFERENCE,locked_common,BMDx_Development,47,47,0,0.829921813590786,1.1359431321408355,0.042846475966378916,DEFINED,3b49bf8c75e42f160b2c68e9,E50
W00,S3_PARENT,neg_log10_mol_l,E50_FULL_TAXONOMY_CORE_REFERENCE,locked_common,BMDx_Immobilization,9,9,0,0.30733504538579964,0.7310044936739449,-0.12417295282707363,DEFINED,3b49bf8c75e42f160b2c68e9,E50
W00,S3_PARENT,neg_log10_mol_l,E50_FULL_TAXONOMY_CORE_REFERENCE,locked_common,BMDx_Injury,14,14,0,1.250458459652139,1.347237676878377,-0.2984724620858934,DEFINED,3b49bf8c75e42f160b2c68e9,E50
W00,S3_PARENT,neg_log10_mol_l,E50_FULL_TAXONOMY_CORE_REFERENCE,locked_common,BMDx_Morphology,6,6,0,0.30351917913583043,0.3458079420204783,-0.14978744560951296,DEFINED,3b49bf8c75e42f160b2c68e9,E50
W00,S3_PARENT,neg_log10_mol_l,E50_FULL_TAXONOMY_CORE_REFERENCE,locked_common,BMDx_Mortality,17,17,0,2.096131605039154,3.280906533315703,-0.051611714773623474,DEFINED,3b49bf8c75e42f160b2c68e9,E50
W00,S3_PARENT,neg_log10_mol_l,E50_FULL_TAXONOMY_CORE_REFERENCE,locked_common,BMDx_Physiology,12,12,0,0.9309911824271261,1.267747214137094,-0.12953549393034236,DEFINED,3b49bf8c75e42f160b2c68e9,E50
W00,S3_PARENT,neg_log10_mol_l,E50_FULL_TAXONOMY_CORE_REFERENCE,locked_common,ECx_Behavior,492,492,0,0.968189668613497,1.2446214511627427,0.6538228697216991,DEFINED,3b49bf8c75e42f160b2c68e9,E50
W00,S3_PARENT,neg_log10_mol_l,E50_FULL_TAXONOMY_CORE_REFERENCE,locked_common,ECx_Biochemical,240,240,0,1.0549300680380698,1.3404910093807132,0.6126522186068721,DEFINED,3b49bf8c75e42f160b2c68e9,E50
W00,S3_PARENT,neg_log10_mol_l,E50_FULL_TAXONOMY_CORE_REFERENCE,locked_common,ECx_Development,504,504,0,1.0655950130816132,1.439946870755583,0.5868419067743695,DEFINED,3b49bf8c75e42f160b2c68e9,E50
W00,S3_PARENT,neg_log10_mol_l,E50_FULL_TAXONOMY_CORE_REFERENCE,locked_common,ECx_Feeding,39,39,0,0.767336224927649,1.0762036910649766,0.3844848286018401,DEFINED,3b49bf8c75e42f160b2c68e9,E50
W00,S3_PARENT,neg_log10_mol_l,E50_FULL_TAXONOMY_CORE_REFERENCE,locked_common,ECx_GeneticDamage,47,47,0,0.6490975804654234,0.8432785422735927,0.9103986083559941,DEFINED,3b49bf8c75e42f160b2c68e9,E50
W00,S3_PARENT,neg_log10_mol_l,E50_FULL_TAXONOMY_CORE_REFERENCE,locked_common,ECx_Growth,725,725,0,0.9274996225454457,1.2817161938432289,0.44618176066922666,DEFINED,3b49bf8c75e42f160b2c68e9,E50
W00,S3_PARENT,neg_log10_mol_l,E50_FULL_TAXONOMY_CORE_REFERENCE,locked_common,ECx_Immobilization,1566,1566,0,0.8661194963730364,1.1137820717043905,0.7159870426028854,DEFINED,3b49bf8c75e42f160b2c68e9,E50
W00,S3_PARENT,neg_log10_mol_l,E50_FULL_TAXONOMY_CORE_REFERENCE,locked_common,ECx_Injury,65,65,0,0.7189134903798919,1.0023860172060837,0.7736731466527108,DEFINED,3b49bf8c75e42f160b2c68e9,E50
W00,S3_PARENT,neg_log10_mol_l,E50_FULL_TAXONOMY_CORE_REFERENCE,locked_common,ECx_Molting,182,182,0,0.9095683162777658,1.1456384658424845,0.6002565762833163,DEFINED,3b49bf8c75e42f160b2c68e9,E50
W00,S3_PARENT,neg_log10_mol_l,E50_FULL_TAXONOMY_CORE_REFERENCE,locked_common,ECx_Morphology,48,48,0,0.4766366139282108,0.7070185750585853,0.6921722063363946,DEFINED,3b49bf8c75e42f160b2c68e9,E50
W00,S3_PARENT,neg_log10_mol_l,E50_FULL_TAXONOMY_CORE_REFERENCE,locked_common,ECx_Mortality,14822,14822,0,1.0267305833805016,1.3152834293414841,0.5350198335983014,DEFINED,3b49bf8c75e42f160b2c68e9,E50
W00,S3_PARENT,neg_log10_mol_l,E50_FULL_TAXONOMY_CORE_REFERENCE,locked_common,ECx_Physiology,447,447,0,0.8962294882554707,1.157649434058299,0.6146115822491743,DEFINED,3b49bf8c75e42f160b2c68e9,E50
W00,S3_PARENT,neg_log10_mol_l,E50_FULL_TAXONOMY_CORE_REFERENCE,locked_common,ECx_Population,2104,2104,0,0.912565213149497,1.2168901457046188,0.456581647628331,DEFINED,3b49bf8c75e42f160b2c68e9,E50
W00,S3_PARENT,neg_log10_mol_l,E50_FULL_TAXONOMY_CORE_REFERENCE,locked_common,ECx_Reproduction,208,208,0,0.8553440748784141,1.1476873844820175,0.530603497880094,DEFINED,3b49bf8c75e42f160b2c68e9,E50
W00,S3_PARENT,neg_log10_mol_l,E50_FULL_TAXONOMY_CORE_REFERENCE,locked_common,EDx_Development,5,5,0,0.9797522745222947,1.0698467929766486,-1.0437607690061133,DEFINED,3b49bf8c75e42f160b2c68e9,E50
W00,S3_PARENT,neg_log10_mol_l,E50_FULL_TAXONOMY_CORE_REFERENCE,locked_common,EDx_Growth,1,1,0,1.6838592555981915,1.6838592555981915,,N_LT_2,3b49bf8c75e42f160b2c68e9,E50
W00,S3_PARENT,neg_log10_mol_l,E50_FULL_TAXONOMY_CORE_REFERENCE,locked_common,EDx_Molting,3,3,0,0.6752288295050759,0.7152978682154377,-7.514774872410657,DEFINED,3b49bf8c75e42f160b2c68e9,E50
W00,S3_PARENT,neg_log10_mol_l,E50_FULL_TAXONOMY_CORE_REFERENCE,locked_common,EDx_Physiology,2,2,0,0.9849110298064745,0.9955537493999603,-2.3357667846363963,DEFINED,3b49bf8c75e42f160b2c68e9,E50
W00,S3_PARENT,neg_log10_mol_l,E50_FULL_TAXONOMY_CORE_REFERENCE,locked_common,EDx_Population,2,2,0,0.69156383635982,0.691870230353762,-1128.3032418429045,DEFINED,3b49bf8c75e42f160b2c68e9,E50
W00,S3_PARENT,neg_log10_mol_l,E50_FULL_TAXONOMY_CORE_REFERENCE,locked_common,ICx_Behavior,3,3,0,0.7289874790494685,0.7313352656357154,0.5316629408680241,DEFINED,3b49bf8c75e42f160b2c68e9,E50
W00,S3_PARENT,neg_log10_mol_l,E50_FULL_TAXONOMY_CORE_REFERENCE,locked_common,ICx_Biochemical,171,171,0,1.3034825178370009,1.6680791085158213,0.24383311678162523,DEFINED,3b49bf8c75e42f160b2c68e9,E50
W00,S3_PARENT,neg_log10_mol_l,E50_FULL_TAXONOMY_CORE_REFERENCE,locked_common,ICx_Development,29,29,0,1.867951779446541,2.1160774347618436,0.11051000620833717,DEFINED,3b49bf8c75e42f160b2c68e9,E50
W00,S3_PARENT,neg_log10_mol_l,E50_FULL_TAXONOMY_CORE_REFERENCE,locked_common,ICx_Feeding,3,3,0,0.3265338580970744,0.3546798585767518,-5.381028899452209,DEFINED,3b49bf8c75e42f160b2c68e9,E50
W00,S3_PARENT,neg_log10_mol_l,E50_FULL_TAXONOMY_CORE_REFERENCE,locked_common,ICx_GeneticDamage,6,6,0,0.7287955261479774,0.887049934086364,0.7731245470587508,DEFINED,3b49bf8c75e42f160b2c68e9,E50
W00,S3_PARENT,neg_log10_mol_l,E50_FULL_TAXONOMY_CORE_REFERENCE,locked_common,ICx_Growth,108,108,0,0.8819251547348519,1.0833825207590984,0.4749227031176183,DEFINED,3b49bf8c75e42f160b2c68e9,E50
W00,S3_PARENT,neg_log10_mol_l,E50_FULL_TAXONOMY_CORE_REFERENCE,locked_common,ICx_Immobilization,17,17,0,1.4924721052583623,1.6302371166083447,-2.39556572818808,DEFINED,3b49bf8c75e42f160b2c68e9,E50
W00,S3_PARENT,neg_log10_mol_l,E50_FULL_TAXONOMY_CORE_REFERENCE,locked_common,ICx_Mortality,23,23,0,2.118409048559387,2.3623545988767347,-0.05826381124577651,DEFINED,3b49bf8c75e42f160b2c68e9,E50
W00,S3_PARENT,neg_log10_mol_l,E50_FULL_TAXONOMY_CORE_REFERENCE,locked_common,ICx_Physiology,164,164,0,0.8531206314534457,1.1052496518927704,0.7508703231517295,DEFINED,3b49bf8c75e42f160b2c68e9,E50
W00,S3_PARENT,neg_log10_mol_l,E50_FULL_TAXONOMY_CORE_REFERENCE,locked_common,ICx_Population,289,289,0,0.8824438820968542,1.1722150598604912,0.5983984996396917,DEFINED,3b49bf8c75e42f160b2c68e9,E50
W00,S3_PARENT,neg_log10_mol_l,E50_FULL_TAXONOMY_CORE_REFERENCE,locked_common,ICx_Reproduction,66,66,0,1.4028763231600856,1.6738402564203299,-0.11029418156395421,DEFINED,3b49bf8c75e42f160b2c68e9,E50
W00,S3_PARENT,neg_log10_mol_l,E50_FULL_TAXONOMY_CORE_REFERENCE,locked_common,LDx_Injury,5,5,0,0.5641263805507468,0.7759256028616901,0.45973940102628064,DEFINED,3b49bf8c75e42f160b2c68e9,E50
W00,S3_PARENT,neg_log10_mol_l,E50_FULL_TAXONOMY_CORE_REFERENCE,locked_common,LDx_Mortality,239,239,0,0.9310560583051909,1.269670459636956,0.34651000207525706,DEFINED,3b49bf8c75e42f160b2c68e9,E50
W00,S3_PARENT,neg_log10_mol_l,E50_FULL_TAXONOMY_CORE_REFERENCE,locked_common,LDx_Physiology,6,6,0,0.20055369369565543,0.2800678030351955,-0.6938365208343056,DEFINED,3b49bf8c75e42f160b2c68e9,E50
W00,S3_PARENT,neg_log10_mol_l,E50_FULL_TAXONOMY_CORE_REFERENCE,locked_common,LOEC_Accumulation,43,43,0,1.211657861009821,1.5223599969124013,0.32861948586127054,DEFINED,3b49bf8c75e42f160b2c68e9,E50
W00,S3_PARENT,neg_log10_mol_l,E50_FULL_TAXONOMY_CORE_REFERENCE,locked_common,LOEC_Behavior,332,332,0,0.9906006595729486,1.2578514862565824,0.44689570701418924,DEFINED,3b49bf8c75e42f160b2c68e9,E50
W00,S3_PARENT,neg_log10_mol_l,E50_FULL_TAXONOMY_CORE_REFERENCE,locked_common,LOEC_Biochemical,1314,1314,0,1.1229132311304213,1.460973267744598,0.36333091656106864,DEFINED,3b49bf8c75e42f160b2c68e9,E50
W00,S3_PARENT,neg_log10_mol_l,E50_FULL_TAXONOMY_CORE_REFERENCE,locked_common,LOEC_Development,422,422,0,1.2225064903987366,1.54244530114588,0.38350977126507135,DEFINED,3b49bf8c75e42f160b2c68e9,E50
W00,S3_PARENT,neg_log10_mol_l,E50_FULL_TAXONOMY_CORE_REFERENCE,locked_common,LOEC_Feeding,29,29,0,0.5614368325299676,0.6812488471400768,0.0442567155391983,DEFINED,3b49bf8c75e42f160b2c68e9,E50
W00,S3_PARENT,neg_log10_mol_l,E50_FULL_TAXONOMY_CORE_REFERENCE,locked_common,LOEC_GeneticDamage,857,857,0,1.1205633174605696,1.4237345193060316,0.33345287698128867,DEFINED,3b49bf8c75e42f160b2c68e9,E50
W00,S3_PARENT,neg_log10_mol_l,E50_FULL_TAXONOMY_CORE_REFERENCE,locked_common,LOEC_Growth,853,853,0,1.0285331416369208,1.3484867485366627,0.41585392502967145,DEFINED,3b49bf8c75e42f160b2c68e9,E50
W00,S3_PARENT,neg_log10_mol_l,E50_FULL_TAXONOMY_CORE_REFERENCE,locked_common,LOEC_Immobilization,61,61,0,0.8591350109173386,1.1737704050904874,0.5795914340660413,DEFINED,3b49bf8c75e42f160b2c68e9,E50
W00,S3_PARENT,neg_log10_mol_l,E50_FULL_TAXONOMY_CORE_REFERENCE,locked_common,LOEC_Injury,113,113,0,1.2536044753863451,1.543843306517091,0.3898860199132287,DEFINED,3b49bf8c75e42f160b2c68e9,E50
W00,S3_PARENT,neg_log10_mol_l,E50_FULL_TAXONOMY_CORE_REFERENCE,locked_common,LOEC_Molting,24,24,0,1.0974908082028036,1.3769920150337995,0.605441028040953,DEFINED,3b49bf8c75e42f160b2c68e9,E50
W00,S3_PARENT,neg_log10_mol_l,E50_FULL_TAXONOMY_CORE_REFERENCE,locked_common,LOEC_Morphology,168,168,0,1.1960042247775362,1.487534734631235,0.3076797208022185,DEFINED,3b49bf8c75e42f160b2c68e9,E50
W00,S3_PARENT,neg_log10_mol_l,E50_FULL_TAXONOMY_CORE_REFERENCE,locked_common,LOEC_Mortality,831,831,0,1.0727938384436293,1.3656808254327808,0.5560151091340122,DEFINED,3b49bf8c75e42f160b2c68e9,E50
W00,S3_PARENT,neg_log10_mol_l,E50_FULL_TAXONOMY_CORE_REFERENCE,locked_common,LOEC_Physiology,721,721,0,1.0891592017988732,1.3738742066729253,0.4516952610561119,DEFINED,3b49bf8c75e42f160b2c68e9,E50
W00,S3_PARENT,neg_log10_mol_l,E50_FULL_TAXONOMY_CORE_REFERENCE,locked_common,LOEC_Population,936,936,0,1.0796841126091847,1.3825322097945443,0.5542000051758551,DEFINED,3b49bf8c75e42f160b2c68e9,E50
W00,S3_PARENT,neg_log10_mol_l,E50_FULL_TAXONOMY_CORE_REFERENCE,locked_common,LOEC_Reproduction,495,495,0,1.166338805587644,1.5130335914846842,0.41748437582679665,DEFINED,3b49bf8c75e42f160b2c68e9,E50
W00,S3_PARENT,neg_log10_mol_l,E50_FULL_TAXONOMY_CORE_REFERENCE,locked_common,MATC_Behavior,2,2,0,1.2519597435618741,1.252655042677152,-19.929131261329598,DEFINED,3b49bf8c75e42f160b2c68e9,E50
W00,S3_PARENT,neg_log10_mol_l,E50_FULL_TAXONOMY_CORE_REFERENCE,locked_common,MATC_Biochemical,6,6,0,0.9950155852306762,1.192406248267091,-0.28040892858735655,DEFINED,3b49bf8c75e42f160b2c68e9,E50
W00,S3_PARENT,neg_log10_mol_l,E50_FULL_TAXONOMY_CORE_REFERENCE,locked_common,MATC_Development,15,15,0,0.665285913769236,0.7636398638733006,0.4675180649461472,DEFINED,3b49bf8c75e42f160b2c68e9,E50
W00,S3_PARENT,neg_log10_mol_l,E50_FULL_TAXONOMY_CORE_REFERENCE,locked_common,MATC_Growth,56,56,0,0.62951965569214,0.8945587960666794,0.5696346759395026,DEFINED,3b49bf8c75e42f160b2c68e9,E50
W00,S3_PARENT,neg_log10_mol_l,E50_FULL_TAXONOMY_CORE_REFERENCE,locked_common,MATC_Immobilization,3,3,0,1.4082739750050886,1.4426058461215987,-261.40816191107695,DEFINED,3b49bf8c75e42f160b2c68e9,E50
W00,S3_PARENT,neg_log10_mol_l,E50_FULL_TAXONOMY_CORE_REFERENCE,locked_common,MATC_Molting,4,4,0,0.8564323469278075,1.3463593802837708,-1.8887990670348693,DEFINED,3b49bf8c75e42f160b2c68e9,E50
W00,S3_PARENT,neg_log10_mol_l,E50_FULL_TAXONOMY_CORE_REFERENCE,locked_common,MATC_Mortality,94,94,0,0.8859238900740026,1.1638026448479064,0.703681567453697,DEFINED,3b49bf8c75e42f160b2c68e9,E50
W00,S3_PARENT,neg_log10_mol_l,E50_FULL_TAXONOMY_CORE_REFERENCE,locked_common,MATC_Physiology,3,3,0,2.385792052565081,2.4878757371519296,-0.40553162841518375,DEFINED,3b49bf8c75e42f160b2c68e9,E50
W00,S3_PARENT,neg_log10_mol_l,E50_FULL_TAXONOMY_CORE_REFERENCE,locked_common,MATC_Population,20,20,0,1.2975205318851828,1.5334997428762787,-0.8557053505440642,DEFINED,3b49bf8c75e42f160b2c68e9,E50
W00,S3_PARENT,neg_log10_mol_l,E50_FULL_TAXONOMY_CORE_REFERENCE,locked_common,MATC_Reproduction,34,34,0,0.9795256368867048,1.280667858470804,0.6019700740600253,DEFINED,3b49bf8c75e42f160b2c68e9,E50
W00,S3_PARENT,neg_log10_mol_l,E50_FULL_TAXONOMY_CORE_REFERENCE,locked_common,NOEC_Accumulation,31,31,0,1.0474346388566,1.4407689986125956,0.12674989419984928,DEFINED,3b49bf8c75e42f160b2c68e9,E50
W00,S3_PARENT,neg_log10_mol_l,E50_FULL_TAXONOMY_CORE_REFERENCE,locked_common,NOEC_Behavior,434,434,0,0.9583242173510169,1.202139659975458,0.4134499400799495,DEFINED,3b49bf8c75e42f160b2c68e9,E50
W00,S3_PARENT,neg_log10_mol_l,E50_FULL_TAXONOMY_CORE_REFERENCE,locked_common,NOEC_Biochemical,1258,1258,0,1.1792243499551749,1.5162827550955467,0.353066854884017,DEFINED,3b49bf8c75e42f160b2c68e9,E50
W00,S3_PARENT,neg_log10_mol_l,E50_FULL_TAXONOMY_CORE_REFERENCE,locked_common,NOEC_Development,593,593,0,1.2174671132229216,1.5706127867895645,0.37538453825078577,DEFINED,3b49bf8c75e42f160b2c68e9,E50
W00,S3_PARENT,neg_log10_mol_l,E50_FULL_TAXONOMY_CORE_REFERENCE,locked_common,NOEC_Feeding,74,74,0,1.1025537029647492,1.3350732465230555,0.6050023760329548,DEFINED,3b49bf8c75e42f160b2c68e9,E50
W00,S3_PARENT,neg_log10_mol_l,E50_FULL_TAXONOMY_CORE_REFERENCE,locked_common,NOEC_GeneticDamage,838,838,0,1.1199455845103115,1.4140113621696173,0.3837694288573773,DEFINED,3b49bf8c75e42f160b2c68e9,E50
W00,S3_PARENT,neg_log10_mol_l,E50_FULL_TAXONOMY_CORE_REFERENCE,locked_common,NOEC_Growth,1168,1168,0,1.0596174220765335,1.3508582303235337,0.40944417024727786,DEFINED,3b49bf8c75e42f160b2c68e9,E50
W00,S3_PARENT,neg_log10_mol_l,E50_FULL_TAXONOMY_CORE_REFERENCE,locked_common,NOEC_Immobilization,275,275,0,0.9640218167147749,1.2687194249985811,0.5011558698314698,DEFINED,3b49bf8c75e42f160b2c68e9,E50
W00,S3_PARENT,neg_log10_mol_l,E50_FULL_TAXONOMY_CORE_REFERENCE,locked_common,NOEC_Injury,155,155,0,1.1507623797877327,1.4443830188851035,0.39106084318079914,DEFINED,3b49bf8c75e42f160b2c68e9,E50
W00,S3_PARENT,neg_log10_mol_l,E50_FULL_TAXONOMY_CORE_REFERENCE,locked_common,NOEC_Molting,47,47,0,0.8571554258044443,1.1354953046478333,0.5965232884529017,DEFINED,3b49bf8c75e42f160b2c68e9,E50
W00,S3_PARENT,neg_log10_mol_l,E50_FULL_TAXONOMY_CORE_REFERENCE,locked_common,NOEC_Morphology,281,281,0,1.1226813602373078,1.4452625916308979,0.33654667232183666,DEFINED,3b49bf8c75e42f160b2c68e9,E50
W00,S3_PARENT,neg_log10_mol_l,E50_FULL_TAXONOMY_CORE_REFERENCE,locked_common,NOEC_Mortality,1793,1793,0,1.0312139043430968,1.3113664024642981,0.5134450174258998,DEFINED,3b49bf8c75e42f160b2c68e9,E50
W00,S3_PARENT,neg_log10_mol_l,E50_FULL_TAXONOMY_CORE_REFERENCE,locked_common,NOEC_Physiology,798,798,0,1.0685696456085223,1.3570626053055213,0.44337171653160157,DEFINED,3b49bf8c75e42f160b2c68e9,E50
W00,S3_PARENT,neg_log10_mol_l,E50_FULL_TAXONOMY_CORE_REFERENCE,locked_common,NOEC_Population,1386,1386,0,1.0971063954357605,1.3966628470292815,0.45275313652407323,DEFINED,3b49bf8c75e42f160b2c68e9,E50
W00,S3_PARENT,neg_log10_mol_l,E50_FULL_TAXONOMY_CORE_REFERENCE,locked_common,NOEC_Reproduction,620,620,0,1.1234795460450095,1.480958375633977,0.47986789268839747,DEFINED,3b49bf8c75e42f160b2c68e9,E50
W00,S3_PARENT,neg_log10_mol_l,E50_TAXONOMY_IDENTITY,locked_common,ACx_Development,61,61,0,1.6725451929512878,1.9921025716779543,-0.22427638826792418,DEFINED,7f4755911831be45a092da99,E50
W00,S3_PARENT,neg_log10_mol_l,E50_TAXONOMY_IDENTITY,locked_common,ACx_Immobilization,33,33,0,1.7039162290341714,1.9669189860903205,-0.1936820979037881,DEFINED,7f4755911831be45a092da99,E50
W00,S3_PARENT,neg_log10_mol_l,E50_TAXONOMY_IDENTITY,locked_common,ACx_Injury,70,70,0,1.1907861728472264,1.5424185362769114,0.08688785946643973,DEFINED,7f4755911831be45a092da99,E50
W00,S3_PARENT,neg_log10_mol_l,E50_TAXONOMY_IDENTITY,locked_common,ACx_Molting,104,104,0,0.5998028810951731,0.7556496964561821,0.2248094847201889,DEFINED,7f4755911831be45a092da99,E50
W00,S3_PARENT,neg_log10_mol_l,E50_TAXONOMY_IDENTITY,locked_common,ACx_Mortality,59,59,0,1.5131053938363863,1.8727160757870154,0.09012460218794272,DEFINED,7f4755911831be45a092da99,E50
W00,S3_PARENT,neg_log10_mol_l,E50_TAXONOMY_IDENTITY,locked_common,ACx_Physiology,71,71,0,1.425673734473928,1.7046743089383416,0.07204466002263643,DEFINED,7f4755911831be45a092da99,E50
W00,S3_PARENT,neg_log10_mol_l,E50_TAXONOMY_IDENTITY,locked_common,BMCx_Development,9,9,0,0.7892629656898121,0.9579664819881467,0.4184758023927555,DEFINED,7f4755911831be45a092da99,E50
W00,S3_PARENT,neg_log10_mol_l,E50_TAXONOMY_IDENTITY,locked_common,BMCx_Immobilization,3,3,0,0.5338037075526249,0.7338249175017943,-0.4031441565209668,DEFINED,7f4755911831be45a092da99,E50
W00,S3_PARENT,neg_log10_mol_l,E50_TAXONOMY_IDENTITY,locked_common,BMCx_Injury,10,10,0,0.5913668931941559,0.7087674229303923,-0.07940559826212579,DEFINED,7f4755911831be45a092da99,E50
W00,S3_PARENT,neg_log10_mol_l,E50_TAXONOMY_IDENTITY,locked_common,BMCx_Molting,18,18,0,0.4014964445931451,0.4749788858694843,0.29856328093469287,DEFINED,7f4755911831be45a092da99,E50
W00,S3_PARENT,neg_log10_mol_l,E50_TAXONOMY_IDENTITY,locked_common,BMCx_Mortality,9,9,0,0.4089488937071973,0.5069241599875115,0.18912151150249856,DEFINED,7f4755911831be45a092da99,E50
W00,S3_PARENT,neg_log10_mol_l,E50_TAXONOMY_IDENTITY,locked_common,BMCx_Physiology,6,6,0,0.4283385910858188,0.4668497353836286,0.30139189718200443,DEFINED,7f4755911831be45a092da99,E50
W00,S3_PARENT,neg_log10_mol_l,E50_TAXONOMY_IDENTITY,locked_common,BMDx_Behavior,34,34,0,1.5211500263571867,2.2130146111433513,-0.027149169697621156,DEFINED,7f4755911831be45a092da99,E50
W00,S3_PARENT,neg_log10_mol_l,E50_TAXONOMY_IDENTITY,locked_common,BMDx_Development,47,47,0,0.8080574468960954,1.1336297743433519,0.04674100879612764,DEFINED,7f4755911831be45a092da99,E50
W00,S3_PARENT,neg_log10_mol_l,E50_TAXONOMY_IDENTITY,locked_common,BMDx_Immobilization,9,9,0,0.34549555172469154,0.7341257499399726,-0.13379347620436022,DEFINED,7f4755911831be45a092da99,E50
W00,S3_PARENT,neg_log10_mol_l,E50_TAXONOMY_IDENTITY,locked_common,BMDx_Injury,14,14,0,1.2273987104100008,1.294903408437708,-0.19955192491282037,DEFINED,7f4755911831be45a092da99,E50
W00,S3_PARENT,neg_log10_mol_l,E50_TAXONOMY_IDENTITY,locked_common,BMDx_Morphology,6,6,0,0.3011104379034495,0.3526634074208767,-0.1958272188064425,DEFINED,7f4755911831be45a092da99,E50
W00,S3_PARENT,neg_log10_mol_l,E50_TAXONOMY_IDENTITY,locked_common,BMDx_Mortality,17,17,0,2.139214370216319,3.328710668749364,-0.08247978465517813,DEFINED,7f4755911831be45a092da99,E50
W00,S3_PARENT,neg_log10_mol_l,E50_TAXONOMY_IDENTITY,locked_common,BMDx_Physiology,12,12,0,0.9382199315816581,1.2631042780704704,-0.12127713188818645,DEFINED,7f4755911831be45a092da99,E50
W00,S3_PARENT,neg_log10_mol_l,E50_TAXONOMY_IDENTITY,locked_common,ECx_Behavior,492,492,0,0.9908149258444116,1.2605469754306684,0.6449071896183393,DEFINED,7f4755911831be45a092da99,E50
W00,S3_PARENT,neg_log10_mol_l,E50_TAXONOMY_IDENTITY,locked_common,ECx_Biochemical,240,240,0,1.1375163173580596,1.4287358582203051,0.5599752030482664,DEFINED,7f4755911831be45a092da99,E50
W00,S3_PARENT,neg_log10_mol_l,E50_TAXONOMY_IDENTITY,locked_common,ECx_Development,504,504,0,1.1154361017548176,1.4677263649250791,0.5707468223107675,DEFINED,7f4755911831be45a092da99,E50
W00,S3_PARENT,neg_log10_mol_l,E50_TAXONOMY_IDENTITY,locked_common,ECx_Feeding,39,39,0,0.7912228408042994,1.0890459501662457,0.3697073883954054,DEFINED,7f4755911831be45a092da99,E50
W00,S3_PARENT,neg_log10_mol_l,E50_TAXONOMY_IDENTITY,locked_common,ECx_GeneticDamage,47,47,0,0.6126161235483827,0.841085867060361,0.910863961892997,DEFINED,7f4755911831be45a092da99,E50
W00,S3_PARENT,neg_log10_mol_l,E50_TAXONOMY_IDENTITY,locked_common,ECx_Growth,725,725,0,0.9840496479678141,1.3811874113624523,0.356884858875106,DEFINED,7f4755911831be45a092da99,E50
W00,S3_PARENT,neg_log10_mol_l,E50_TAXONOMY_IDENTITY,locked_common,ECx_Immobilization,1566,1566,0,0.8616101947982774,1.1281551790138094,0.7086094982445243,DEFINED,7f4755911831be45a092da99,E50
W00,S3_PARENT,neg_log10_mol_l,E50_TAXONOMY_IDENTITY,locked_common,ECx_Injury,65,65,0,0.7029186069951296,0.9955497291391081,0.776749724847369,DEFINED,7f4755911831be45a092da99,E50
W00,S3_PARENT,neg_log10_mol_l,E50_TAXONOMY_IDENTITY,locked_common,ECx_Molting,182,182,0,0.9468670830822766,1.2124559005090791,0.5522680810426296,DEFINED,7f4755911831be45a092da99,E50
W00,S3_PARENT,neg_log10_mol_l,E50_TAXONOMY_IDENTITY,locked_common,ECx_Morphology,48,48,0,0.4338556821117072,0.6437361121959944,0.7448110133426287,DEFINED,7f4755911831be45a092da99,E50
W00,S3_PARENT,neg_log10_mol_l,E50_TAXONOMY_IDENTITY,locked_common,ECx_Mortality,14822,14822,0,1.0760456137528474,1.3661846505369195,0.49833415435318484,DEFINED,7f4755911831be45a092da99,E50
W00,S3_PARENT,neg_log10_mol_l,E50_TAXONOMY_IDENTITY,locked_common,ECx_Physiology,447,447,0,0.9191000129333005,1.1764505440975086,0.6019919274086962,DEFINED,7f4755911831be45a092da99,E50
W00,S3_PARENT,neg_log10_mol_l,E50_TAXONOMY_IDENTITY,locked_common,ECx_Population,2104,2104,0,0.9263547727123214,1.2497943887923728,0.42679668436556406,DEFINED,7f4755911831be45a092da99,E50
W00,S3_PARENT,neg_log10_mol_l,E50_TAXONOMY_IDENTITY,locked_common,ECx_Reproduction,208,208,0,0.9143253930277978,1.2224916551500813,0.4674205071069978,DEFINED,7f4755911831be45a092da99,E50
W00,S3_PARENT,neg_log10_mol_l,E50_TAXONOMY_IDENTITY,locked_common,EDx_Development,5,5,0,0.9237499771941853,1.0360105880126353,-0.9165284384309622,DEFINED,7f4755911831be45a092da99,E50
W00,S3_PARENT,neg_log10_mol_l,E50_TAXONOMY_IDENTITY,locked_common,EDx_Growth,1,1,0,1.7232911874920074,1.7232911874920074,,N_LT_2,7f4755911831be45a092da99,E50
W00,S3_PARENT,neg_log10_mol_l,E50_TAXONOMY_IDENTITY,locked_common,EDx_Molting,3,3,0,0.7040352576468202,0.7506941538250461,-8.378327094432338,DEFINED,7f4755911831be45a092da99,E50
W00,S3_PARENT,neg_log10_mol_l,E50_TAXONOMY_IDENTITY,locked_common,EDx_Physiology,2,2,0,0.6859291565268268,0.6865248768143803,-0.5862762176523786,DEFINED,7f4755911831be45a092da99,E50
W00,S3_PARENT,neg_log10_mol_l,E50_TAXONOMY_IDENTITY,locked_common,EDx_Population,2,2,0,0.7224709804808089,0.7227642724470802,-1231.4083700292247,DEFINED,7f4755911831be45a092da99,E50
W00,S3_PARENT,neg_log10_mol_l,E50_TAXONOMY_IDENTITY,locked_common,ICx_Behavior,3,3,0,1.351917895548078,1.356153865661927,-0.610435832056919,DEFINED,7f4755911831be45a092da99,E50
W00,S3_PARENT,neg_log10_mol_l,E50_TAXONOMY_IDENTITY,locked_common,ICx_Biochemical,171,171,0,1.3391765173998809,1.6718969208755077,0.24036780514896605,DEFINED,7f4755911831be45a092da99,E50
W00,S3_PARENT,neg_log10_mol_l,E50_TAXONOMY_IDENTITY,locked_common,ICx_Development,29,29,0,1.9002214864566895,2.1688313089443865,0.06560715781154403,DEFINED,7f4755911831be45a092da99,E50
W00,S3_PARENT,neg_log10_mol_l,E50_TAXONOMY_IDENTITY,locked_common,ICx_Feeding,3,3,0,0.3667568212871517,0.3829635725782456,-6.439308865425663,DEFINED,7f4755911831be45a092da99,E50
W00,S3_PARENT,neg_log10_mol_l,E50_TAXONOMY_IDENTITY,locked_common,ICx_GeneticDamage,6,6,0,0.7066703153532282,0.8028164198105788,0.8141665599674027,DEFINED,7f4755911831be45a092da99,E50
W00,S3_PARENT,neg_log10_mol_l,E50_TAXONOMY_IDENTITY,locked_common,ICx_Growth,108,108,0,0.8215382642064165,1.0151470350461858,0.5389824132950951,DEFINED,7f4755911831be45a092da99,E50
W00,S3_PARENT,neg_log10_mol_l,E50_TAXONOMY_IDENTITY,locked_common,ICx_Immobilization,17,17,0,1.6067206675909735,1.7336070181574021,-2.839829147667689,DEFINED,7f4755911831be45a092da99,E50
W00,S3_PARENT,neg_log10_mol_l,E50_TAXONOMY_IDENTITY,locked_common,ICx_Mortality,23,23,0,2.1496944434632757,2.415419450898196,-0.10634069776773192,DEFINED,7f4755911831be45a092da99,E50
W00,S3_PARENT,neg_log10_mol_l,E50_TAXONOMY_IDENTITY,locked_common,ICx_Physiology,164,164,0,0.8189481026129506,1.1190964573884714,0.7445889202985516,DEFINED,7f4755911831be45a092da99,E50
W00,S3_PARENT,neg_log10_mol_l,E50_TAXONOMY_IDENTITY,locked_common,ICx_Population,289,289,0,0.9177808368034418,1.2060934495530051,0.5748495423284712,DEFINED,7f4755911831be45a092da99,E50
W00,S3_PARENT,neg_log10_mol_l,E50_TAXONOMY_IDENTITY,locked_common,ICx_Reproduction,66,66,0,1.5097754999041832,1.8379425818100839,-0.3386712186026539,DEFINED,7f4755911831be45a092da99,E50
W00,S3_PARENT,neg_log10_mol_l,E50_TAXONOMY_IDENTITY,locked_common,LDx_Injury,5,5,0,0.4998485315899729,0.6912356395876449,0.5712389014412249,DEFINED,7f4755911831be45a092da99,E50
W00,S3_PARENT,neg_log10_mol_l,E50_TAXONOMY_IDENTITY,locked_common,LDx_Mortality,239,239,0,0.9509260973980117,1.3117737050088176,0.302450942490573,DEFINED,7f4755911831be45a092da99,E50
W00,S3_PARENT,neg_log10_mol_l,E50_TAXONOMY_IDENTITY,locked_common,LDx_Physiology,6,6,0,0.17450806765377416,0.21253004740283762,0.024593149568593153,DEFINED,7f4755911831be45a092da99,E50
W00,S3_PARENT,neg_log10_mol_l,E50_TAXONOMY_IDENTITY,locked_common,LOEC_Accumulation,43,43,0,1.3395258485825843,1.628697442443458,0.23155138145916032,DEFINED,7f4755911831be45a092da99,E50
W00,S3_PARENT,neg_log10_mol_l,E50_TAXONOMY_IDENTITY,locked_common,LOEC_Behavior,332,332,0,1.0140898673309273,1.2807211696796232,0.4266002869090043,DEFINED,7f4755911831be45a092da99,E50
W00,S3_PARENT,neg_log10_mol_l,E50_TAXONOMY_IDENTITY,locked_common,LOEC_Biochemical,1314,1314,0,1.172446229412257,1.5109190570159698,0.31905565117904666,DEFINED,7f4755911831be45a092da99,E50
W00,S3_PARENT,neg_log10_mol_l,E50_TAXONOMY_IDENTITY,locked_common,LOEC_Development,422,422,0,1.2650588237860927,1.5983052081013853,0.33804863350601433,DEFINED,7f4755911831be45a092da99,E50
W00,S3_PARENT,neg_log10_mol_l,E50_TAXONOMY_IDENTITY,locked_common,LOEC_Feeding,29,29,0,0.5877848342179068,0.7405411060164101,-0.12934864520915768,DEFINED,7f4755911831be45a092da99,E50
W00,S3_PARENT,neg_log10_mol_l,E50_TAXONOMY_IDENTITY,locked_common,LOEC_GeneticDamage,857,857,0,1.1305995788043306,1.4264872474832266,0.3308729060710457,DEFINED,7f4755911831be45a092da99,E50
W00,S3_PARENT,neg_log10_mol_l,E50_TAXONOMY_IDENTITY,locked_common,LOEC_Growth,853,853,0,1.1048874596057132,1.4438178004374869,0.33034227910337677,DEFINED,7f4755911831be45a092da99,E50
W00,S3_PARENT,neg_log10_mol_l,E50_TAXONOMY_IDENTITY,locked_common,LOEC_Immobilization,61,61,0,0.8753864799900292,1.1542074528381234,0.5934883517840672,DEFINED,7f4755911831be45a092da99,E50
W00,S3_PARENT,neg_log10_mol_l,E50_TAXONOMY_IDENTITY,locked_common,LOEC_Injury,113,113,0,1.2830561083230125,1.5701820107137383,0.3688907683817312,DEFINED,7f4755911831be45a092da99,E50
W00,S3_PARENT,neg_log10_mol_l,E50_TAXONOMY_IDENTITY,locked_common,LOEC_Molting,24,24,0,1.0678307519474382,1.3761442285880143,0.6059267226155336,DEFINED,7f4755911831be45a092da99,E50
W00,S3_PARENT,neg_log10_mol_l,E50_TAXONOMY_IDENTITY,locked_common,LOEC_Morphology,168,168,0,1.328636052599893,1.647889807621436,0.15037133333196306,DEFINED,7f4755911831be45a092da99,E50
W00,S3_PARENT,neg_log10_mol_l,E50_TAXONOMY_IDENTITY,locked_common,LOEC_Mortality,831,831,0,1.133675912883687,1.4451447656081033,0.5028442397088848,DEFINED,7f4755911831be45a092da99,E50
W00,S3_PARENT,neg_log10_mol_l,E50_TAXONOMY_IDENTITY,locked_common,LOEC_Physiology,721,721,0,1.148682321611519,1.4279116067037922,0.407715037123927,DEFINED,7f4755911831be45a092da99,E50
W00,S3_PARENT,neg_log10_mol_l,E50_TAXONOMY_IDENTITY,locked_common,LOEC_Population,936,936,0,1.1500701078986122,1.4640159530367833,0.5001022740829855,DEFINED,7f4755911831be45a092da99,E50
W00,S3_PARENT,neg_log10_mol_l,E50_TAXONOMY_IDENTITY,locked_common,LOEC_Reproduction,495,495,0,1.2212004169843376,1.5763733154305235,0.36769212970376375,DEFINED,7f4755911831be45a092da99,E50
W00,S3_PARENT,neg_log10_mol_l,E50_TAXONOMY_IDENTITY,locked_common,MATC_Behavior,2,2,0,1.2671848062581992,1.2684280638160326,-20.459515081797477,DEFINED,7f4755911831be45a092da99,E50
W00,S3_PARENT,neg_log10_mol_l,E50_TAXONOMY_IDENTITY,locked_common,MATC_Biochemical,6,6,0,0.9835513030871742,1.1751566303994527,-0.24363151292125051,DEFINED,7f4755911831be45a092da99,E50
W00,S3_PARENT,neg_log10_mol_l,E50_TAXONOMY_IDENTITY,locked_common,MATC_Development,15,15,0,0.610378591829843,0.7182261281782246,0.5289683433503916,DEFINED,7f4755911831be45a092da99,E50
W00,S3_PARENT,neg_log10_mol_l,E50_TAXONOMY_IDENTITY,locked_common,MATC_Growth,56,56,0,0.6638902238261305,0.9021025850931128,0.5623455532927575,DEFINED,7f4755911831be45a092da99,E50
W00,S3_PARENT,neg_log10_mol_l,E50_TAXONOMY_IDENTITY,locked_common,MATC_Immobilization,3,3,0,1.4374767740833192,1.4478499195055425,-263.3194099440183,DEFINED,7f4755911831be45a092da99,E50
W00,S3_PARENT,neg_log10_mol_l,E50_TAXONOMY_IDENTITY,locked_common,MATC_Molting,4,4,0,0.877226762607608,1.3077231374767624,-1.725379279236901,DEFINED,7f4755911831be45a092da99,E50
W00,S3_PARENT,neg_log10_mol_l,E50_TAXONOMY_IDENTITY,locked_common,MATC_Mortality,94,94,0,0.9427613691198894,1.2074336710777431,0.6810471014149462,DEFINED,7f4755911831be45a092da99,E50
W00,S3_PARENT,neg_log10_mol_l,E50_TAXONOMY_IDENTITY,locked_common,MATC_Physiology,3,3,0,2.1640752885463015,2.277983508158663,-0.17837740029961457,DEFINED,7f4755911831be45a092da99,E50
W00,S3_PARENT,neg_log10_mol_l,E50_TAXONOMY_IDENTITY,locked_common,MATC_Population,20,20,0,1.201449405758519,1.4144061397754069,-0.5786646010512932,DEFINED,7f4755911831be45a092da99,E50
W00,S3_PARENT,neg_log10_mol_l,E50_TAXONOMY_IDENTITY,locked_common,MATC_Reproduction,34,34,0,0.9739441468970795,1.3159687358664167,0.5797247171029729,DEFINED,7f4755911831be45a092da99,E50
W00,S3_PARENT,neg_log10_mol_l,E50_TAXONOMY_IDENTITY,locked_common,NOEC_Accumulation,31,31,0,1.0173649530946929,1.4428315676472587,0.12424785832582874,DEFINED,7f4755911831be45a092da99,E50
W00,S3_PARENT,neg_log10_mol_l,E50_TAXONOMY_IDENTITY,locked_common,NOEC_Behavior,434,434,0,0.9996814101446596,1.245163519504881,0.3707140873259219,DEFINED,7f4755911831be45a092da99,E50
W00,S3_PARENT,neg_log10_mol_l,E50_TAXONOMY_IDENTITY,locked_common,NOEC_Biochemical,1258,1258,0,1.211618534652055,1.55527216890707,0.3193688644700846,DEFINED,7f4755911831be45a092da99,E50
W00,S3_PARENT,neg_log10_mol_l,E50_TAXONOMY_IDENTITY,locked_common,NOEC_Development,593,593,0,1.2491515043718222,1.5945760851309634,0.356179255839981,DEFINED,7f4755911831be45a092da99,E50
W00,S3_PARENT,neg_log10_mol_l,E50_TAXONOMY_IDENTITY,locked_common,NOEC_Feeding,74,74,0,1.1654525712784343,1.3730255579248787,0.582225873672056,DEFINED,7f4755911831be45a092da99,E50
W00,S3_PARENT,neg_log10_mol_l,E50_TAXONOMY_IDENTITY,locked_common,NOEC_GeneticDamage,838,838,0,1.151618892756604,1.4421545354049048,0.35899555426677965,DEFINED,7f4755911831be45a092da99,E50
W00,S3_PARENT,neg_log10_mol_l,E50_TAXONOMY_IDENTITY,locked_common,NOEC_Growth,1168,1168,0,1.1067948212103913,1.4148269388729517,0.3521893917898321,DEFINED,7f4755911831be45a092da99,E50
W00,S3_PARENT,neg_log10_mol_l,E50_TAXONOMY_IDENTITY,locked_common,NOEC_Immobilization,275,275,0,0.9533263574490157,1.2522000306697587,0.5140617247292674,DEFINED,7f4755911831be45a092da99,E50
W00,S3_PARENT,neg_log10_mol_l,E50_TAXONOMY_IDENTITY,locked_common,NOEC_Injury,155,155,0,1.1360168552740781,1.4375437866958989,0.3968139103989178,DEFINED,7f4755911831be45a092da99,E50
W00,S3_PARENT,neg_log10_mol_l,E50_TAXONOMY_IDENTITY,locked_common,NOEC_Molting,47,47,0,0.9012813060903785,1.2389878480657366,0.5196233592652991,DEFINED,7f4755911831be45a092da99,E50
W00,S3_PARENT,neg_log10_mol_l,E50_TAXONOMY_IDENTITY,locked_common,NOEC_Morphology,281,281,0,1.1655743090347652,1.5069936682246783,0.27866051022253446,DEFINED,7f4755911831be45a092da99,E50
W00,S3_PARENT,neg_log10_mol_l,E50_TAXONOMY_IDENTITY,locked_common,NOEC_Mortality,1793,1793,0,1.0688633673429404,1.3602150507606618,0.47652135350160507,DEFINED,7f4755911831be45a092da99,E50
W00,S3_PARENT,neg_log10_mol_l,E50_TAXONOMY_IDENTITY,locked_common,NOEC_Physiology,798,798,0,1.1250826003268115,1.4285352937362221,0.38319561515846245,DEFINED,7f4755911831be45a092da99,E50
W00,S3_PARENT,neg_log10_mol_l,E50_TAXONOMY_IDENTITY,locked_common,NOEC_Population,1386,1386,0,1.1448263498197957,1.4535748693046773,0.4072454015131516,DEFINED,7f4755911831be45a092da99,E50
W00,S3_PARENT,neg_log10_mol_l,E50_TAXONOMY_IDENTITY,locked_common,NOEC_Reproduction,620,620,0,1.1666203126897094,1.5220199145278457,0.4506253338138908,DEFINED,7f4755911831be45a092da99,E50
W00,S1_CONDITION,neg_log10_mol_l,E51_FULL_CONDITION_CORE_REFERENCE,locked_common,ACx_Development,60,60,0,1.5122469326188697,1.926082202977628,-0.06963884077422677,DEFINED,9f7cc023b2075b648d7b7191,E51
W00,S1_CONDITION,neg_log10_mol_l,E51_FULL_CONDITION_CORE_REFERENCE,locked_common,ACx_Growth,1,1,0,0.256921248878915,0.256921248878915,,N_LT_2,9f7cc023b2075b648d7b7191,E51
W00,S1_CONDITION,neg_log10_mol_l,E51_FULL_CONDITION_CORE_REFERENCE,locked_common,ACx_Immobilization,32,32,0,1.0290651847964927,1.5362028660660647,0.09156548614348514,DEFINED,9f7cc023b2075b648d7b7191,E51
W00,S1_CONDITION,neg_log10_mol_l,E51_FULL_CONDITION_CORE_REFERENCE,locked_common,ACx_Injury,72,72,0,1.1148241081324122,1.530387438665832,0.1221709921531664,DEFINED,9f7cc023b2075b648d7b7191,E51
W00,S1_CONDITION,neg_log10_mol_l,E51_FULL_CONDITION_CORE_REFERENCE,locked_common,ACx_Molting,104,104,0,0.4349337379211694,0.6447746314214908,0.4197012131298764,DEFINED,9f7cc023b2075b648d7b7191,E51
W00,S1_CONDITION,neg_log10_mol_l,E51_FULL_CONDITION_CORE_REFERENCE,locked_common,ACx_Mortality,59,59,0,1.1495005159183422,1.44824751378823,0.3783472281596173,DEFINED,9f7cc023b2075b648d7b7191,E51
W00,S1_CONDITION,neg_log10_mol_l,E51_FULL_CONDITION_CORE_REFERENCE,locked_common,ACx_Physiology,73,73,0,1.1073025023805207,1.4448449949073887,0.11540591899148567,DEFINED,9f7cc023b2075b648d7b7191,E51
W00,S1_CONDITION,neg_log10_mol_l,E51_FULL_CONDITION_CORE_REFERENCE,locked_common,BMCx_Behavior,1,1,0,0.31982808973856613,0.31982808973856613,,N_LT_2,9f7cc023b2075b648d7b7191,E51
W00,S1_CONDITION,neg_log10_mol_l,E51_FULL_CONDITION_CORE_REFERENCE,locked_common,BMCx_Biochemical,2,2,0,0.372506065513603,0.48804433550440535,-2.890732359567553,DEFINED,9f7cc023b2075b648d7b7191,E51
W00,S1_CONDITION,neg_log10_mol_l,E51_FULL_CONDITION_CORE_REFERENCE,locked_common,BMCx_Development,8,8,0,0.46751993400034053,0.5412238423536124,0.7587432595824548,DEFINED,9f7cc023b2075b648d7b7191,E51
W00,S1_CONDITION,neg_log10_mol_l,E51_FULL_CONDITION_CORE_REFERENCE,locked_common,BMCx_Immobilization,3,3,0,0.6497805299047309,0.6885673164100596,-0.3338738465239701,DEFINED,9f7cc023b2075b648d7b7191,E51
W00,S1_CONDITION,neg_log10_mol_l,E51_FULL_CONDITION_CORE_REFERENCE,locked_common,BMCx_Injury,10,10,0,0.3541855775765926,0.4747310126362949,0.39909781777262243,DEFINED,9f7cc023b2075b648d7b7191,E51
W00,S1_CONDITION,neg_log10_mol_l,E51_FULL_CONDITION_CORE_REFERENCE,locked_common,BMCx_Molting,19,19,0,0.48257635595137033,0.5980397700035115,-0.24162490195046038,DEFINED,9f7cc023b2075b648d7b7191,E51
W00,S1_CONDITION,neg_log10_mol_l,E51_FULL_CONDITION_CORE_REFERENCE,locked_common,BMCx_Mortality,8,8,0,0.3073903073014054,0.4450550221329611,0.1241106246391731,DEFINED,9f7cc023b2075b648d7b7191,E51
W00,S1_CONDITION,neg_log10_mol_l,E51_FULL_CONDITION_CORE_REFERENCE,locked_common,BMCx_Physiology,7,7,0,0.4466923311506135,0.5423488144964258,0.14335453564629463,DEFINED,9f7cc023b2075b648d7b7191,E51
W00,S1_CONDITION,neg_log10_mol_l,E51_FULL_CONDITION_CORE_REFERENCE,locked_common,BMDx_Behavior,34,34,0,2.1167304329660492,3.0317916114725016,-0.02102966061519318,DEFINED,9f7cc023b2075b648d7b7191,E51
W00,S1_CONDITION,neg_log10_mol_l,E51_FULL_CONDITION_CORE_REFERENCE,locked_common,BMDx_Development,48,48,0,1.055922847986969,1.2719085607037763,-0.05996072844465061,DEFINED,9f7cc023b2075b648d7b7191,E51
W00,S1_CONDITION,neg_log10_mol_l,E51_FULL_CONDITION_CORE_REFERENCE,locked_common,BMDx_Immobilization,8,8,0,0.23185277799688866,0.49583601202883487,0.027398066781255448,DEFINED,9f7cc023b2075b648d7b7191,E51
W00,S1_CONDITION,neg_log10_mol_l,E51_FULL_CONDITION_CORE_REFERENCE,locked_common,BMDx_Injury,13,13,0,1.5188508886378231,1.6968076381461188,-0.25891889555941705,DEFINED,9f7cc023b2075b648d7b7191,E51
W00,S1_CONDITION,neg_log10_mol_l,E51_FULL_CONDITION_CORE_REFERENCE,locked_common,BMDx_Molting,3,3,0,2.2450060571736183,2.3460300825531832,-10.866749439532768,DEFINED,9f7cc023b2075b648d7b7191,E51
W00,S1_CONDITION,neg_log10_mol_l,E51_FULL_CONDITION_CORE_REFERENCE,locked_common,BMDx_Morphology,6,6,0,0.7713918629858992,1.0808794156315833,-0.350072109010358,DEFINED,9f7cc023b2075b648d7b7191,E51
W00,S1_CONDITION,neg_log10_mol_l,E51_FULL_CONDITION_CORE_REFERENCE,locked_common,BMDx_Mortality,17,17,0,2.5342916921137504,3.805500027296529,-0.4380903611638227,DEFINED,9f7cc023b2075b648d7b7191,E51
W00,S1_CONDITION,neg_log10_mol_l,E51_FULL_CONDITION_CORE_REFERENCE,locked_common,BMDx_Physiology,10,10,0,0.7387739492812531,0.9517465992513714,0.182332978606621,DEFINED,9f7cc023b2075b648d7b7191,E51
W00,S1_CONDITION,neg_log10_mol_l,E51_FULL_CONDITION_CORE_REFERENCE,locked_common,ECx_Behavior,492,492,0,0.5990979255620452,0.8137864266354532,0.8525741463726467,DEFINED,9f7cc023b2075b648d7b7191,E51
W00,S1_CONDITION,neg_log10_mol_l,E51_FULL_CONDITION_CORE_REFERENCE,locked_common,ECx_Biochemical,240,240,0,0.6130095701987455,0.9038492258638143,0.8264109292882029,DEFINED,9f7cc023b2075b648d7b7191,E51
W00,S1_CONDITION,neg_log10_mol_l,E51_FULL_CONDITION_CORE_REFERENCE,locked_common,ECx_Development,504,504,0,0.7519809938492164,1.0498297840850686,0.7708647523863923,DEFINED,9f7cc023b2075b648d7b7191,E51
W00,S1_CONDITION,neg_log10_mol_l,E51_FULL_CONDITION_CORE_REFERENCE,locked_common,ECx_Feeding,40,40,0,0.6358937020684842,0.8460686785252709,0.5985119212978808,DEFINED,9f7cc023b2075b648d7b7191,E51
W00,S1_CONDITION,neg_log10_mol_l,E51_FULL_CONDITION_CORE_REFERENCE,locked_common,ECx_GeneticDamage,47,47,0,0.6329290432259896,0.8981372556459775,0.8854812575379072,DEFINED,9f7cc023b2075b648d7b7191,E51
W00,S1_CONDITION,neg_log10_mol_l,E51_FULL_CONDITION_CORE_REFERENCE,locked_common,ECx_Growth,725,725,0,0.5197913847211891,0.7067298316836367,0.8379763700402807,DEFINED,9f7cc023b2075b648d7b7191,E51
W00,S1_CONDITION,neg_log10_mol_l,E51_FULL_CONDITION_CORE_REFERENCE,locked_common,ECx_Immobilization,1566,1566,0,0.6466538661976853,0.8831551468808119,0.8224488822363132,DEFINED,9f7cc023b2075b648d7b7191,E51
W00,S1_CONDITION,neg_log10_mol_l,E51_FULL_CONDITION_CORE_REFERENCE,locked_common,ECx_Injury,65,65,0,0.7434436388177256,0.9982060640024752,0.7501180481136122,DEFINED,9f7cc023b2075b648d7b7191,E51
W00,S1_CONDITION,neg_log10_mol_l,E51_FULL_CONDITION_CORE_REFERENCE,locked_common,ECx_Molting,182,182,0,0.5532354859719261,0.7995312479257753,0.6783843229401955,DEFINED,9f7cc023b2075b648d7b7191,E51
W00,S1_CONDITION,neg_log10_mol_l,E51_FULL_CONDITION_CORE_REFERENCE,locked_common,ECx_Morphology,49,49,0,0.662316467492468,1.0957574141228463,0.668746543862388,DEFINED,9f7cc023b2075b648d7b7191,E51
W00,S1_CONDITION,neg_log10_mol_l,E51_FULL_CONDITION_CORE_REFERENCE,locked_common,ECx_Mortality,14822,14822,0,0.6906527495250578,0.9513095041891204,0.7392142847369483,DEFINED,9f7cc023b2075b648d7b7191,E51
W00,S1_CONDITION,neg_log10_mol_l,E51_FULL_CONDITION_CORE_REFERENCE,locked_common,ECx_Physiology,447,447,0,0.6075636002842245,0.8938496068028557,0.8045071340388564,DEFINED,9f7cc023b2075b648d7b7191,E51
W00,S1_CONDITION,neg_log10_mol_l,E51_FULL_CONDITION_CORE_REFERENCE,locked_common,ECx_Population,2104,2104,0,0.6295740213842631,0.8837850698031336,0.7358389919221052,DEFINED,9f7cc023b2075b648d7b7191,E51
W00,S1_CONDITION,neg_log10_mol_l,E51_FULL_CONDITION_CORE_REFERENCE,locked_common,ECx_Reproduction,208,208,0,0.46499462809988235,0.6540441831610162,0.8477459124435746,DEFINED,9f7cc023b2075b648d7b7191,E51
W00,S1_CONDITION,neg_log10_mol_l,E51_FULL_CONDITION_CORE_REFERENCE,locked_common,EDx_Development,5,5,0,1.25981665507789,1.4545795384751095,-2.3763733988859563,DEFINED,9f7cc023b2075b648d7b7191,E51
W00,S1_CONDITION,neg_log10_mol_l,E51_FULL_CONDITION_CORE_REFERENCE,locked_common,EDx_Growth,2,2,0,1.2784973584530666,1.2869639240597,-3.938060823328617,DEFINED,9f7cc023b2075b648d7b7191,E51
W00,S1_CONDITION,neg_log10_mol_l,E51_FULL_CONDITION_CORE_REFERENCE,locked_common,EDx_Molting,3,3,0,0.676814517429459,0.9319859946450104,-1.7469686396874557,DEFINED,9f7cc023b2075b648d7b7191,E51
W00,S1_CONDITION,neg_log10_mol_l,E51_FULL_CONDITION_CORE_REFERENCE,locked_common,EDx_Physiology,2,2,0,0.8099215066098102,0.8099887362341082,-44.98866199523947,DEFINED,9f7cc023b2075b648d7b7191,E51
W00,S1_CONDITION,neg_log10_mol_l,E51_FULL_CONDITION_CORE_REFERENCE,locked_common,EDx_Population,2,2,0,0.2958373216399832,0.2970571269485479,-121.01467000936222,DEFINED,9f7cc023b2075b648d7b7191,E51
W00,S1_CONDITION,neg_log10_mol_l,E51_FULL_CONDITION_CORE_REFERENCE,locked_common,EDx_Reproduction,1,1,0,0.8209969046652734,0.8209969046652734,,N_LT_2,9f7cc023b2075b648d7b7191,E51
W00,S1_CONDITION,neg_log10_mol_l,E51_FULL_CONDITION_CORE_REFERENCE,locked_common,ICx_Behavior,3,3,0,1.8539531915196676,2.427001202825856,-0.1736480474911306,DEFINED,9f7cc023b2075b648d7b7191,E51
W00,S1_CONDITION,neg_log10_mol_l,E51_FULL_CONDITION_CORE_REFERENCE,locked_common,ICx_Biochemical,171,171,0,0.8396444311079776,1.2305906105700926,0.43381585049452154,DEFINED,9f7cc023b2075b648d7b7191,E51
W00,S1_CONDITION,neg_log10_mol_l,E51_FULL_CONDITION_CORE_REFERENCE,locked_common,ICx_Development,29,29,0,0.4610578140157485,0.6155008850586471,0.8894243896479306,DEFINED,9f7cc023b2075b648d7b7191,E51
W00,S1_CONDITION,neg_log10_mol_l,E51_FULL_CONDITION_CORE_REFERENCE,locked_common,ICx_Feeding,3,3,0,0.12903971509402248,0.12999488870239126,-5.636840197447935,DEFINED,9f7cc023b2075b648d7b7191,E51
W00,S1_CONDITION,neg_log10_mol_l,E51_FULL_CONDITION_CORE_REFERENCE,locked_common,ICx_GeneticDamage,5,5,0,0.7779224739036562,1.1333963995377043,-1.0228228448620773,DEFINED,9f7cc023b2075b648d7b7191,E51
W00,S1_CONDITION,neg_log10_mol_l,E51_FULL_CONDITION_CORE_REFERENCE,locked_common,ICx_Growth,110,110,0,0.3704055772742763,0.5287154244262697,0.9265060030996642,DEFINED,9f7cc023b2075b648d7b7191,E51
W00,S1_CONDITION,neg_log10_mol_l,E51_FULL_CONDITION_CORE_REFERENCE,locked_common,ICx_Immobilization,62,62,0,0.24199359546383514,0.29305135035331487,0.5335744803189164,DEFINED,9f7cc023b2075b648d7b7191,E51
W00,S1_CONDITION,neg_log10_mol_l,E51_FULL_CONDITION_CORE_REFERENCE,locked_common,ICx_Morphology,2,2,0,0.6786807582878835,0.8557370071009278,-16.6576935408617,DEFINED,9f7cc023b2075b648d7b7191,E51
W00,S1_CONDITION,neg_log10_mol_l,E51_FULL_CONDITION_CORE_REFERENCE,locked_common,ICx_Mortality,23,23,0,0.7231864574548927,1.3056567132924364,0.4758925769884469,DEFINED,9f7cc023b2075b648d7b7191,E51
W00,S1_CONDITION,neg_log10_mol_l,E51_FULL_CONDITION_CORE_REFERENCE,locked_common,ICx_Physiology,164,164,0,0.5350814095503397,0.9143759328873777,0.8249931818393897,DEFINED,9f7cc023b2075b648d7b7191,E51
W00,S1_CONDITION,neg_log10_mol_l,E51_FULL_CONDITION_CORE_REFERENCE,locked_common,ICx_Population,289,289,0,0.6053093916660494,0.878621787560882,0.8014899176388786,DEFINED,9f7cc023b2075b648d7b7191,E51
W00,S1_CONDITION,neg_log10_mol_l,E51_FULL_CONDITION_CORE_REFERENCE,locked_common,ICx_Reproduction,66,66,0,0.6021049004455943,0.8251368961787324,0.9203180435973644,DEFINED,9f7cc023b2075b648d7b7191,E51
W00,S1_CONDITION,neg_log10_mol_l,E51_FULL_CONDITION_CORE_REFERENCE,locked_common,LDx_Injury,5,5,0,0.4592100792855486,0.546284764568035,0.6217984084763494,DEFINED,9f7cc023b2075b648d7b7191,E51
W00,S1_CONDITION,neg_log10_mol_l,E51_FULL_CONDITION_CORE_REFERENCE,locked_common,LDx_Mortality,239,239,0,0.6353959698665708,0.8331292282675506,0.7440970156686557,DEFINED,9f7cc023b2075b648d7b7191,E51
W00,S1_CONDITION,neg_log10_mol_l,E51_FULL_CONDITION_CORE_REFERENCE,locked_common,LDx_Physiology,8,8,0,0.40691875669840927,0.47527057181402266,0.5393236600946123,DEFINED,9f7cc023b2075b648d7b7191,E51
W00,S1_CONDITION,neg_log10_mol_l,E51_FULL_CONDITION_CORE_REFERENCE,locked_common,LDx_Reproduction,1,1,0,0.17829900822571165,0.17829900822571165,,N_LT_2,9f7cc023b2075b648d7b7191,E51
W00,S1_CONDITION,neg_log10_mol_l,E51_FULL_CONDITION_CORE_REFERENCE,locked_common,LOEC_Accumulation,45,45,0,0.7914213192140268,1.116709789102487,0.6791852297275804,DEFINED,9f7cc023b2075b648d7b7191,E51
W00,S1_CONDITION,neg_log10_mol_l,E51_FULL_CONDITION_CORE_REFERENCE,locked_common,LOEC_Behavior,332,332,0,0.7319752801384765,0.9988197801291514,0.6926566865049123,DEFINED,9f7cc023b2075b648d7b7191,E51
W00,S1_CONDITION,neg_log10_mol_l,E51_FULL_CONDITION_CORE_REFERENCE,locked_common,LOEC_Biochemical,1314,1314,0,0.7808141593647338,1.0666519677795407,0.6883732861240262,DEFINED,9f7cc023b2075b648d7b7191,E51
W00,S1_CONDITION,neg_log10_mol_l,E51_FULL_CONDITION_CORE_REFERENCE,locked_common,LOEC_Development,422,422,0,0.7881883749357952,1.0713422666098544,0.7152912178975319,DEFINED,9f7cc023b2075b648d7b7191,E51
W00,S1_CONDITION,neg_log10_mol_l,E51_FULL_CONDITION_CORE_REFERENCE,locked_common,LOEC_Feeding,30,30,0,0.504185911891193,0.6448707694872612,0.14330462724009096,DEFINED,9f7cc023b2075b648d7b7191,E51
W00,S1_CONDITION,neg_log10_mol_l,E51_FULL_CONDITION_CORE_REFERENCE,locked_common,LOEC_GeneticDamage,857,857,0,0.8396601187857333,1.1367895398675139,0.6529321289630553,DEFINED,9f7cc023b2075b648d7b7191,E51
W00,S1_CONDITION,neg_log10_mol_l,E51_FULL_CONDITION_CORE_REFERENCE,locked_common,LOEC_Growth,853,853,0,0.6330055386089185,0.871231338365004,0.7757537371890371,DEFINED,9f7cc023b2075b648d7b7191,E51
W00,S1_CONDITION,neg_log10_mol_l,E51_FULL_CONDITION_CORE_REFERENCE,locked_common,LOEC_Immobilization,61,61,0,0.6833947037850968,0.934473609599996,0.6729581786075581,DEFINED,9f7cc023b2075b648d7b7191,E51
W00,S1_CONDITION,neg_log10_mol_l,E51_FULL_CONDITION_CORE_REFERENCE,locked_common,LOEC_Injury,113,113,0,0.7626489670327905,0.979941548986715,0.6694255649537058,DEFINED,9f7cc023b2075b648d7b7191,E51
W00,S1_CONDITION,neg_log10_mol_l,E51_FULL_CONDITION_CORE_REFERENCE,locked_common,LOEC_Molting,24,24,0,0.5655772704751144,0.8648943874135755,0.7890794928670591,DEFINED,9f7cc023b2075b648d7b7191,E51
W00,S1_CONDITION,neg_log10_mol_l,E51_FULL_CONDITION_CORE_REFERENCE,locked_common,LOEC_Morphology,168,168,0,0.7105157876645259,0.9320974595144939,0.7557047569312323,DEFINED,9f7cc023b2075b648d7b7191,E51
W00,S1_CONDITION,neg_log10_mol_l,E51_FULL_CONDITION_CORE_REFERENCE,locked_common,LOEC_Mortality,831,831,0,0.6669347286626308,0.9545978583203315,0.7855611581177444,DEFINED,9f7cc023b2075b648d7b7191,E51
W00,S1_CONDITION,neg_log10_mol_l,E51_FULL_CONDITION_CORE_REFERENCE,locked_common,LOEC_Physiology,721,721,0,0.7862397306617723,1.1068170301139888,0.7067778783688448,DEFINED,9f7cc023b2075b648d7b7191,E51
W00,S1_CONDITION,neg_log10_mol_l,E51_FULL_CONDITION_CORE_REFERENCE,locked_common,LOEC_Population,936,936,0,0.6207673087957937,0.828355199221604,0.8232371652337946,DEFINED,9f7cc023b2075b648d7b7191,E51
W00,S1_CONDITION,neg_log10_mol_l,E51_FULL_CONDITION_CORE_REFERENCE,locked_common,LOEC_Reproduction,495,495,0,0.6216596471341755,0.8782191353407682,0.8003741001454947,DEFINED,9f7cc023b2075b648d7b7191,E51
W00,S1_CONDITION,neg_log10_mol_l,E51_FULL_CONDITION_CORE_REFERENCE,locked_common,MATC_Behavior,2,2,0,0.5477204084480745,0.575158852233998,-1.5219314846875083,DEFINED,9f7cc023b2075b648d7b7191,E51
W00,S1_CONDITION,neg_log10_mol_l,E51_FULL_CONDITION_CORE_REFERENCE,locked_common,MATC_Biochemical,6,6,0,1.25909135635233,1.3471397325980077,-5.754835050526868,DEFINED,9f7cc023b2075b648d7b7191,E51
W00,S1_CONDITION,neg_log10_mol_l,E51_FULL_CONDITION_CORE_REFERENCE,locked_common,MATC_Development,17,17,0,0.4839616939770713,0.6304881212039761,0.5363741257655531,DEFINED,9f7cc023b2075b648d7b7191,E51
W00,S1_CONDITION,neg_log10_mol_l,E51_FULL_CONDITION_CORE_REFERENCE,locked_common,MATC_Growth,56,56,0,0.5386664628343937,0.7092357446026093,0.9043993833642404,DEFINED,9f7cc023b2075b648d7b7191,E51
W00,S1_CONDITION,neg_log10_mol_l,E51_FULL_CONDITION_CORE_REFERENCE,locked_common,MATC_Immobilization,3,3,0,0.47700720010011893,0.47916134641759744,-17.88086095675009,DEFINED,9f7cc023b2075b648d7b7191,E51
W00,S1_CONDITION,neg_log10_mol_l,E51_FULL_CONDITION_CORE_REFERENCE,locked_common,MATC_Molting,7,7,0,0.8624705286979525,1.0967019940467044,0.1080168275039547,DEFINED,9f7cc023b2075b648d7b7191,E51
W00,S1_CONDITION,neg_log10_mol_l,E51_FULL_CONDITION_CORE_REFERENCE,locked_common,MATC_Mortality,92,92,0,0.4799424660229313,0.6230380353778386,0.910068970166921,DEFINED,9f7cc023b2075b648d7b7191,E51
W00,S1_CONDITION,neg_log10_mol_l,E51_FULL_CONDITION_CORE_REFERENCE,locked_common,MATC_Physiology,3,3,0,0.3721677177903831,0.39869022863929493,0.2908775912624949,DEFINED,9f7cc023b2075b648d7b7191,E51
W00,S1_CONDITION,neg_log10_mol_l,E51_FULL_CONDITION_CORE_REFERENCE,locked_common,MATC_Population,22,22,0,0.4692381203963523,0.6426465655046613,0.7233041063918741,DEFINED,9f7cc023b2075b648d7b7191,E51
W00,S1_CONDITION,neg_log10_mol_l,E51_FULL_CONDITION_CORE_REFERENCE,locked_common,MATC_Reproduction,37,37,0,0.6548914501518276,0.8762166585249611,0.7628307161167649,DEFINED,9f7cc023b2075b648d7b7191,E51
W00,S1_CONDITION,neg_log10_mol_l,E51_FULL_CONDITION_CORE_REFERENCE,locked_common,NOEC_Accumulation,30,30,0,0.8745854629709423,1.1879816759618738,0.6966811484448698,DEFINED,9f7cc023b2075b648d7b7191,E51
W00,S1_CONDITION,neg_log10_mol_l,E51_FULL_CONDITION_CORE_REFERENCE,locked_common,NOEC_Behavior,434,434,0,0.7077211415287088,0.9399830973583057,0.6915667467997136,DEFINED,9f7cc023b2075b648d7b7191,E51
W00,S1_CONDITION,neg_log10_mol_l,E51_FULL_CONDITION_CORE_REFERENCE,locked_common,NOEC_Biochemical,1258,1258,0,0.7410110875724026,1.0230261433713363,0.6978127117373756,DEFINED,9f7cc023b2075b648d7b7191,E51
W00,S1_CONDITION,neg_log10_mol_l,E51_FULL_CONDITION_CORE_REFERENCE,locked_common,NOEC_Development,593,593,0,0.7544059814266614,1.0562231545666858,0.6876944269660649,DEFINED,9f7cc023b2075b648d7b7191,E51
W00,S1_CONDITION,neg_log10_mol_l,E51_FULL_CONDITION_CORE_REFERENCE,locked_common,NOEC_Feeding,71,71,0,0.8209656748487545,1.0210432167228187,0.7802074713939529,DEFINED,9f7cc023b2075b648d7b7191,E51
W00,S1_CONDITION,neg_log10_mol_l,E51_FULL_CONDITION_CORE_REFERENCE,locked_common,NOEC_GeneticDamage,838,838,0,0.8104708360658183,1.1110294263894613,0.6520361638760053,DEFINED,9f7cc023b2075b648d7b7191,E51
W00,S1_CONDITION,neg_log10_mol_l,E51_FULL_CONDITION_CORE_REFERENCE,locked_common,NOEC_Growth,1168,1168,0,0.6490404244280026,0.8868689742166125,0.7520972366592491,DEFINED,9f7cc023b2075b648d7b7191,E51
W00,S1_CONDITION,neg_log10_mol_l,E51_FULL_CONDITION_CORE_REFERENCE,locked_common,NOEC_Immobilization,275,275,0,0.8187190539595945,1.1041538950689886,0.6132354729320966,DEFINED,9f7cc023b2075b648d7b7191,E51
W00,S1_CONDITION,neg_log10_mol_l,E51_FULL_CONDITION_CORE_REFERENCE,locked_common,NOEC_Injury,155,155,0,0.6574795641275818,0.8797857938282095,0.7121515388852387,DEFINED,9f7cc023b2075b648d7b7191,E51
W00,S1_CONDITION,neg_log10_mol_l,E51_FULL_CONDITION_CORE_REFERENCE,locked_common,NOEC_Molting,47,47,0,0.49217563867375597,0.6834569100815588,0.8421982776449032,DEFINED,9f7cc023b2075b648d7b7191,E51
W00,S1_CONDITION,neg_log10_mol_l,E51_FULL_CONDITION_CORE_REFERENCE,locked_common,NOEC_Morphology,281,281,0,0.7147084135659267,0.9725869769394957,0.7876508356636052,DEFINED,9f7cc023b2075b648d7b7191,E51
W00,S1_CONDITION,neg_log10_mol_l,E51_FULL_CONDITION_CORE_REFERENCE,locked_common,NOEC_Mortality,1793,1793,0,0.6926720784410054,0.9307079012942486,0.7771133111091446,DEFINED,9f7cc023b2075b648d7b7191,E51
W00,S1_CONDITION,neg_log10_mol_l,E51_FULL_CONDITION_CORE_REFERENCE,locked_common,NOEC_Physiology,798,798,0,0.7393646715627936,0.9809738082984226,0.7117122065514263,DEFINED,9f7cc023b2075b648d7b7191,E51
W00,S1_CONDITION,neg_log10_mol_l,E51_FULL_CONDITION_CORE_REFERENCE,locked_common,NOEC_Population,1386,1386,0,0.6751448192775061,0.9070916046466274,0.7279852938945749,DEFINED,9f7cc023b2075b648d7b7191,E51
W00,S1_CONDITION,neg_log10_mol_l,E51_FULL_CONDITION_CORE_REFERENCE,locked_common,NOEC_Reproduction,620,620,0,0.662358203311073,0.9173523831871222,0.7846543831625109,DEFINED,9f7cc023b2075b648d7b7191,E51
W00,S1_CONDITION,neg_log10_mol_l,E51_NO_TIME_EFFECT,locked_common,ACx_Development,60,60,0,1.4421921288883508,1.9103250737311877,-0.052209164084674464,DEFINED,15b62f40c74c7786064426ac,E51
W00,S1_CONDITION,neg_log10_mol_l,E51_NO_TIME_EFFECT,locked_common,ACx_Growth,1,1,0,0.3215223062746917,0.3215223062746917,,N_LT_2,15b62f40c74c7786064426ac,E51
W00,S1_CONDITION,neg_log10_mol_l,E51_NO_TIME_EFFECT,locked_common,ACx_Immobilization,32,32,0,1.0002868293401377,1.5238260559332655,0.10614458711301522,DEFINED,15b62f40c74c7786064426ac,E51
W00,S1_CONDITION,neg_log10_mol_l,E51_NO_TIME_EFFECT,locked_common,ACx_Injury,72,72,0,1.1251865381465938,1.5342805509976178,0.11769913923966935,DEFINED,15b62f40c74c7786064426ac,E51
W00,S1_CONDITION,neg_log10_mol_l,E51_NO_TIME_EFFECT,locked_common,ACx_Molting,104,104,0,0.47411306237204387,0.6981413453565635,0.31966549792292454,DEFINED,15b62f40c74c7786064426ac,E51
W00,S1_CONDITION,neg_log10_mol_l,E51_NO_TIME_EFFECT,locked_common,ACx_Mortality,59,59,0,1.4940266057513816,1.8481513432113528,-0.01236554462943018,DEFINED,15b62f40c74c7786064426ac,E51
W00,S1_CONDITION,neg_log10_mol_l,E51_NO_TIME_EFFECT,locked_common,ACx_Physiology,73,73,0,1.0726806349793565,1.473053795205586,0.08052753508628385,DEFINED,15b62f40c74c7786064426ac,E51
W00,S1_CONDITION,neg_log10_mol_l,E51_NO_TIME_EFFECT,locked_common,BMCx_Behavior,1,1,0,0.5590020127281718,0.5590020127281718,,N_LT_2,15b62f40c74c7786064426ac,E51
W00,S1_CONDITION,neg_log10_mol_l,E51_NO_TIME_EFFECT,locked_common,BMCx_Biochemical,2,2,0,0.45624871711871684,0.5993500101188608,-4.8677802099798715,DEFINED,15b62f40c74c7786064426ac,E51
W00,S1_CONDITION,neg_log10_mol_l,E51_NO_TIME_EFFECT,locked_common,BMCx_Development,8,8,0,0.5428526478526556,0.6198810210051046,0.683522896690397,DEFINED,15b62f40c74c7786064426ac,E51
W00,S1_CONDITION,neg_log10_mol_l,E51_NO_TIME_EFFECT,locked_common,BMCx_Immobilization,3,3,0,0.6543138289698908,0.6911824467589813,-0.34402500521622925,DEFINED,15b62f40c74c7786064426ac,E51
W00,S1_CONDITION,neg_log10_mol_l,E51_NO_TIME_EFFECT,locked_common,BMCx_Injury,10,10,0,0.36204880609187307,0.47569924090307614,0.39664420183880045,DEFINED,15b62f40c74c7786064426ac,E51
W00,S1_CONDITION,neg_log10_mol_l,E51_NO_TIME_EFFECT,locked_common,BMCx_Molting,19,19,0,0.4826059882987467,0.5996299965799547,-0.248236803470814,DEFINED,15b62f40c74c7786064426ac,E51
W00,S1_CONDITION,neg_log10_mol_l,E51_NO_TIME_EFFECT,locked_common,BMCx_Mortality,8,8,0,0.3179721038450969,0.4660835773093853,0.039384815336779844,DEFINED,15b62f40c74c7786064426ac,E51
W00,S1_CONDITION,neg_log10_mol_l,E51_NO_TIME_EFFECT,locked_common,BMCx_Physiology,7,7,0,0.45964186590362044,0.5570818602764445,0.09618038195419476,DEFINED,15b62f40c74c7786064426ac,E51
W00,S1_CONDITION,neg_log10_mol_l,E51_NO_TIME_EFFECT,locked_common,BMDx_Behavior,34,34,0,2.1201000502348575,3.0352638738990967,-0.0233697377441604,DEFINED,15b62f40c74c7786064426ac,E51
W00,S1_CONDITION,neg_log10_mol_l,E51_NO_TIME_EFFECT,locked_common,BMDx_Development,48,48,0,1.0732036443062443,1.2869600997761783,-0.0851959370895976,DEFINED,15b62f40c74c7786064426ac,E51
W00,S1_CONDITION,neg_log10_mol_l,E51_NO_TIME_EFFECT,locked_common,BMDx_Immobilization,8,8,0,0.24264884937535552,0.49766722654345574,0.020200801577799354,DEFINED,15b62f40c74c7786064426ac,E51
W00,S1_CONDITION,neg_log10_mol_l,E51_NO_TIME_EFFECT,locked_common,BMDx_Injury,13,13,0,1.524048005934961,1.7018808392672615,-0.2664581078077308,DEFINED,15b62f40c74c7786064426ac,E51
W00,S1_CONDITION,neg_log10_mol_l,E51_NO_TIME_EFFECT,locked_common,BMDx_Molting,3,3,0,2.166837415003464,2.271340867099686,-10.123187274934715,DEFINED,15b62f40c74c7786064426ac,E51
W00,S1_CONDITION,neg_log10_mol_l,E51_NO_TIME_EFFECT,locked_common,BMDx_Morphology,6,6,0,0.7661749230263034,1.0794581159599381,-0.3465238955475489,DEFINED,15b62f40c74c7786064426ac,E51
W00,S1_CONDITION,neg_log10_mol_l,E51_NO_TIME_EFFECT,locked_common,BMDx_Mortality,17,17,0,2.5214190000847143,3.7881528216404403,-0.4250092998014332,DEFINED,15b62f40c74c7786064426ac,E51
W00,S1_CONDITION,neg_log10_mol_l,E51_NO_TIME_EFFECT,locked_common,BMDx_Physiology,10,10,0,0.7740993097984237,0.9975496431225316,0.10173836816847937,DEFINED,15b62f40c74c7786064426ac,E51
W00,S1_CONDITION,neg_log10_mol_l,E51_NO_TIME_EFFECT,locked_common,ECx_Behavior,492,492,0,0.6233645894881451,0.8261020291106779,0.8480781832720108,DEFINED,15b62f40c74c7786064426ac,E51
W00,S1_CONDITION,neg_log10_mol_l,E51_NO_TIME_EFFECT,locked_common,ECx_Biochemical,240,240,0,0.6883798120247034,0.941841706813036,0.8115109031429318,DEFINED,15b62f40c74c7786064426ac,E51
W00,S1_CONDITION,neg_log10_mol_l,E51_NO_TIME_EFFECT,locked_common,ECx_Development,504,504,0,0.8504195460307777,1.1608332650512543,0.7198479455858535,DEFINED,15b62f40c74c7786064426ac,E51
W00,S1_CONDITION,neg_log10_mol_l,E51_NO_TIME_EFFECT,locked_common,ECx_Feeding,40,40,0,0.6917317665404363,0.8622116434896618,0.5830450005123256,DEFINED,15b62f40c74c7786064426ac,E51
W00,S1_CONDITION,neg_log10_mol_l,E51_NO_TIME_EFFECT,locked_common,ECx_GeneticDamage,47,47,0,0.8147019455127323,1.0731149059784704,0.8365128580160452,DEFINED,15b62f40c74c7786064426ac,E51
W00,S1_CONDITION,neg_log10_mol_l,E51_NO_TIME_EFFECT,locked_common,ECx_Growth,725,725,0,0.5782082187281998,0.7717511575677768,0.8067915619106467,DEFINED,15b62f40c74c7786064426ac,E51
W00,S1_CONDITION,neg_log10_mol_l,E51_NO_TIME_EFFECT,locked_common,ECx_Immobilization,1566,1566,0,0.6612390357015092,0.907020567964114,0.8127233323705061,DEFINED,15b62f40c74c7786064426ac,E51
W00,S1_CONDITION,neg_log10_mol_l,E51_NO_TIME_EFFECT,locked_common,ECx_Injury,65,65,0,0.7792274148673539,1.0149355521048733,0.7416720406443591,DEFINED,15b62f40c74c7786064426ac,E51
W00,S1_CONDITION,neg_log10_mol_l,E51_NO_TIME_EFFECT,locked_common,ECx_Molting,182,182,0,0.6048043391149905,0.8635293985192646,0.6248364977115073,DEFINED,15b62f40c74c7786064426ac,E51
W00,S1_CONDITION,neg_log10_mol_l,E51_NO_TIME_EFFECT,locked_common,ECx_Morphology,49,49,0,0.7555616398119743,1.2677943729491834,0.5565657622422442,DEFINED,15b62f40c74c7786064426ac,E51
W00,S1_CONDITION,neg_log10_mol_l,E51_NO_TIME_EFFECT,locked_common,ECx_Mortality,14822,14822,0,0.7071214802125678,0.9732369589867965,0.7270536357615442,DEFINED,15b62f40c74c7786064426ac,E51
W00,S1_CONDITION,neg_log10_mol_l,E51_NO_TIME_EFFECT,locked_common,ECx_Physiology,447,447,0,0.6988893869831778,0.9589263684847464,0.7750051753244974,DEFINED,15b62f40c74c7786064426ac,E51
W00,S1_CONDITION,neg_log10_mol_l,E51_NO_TIME_EFFECT,locked_common,ECx_Population,2104,2104,0,0.671004403719023,0.9320510581104405,0.7061979648457858,DEFINED,15b62f40c74c7786064426ac,E51
W00,S1_CONDITION,neg_log10_mol_l,E51_NO_TIME_EFFECT,locked_common,ECx_Reproduction,208,208,0,0.5615561827811386,0.724372930624192,0.8132420014273222,DEFINED,15b62f40c74c7786064426ac,E51
W00,S1_CONDITION,neg_log10_mol_l,E51_NO_TIME_EFFECT,locked_common,EDx_Development,5,5,0,1.1945230411845844,1.4095998539368177,-2.1707880587707153,DEFINED,15b62f40c74c7786064426ac,E51
W00,S1_CONDITION,neg_log10_mol_l,E51_NO_TIME_EFFECT,locked_common,EDx_Growth,2,2,0,1.3037408163863162,1.3148080503502295,-4.154047277668304,DEFINED,15b62f40c74c7786064426ac,E51
W00,S1_CONDITION,neg_log10_mol_l,E51_NO_TIME_EFFECT,locked_common,EDx_Molting,3,3,0,0.6581215694208661,0.9294257644572128,-1.7318971425128078,DEFINED,15b62f40c74c7786064426ac,E51
W00,S1_CONDITION,neg_log10_mol_l,E51_NO_TIME_EFFECT,locked_common,EDx_Physiology,2,2,0,0.8164010235624342,0.8169688920220829,-45.78470067958444,DEFINED,15b62f40c74c7786064426ac,E51
W00,S1_CONDITION,neg_log10_mol_l,E51_NO_TIME_EFFECT,locked_common,EDx_Population,2,2,0,0.3142748597274312,0.3154233714430549,-136.56876416327728,DEFINED,15b62f40c74c7786064426ac,E51
W00,S1_CONDITION,neg_log10_mol_l,E51_NO_TIME_EFFECT,locked_common,EDx_Reproduction,1,1,0,1.0620332020917758,1.0620332020917758,,N_LT_2,15b62f40c74c7786064426ac,E51
W00,S1_CONDITION,neg_log10_mol_l,E51_NO_TIME_EFFECT,locked_common,ICx_Behavior,3,3,0,1.7650970835270936,2.333795266309037,-0.0852340377370564,DEFINED,15b62f40c74c7786064426ac,E51
W00,S1_CONDITION,neg_log10_mol_l,E51_NO_TIME_EFFECT,locked_common,ICx_Biochemical,171,171,0,0.8922631686242908,1.2770399824655543,0.39026727854987164,DEFINED,15b62f40c74c7786064426ac,E51
W00,S1_CONDITION,neg_log10_mol_l,E51_NO_TIME_EFFECT,locked_common,ICx_Development,29,29,0,0.661260486992364,0.9283849464602674,0.7484303987125874,DEFINED,15b62f40c74c7786064426ac,E51
W00,S1_CONDITION,neg_log10_mol_l,E51_NO_TIME_EFFECT,locked_common,ICx_Feeding,3,3,0,0.09513542892215199,0.10039875979232403,-2.9588177050551434,DEFINED,15b62f40c74c7786064426ac,E51
W00,S1_CONDITION,neg_log10_mol_l,E51_NO_TIME_EFFECT,locked_common,ICx_GeneticDamage,5,5,0,0.702506217621042,1.0178204439488405,-0.6313101263794132,DEFINED,15b62f40c74c7786064426ac,E51
W00,S1_CONDITION,neg_log10_mol_l,E51_NO_TIME_EFFECT,locked_common,ICx_Growth,110,110,0,0.545159347093947,0.6919181029516,0.8741314316148501,DEFINED,15b62f40c74c7786064426ac,E51
W00,S1_CONDITION,neg_log10_mol_l,E51_NO_TIME_EFFECT,locked_common,ICx_Immobilization,62,62,0,0.4100040027346853,0.49874231563185234,-0.35097491467400665,DEFINED,15b62f40c74c7786064426ac,E51
W00,S1_CONDITION,neg_log10_mol_l,E51_NO_TIME_EFFECT,locked_common,ICx_Morphology,2,2,0,0.568062849973038,0.7675377051512905,-13.205377719659818,DEFINED,15b62f40c74c7786064426ac,E51
W00,S1_CONDITION,neg_log10_mol_l,E51_NO_TIME_EFFECT,locked_common,ICx_Mortality,23,23,0,0.7696073196308867,1.2818442039281792,0.49483554276965513,DEFINED,15b62f40c74c7786064426ac,E51
W00,S1_CONDITION,neg_log10_mol_l,E51_NO_TIME_EFFECT,locked_common,ICx_Physiology,164,164,0,0.6663946028632831,1.0115451596829428,0.7858214626742447,DEFINED,15b62f40c74c7786064426ac,E51
W00,S1_CONDITION,neg_log10_mol_l,E51_NO_TIME_EFFECT,locked_common,ICx_Population,289,289,0,0.6222152039992265,0.9100894699051896,0.7870160822061582,DEFINED,15b62f40c74c7786064426ac,E51
W00,S1_CONDITION,neg_log10_mol_l,E51_NO_TIME_EFFECT,locked_common,ICx_Reproduction,66,66,0,0.6828159208453745,0.9461565572405102,0.8952307146614188,DEFINED,15b62f40c74c7786064426ac,E51
W00,S1_CONDITION,neg_log10_mol_l,E51_NO_TIME_EFFECT,locked_common,LDx_Injury,5,5,0,0.4703834704287241,0.5621253055808657,0.5995470952107584,DEFINED,15b62f40c74c7786064426ac,E51
W00,S1_CONDITION,neg_log10_mol_l,E51_NO_TIME_EFFECT,locked_common,LDx_Mortality,239,239,0,0.6319969897340492,0.8470819484132242,0.7354538395666852,DEFINED,15b62f40c74c7786064426ac,E51
W00,S1_CONDITION,neg_log10_mol_l,E51_NO_TIME_EFFECT,locked_common,LDx_Physiology,8,8,0,0.3544788919332168,0.4677395005980633,0.5538076143786705,DEFINED,15b62f40c74c7786064426ac,E51
W00,S1_CONDITION,neg_log10_mol_l,E51_NO_TIME_EFFECT,locked_common,LDx_Reproduction,1,1,0,0.20055981955538638,0.20055981955538638,,N_LT_2,15b62f40c74c7786064426ac,E51
W00,S1_CONDITION,neg_log10_mol_l,E51_NO_TIME_EFFECT,locked_common,LOEC_Accumulation,45,45,0,0.8795531372067973,1.1846664347077356,0.6389512248606501,DEFINED,15b62f40c74c7786064426ac,E51
W00,S1_CONDITION,neg_log10_mol_l,E51_NO_TIME_EFFECT,locked_common,LOEC_Behavior,332,332,0,0.7444385298909987,1.0154063672535776,0.6823643313424796,DEFINED,15b62f40c74c7786064426ac,E51
W00,S1_CONDITION,neg_log10_mol_l,E51_NO_TIME_EFFECT,locked_common,LOEC_Biochemical,1314,1314,0,0.8046141802020926,1.0925458759129731,0.6730596175738444,DEFINED,15b62f40c74c7786064426ac,E51
W00,S1_CONDITION,neg_log10_mol_l,E51_NO_TIME_EFFECT,locked_common,LOEC_Development,422,422,0,0.7698173681562823,1.0603735533382717,0.7210912363815516,DEFINED,15b62f40c74c7786064426ac,E51
W00,S1_CONDITION,neg_log10_mol_l,E51_NO_TIME_EFFECT,locked_common,LOEC_Feeding,30,30,0,0.5164532988424936,0.6381886369491238,0.16096674955223556,DEFINED,15b62f40c74c7786064426ac,E51
W00,S1_CONDITION,neg_log10_mol_l,E51_NO_TIME_EFFECT,locked_common,LOEC_GeneticDamage,857,857,0,0.8795362887291043,1.1770511868962907,0.6279125917503898,DEFINED,15b62f40c74c7786064426ac,E51
W00,S1_CONDITION,neg_log10_mol_l,E51_NO_TIME_EFFECT,locked_common,LOEC_Growth,853,853,0,0.6652936970749406,0.9174614306994755,0.7513240025944005,DEFINED,15b62f40c74c7786064426ac,E51
W00,S1_CONDITION,neg_log10_mol_l,E51_NO_TIME_EFFECT,locked_common,LOEC_Immobilization,61,61,0,0.6710583075505415,0.9556258182273333,0.6579851524670105,DEFINED,15b62f40c74c7786064426ac,E51
W00,S1_CONDITION,neg_log10_mol_l,E51_NO_TIME_EFFECT,locked_common,LOEC_Injury,113,113,0,0.7927953915211775,1.046058339256725,0.6233129129695485,DEFINED,15b62f40c74c7786064426ac,E51
W00,S1_CONDITION,neg_log10_mol_l,E51_NO_TIME_EFFECT,locked_common,LOEC_Molting,24,24,0,0.6180289349106398,0.8868887378339346,0.7782156336809206,DEFINED,15b62f40c74c7786064426ac,E51
W00,S1_CONDITION,neg_log10_mol_l,E51_NO_TIME_EFFECT,locked_common,LOEC_Morphology,168,168,0,0.740094767775871,0.9644636873372173,0.7384443393672322,DEFINED,15b62f40c74c7786064426ac,E51
W00,S1_CONDITION,neg_log10_mol_l,E51_NO_TIME_EFFECT,locked_common,LOEC_Mortality,831,831,0,0.6981221050973652,0.9899634831545379,0.7693779162543964,DEFINED,15b62f40c74c7786064426ac,E51
W00,S1_CONDITION,neg_log10_mol_l,E51_NO_TIME_EFFECT,locked_common,LOEC_Physiology,721,721,0,0.8236110352556087,1.1577380794635395,0.6791768473656572,DEFINED,15b62f40c74c7786064426ac,E51
W00,S1_CONDITION,neg_log10_mol_l,E51_NO_TIME_EFFECT,locked_common,LOEC_Population,936,936,0,0.6266592037894946,0.8356126104067967,0.8201262770384358,DEFINED,15b62f40c74c7786064426ac,E51
W00,S1_CONDITION,neg_log10_mol_l,E51_NO_TIME_EFFECT,locked_common,LOEC_Reproduction,495,495,0,0.6504374992821428,0.9220613776072748,0.7799452447801439,DEFINED,15b62f40c74c7786064426ac,E51
W00,S1_CONDITION,neg_log10_mol_l,E51_NO_TIME_EFFECT,locked_common,MATC_Behavior,2,2,0,0.5761443365270393,0.5774997562605366,-1.5425018485366677,DEFINED,15b62f40c74c7786064426ac,E51
W00,S1_CONDITION,neg_log10_mol_l,E51_NO_TIME_EFFECT,locked_common,MATC_Biochemical,6,6,0,1.1895201448003072,1.2864030781923705,-5.159473606891985,DEFINED,15b62f40c74c7786064426ac,E51
W00,S1_CONDITION,neg_log10_mol_l,E51_NO_TIME_EFFECT,locked_common,MATC_Development,17,17,0,0.469291229457286,0.6354389317334455,0.5290644378576284,DEFINED,15b62f40c74c7786064426ac,E51
W00,S1_CONDITION,neg_log10_mol_l,E51_NO_TIME_EFFECT,locked_common,MATC_Growth,56,56,0,0.5256797835550912,0.6953262633643663,0.9081124377700803,DEFINED,15b62f40c74c7786064426ac,E51
W00,S1_CONDITION,neg_log10_mol_l,E51_NO_TIME_EFFECT,locked_common,MATC_Immobilization,3,3,0,0.452046105436017,0.45667413965457204,-16.15027464944151,DEFINED,15b62f40c74c7786064426ac,E51
W00,S1_CONDITION,neg_log10_mol_l,E51_NO_TIME_EFFECT,locked_common,MATC_Molting,7,7,0,0.8852528055180903,1.1001923709671695,0.10233011990229446,DEFINED,15b62f40c74c7786064426ac,E51
W00,S1_CONDITION,neg_log10_mol_l,E51_NO_TIME_EFFECT,locked_common,MATC_Mortality,92,92,0,0.5172887962755399,0.6656859208518581,0.8973357616535302,DEFINED,15b62f40c74c7786064426ac,E51
W00,S1_CONDITION,neg_log10_mol_l,E51_NO_TIME_EFFECT,locked_common,MATC_Physiology,3,3,0,0.49762089443828444,0.49969719090406656,-0.1139452398407883,DEFINED,15b62f40c74c7786064426ac,E51
W00,S1_CONDITION,neg_log10_mol_l,E51_NO_TIME_EFFECT,locked_common,MATC_Population,22,22,0,0.442828443680842,0.6286133209879046,0.735256386651666,DEFINED,15b62f40c74c7786064426ac,E51
W00,S1_CONDITION,neg_log10_mol_l,E51_NO_TIME_EFFECT,locked_common,MATC_Reproduction,37,37,0,0.6195641258340118,0.8700361255180424,0.7661647382033668,DEFINED,15b62f40c74c7786064426ac,E51
W00,S1_CONDITION,neg_log10_mol_l,E51_NO_TIME_EFFECT,locked_common,NOEC_Accumulation,30,30,0,0.923296899342462,1.1446260468950078,0.7184165225848749,DEFINED,15b62f40c74c7786064426ac,E51
W00,S1_CONDITION,neg_log10_mol_l,E51_NO_TIME_EFFECT,locked_common,NOEC_Behavior,434,434,0,0.7199232915575249,0.9453770513420521,0.6880167932838896,DEFINED,15b62f40c74c7786064426ac,E51
W00,S1_CONDITION,neg_log10_mol_l,E51_NO_TIME_EFFECT,locked_common,NOEC_Biochemical,1258,1258,0,0.7602785102828221,1.0465616717597654,0.6837486573001571,DEFINED,15b62f40c74c7786064426ac,E51
W00,S1_CONDITION,neg_log10_mol_l,E51_NO_TIME_EFFECT,locked_common,NOEC_Development,593,593,0,0.7608918364507471,1.0705318909097548,0.6791754563639181,DEFINED,15b62f40c74c7786064426ac,E51
W00,S1_CONDITION,neg_log10_mol_l,E51_NO_TIME_EFFECT,locked_common,NOEC_Feeding,71,71,0,0.8092370752543125,1.041279304538035,0.771408988048023,DEFINED,15b62f40c74c7786064426ac,E51
W00,S1_CONDITION,neg_log10_mol_l,E51_NO_TIME_EFFECT,locked_common,NOEC_GeneticDamage,838,838,0,0.823485203277259,1.122112071608973,0.6450595825775663,DEFINED,15b62f40c74c7786064426ac,E51
W00,S1_CONDITION,neg_log10_mol_l,E51_NO_TIME_EFFECT,locked_common,NOEC_Growth,1168,1168,0,0.672193229248124,0.9179517377670829,0.7344158576017275,DEFINED,15b62f40c74c7786064426ac,E51
W00,S1_CONDITION,neg_log10_mol_l,E51_NO_TIME_EFFECT,locked_common,NOEC_Immobilization,275,275,0,0.8444956537023396,1.1402371879807225,0.5875438159057382,DEFINED,15b62f40c74c7786064426ac,E51
W00,S1_CONDITION,neg_log10_mol_l,E51_NO_TIME_EFFECT,locked_common,NOEC_Injury,155,155,0,0.6643285311025295,0.880372840755411,0.7117672705033964,DEFINED,15b62f40c74c7786064426ac,E51
W00,S1_CONDITION,neg_log10_mol_l,E51_NO_TIME_EFFECT,locked_common,NOEC_Molting,47,47,0,0.503357352583113,0.7081221980652563,0.8306029359244584,DEFINED,15b62f40c74c7786064426ac,E51
W00,S1_CONDITION,neg_log10_mol_l,E51_NO_TIME_EFFECT,locked_common,NOEC_Morphology,281,281,0,0.736220906862987,1.005599428831016,0.7729906776761222,DEFINED,15b62f40c74c7786064426ac,E51
W00,S1_CONDITION,neg_log10_mol_l,E51_NO_TIME_EFFECT,locked_common,NOEC_Mortality,1793,1793,0,0.7290845068035159,0.969858673451084,0.7579671922908898,DEFINED,15b62f40c74c7786064426ac,E51
W00,S1_CONDITION,neg_log10_mol_l,E51_NO_TIME_EFFECT,locked_common,NOEC_Physiology,798,798,0,0.745550170804314,0.9940429131188772,0.7039795619838258,DEFINED,15b62f40c74c7786064426ac,E51
W00,S1_CONDITION,neg_log10_mol_l,E51_NO_TIME_EFFECT,locked_common,NOEC_Population,1386,1386,0,0.6882767201668104,0.9231319761130454,0.7182800007553585,DEFINED,15b62f40c74c7786064426ac,E51
W00,S1_CONDITION,neg_log10_mol_l,E51_NO_TIME_EFFECT,locked_common,NOEC_Reproduction,620,620,0,0.6718399498751194,0.9290275522271105,0.7791380828860277,DEFINED,15b62f40c74c7786064426ac,E51
