asset,path,bytes,sha256,source_sha256,projection
processed_data.zip,data/revision_inputs_v2/all_observations.parquet,34388683,86d7de3ed9fceab01715458b95a8820be384a6e4243b0f8738e77b316cbccdd5,86d7de3ed9fceab01715458b95a8820be384a6e4243b0f8738e77b316cbccdd5,none
processed_data.zip,data/revision_inputs_v2/head_split_support.csv,31320,ba64b35748c1b6fa353ffddf8fa9ec723c96a0dc13ae7cf43f81b45b9cad95b0,ba64b35748c1b6fa353ffddf8fa9ec723c96a0dc13ae7cf43f81b45b9cad95b0,none
processed_data.zip,data/revision_inputs_v2/split_assignments.parquet,81644792,913f8334bf973821829ec621d19cda8b6d61ee46e5a5809a3476f974f2ae6f75,913f8334bf973821829ec621d19cda8b6d61ee46e5a5809a3476f974f2ae6f75,none
processed_data.zip,data/revision_inputs_v2/splits/combination_holdout/M00/test.parquet,628936,80972a135a3bdcb9f8bb68ec87bd602776fbc09ff06379af032ef37f46b06d77,80972a135a3bdcb9f8bb68ec87bd602776fbc09ff06379af032ef37f46b06d77,none
processed_data.zip,data/revision_inputs_v2/splits/combination_holdout/M00/train.parquet,1631317,5df27a39729a4a839a624b68741f70e9ac9a6a064bb0ba4bc078ed80e23f75a1,5df27a39729a4a839a624b68741f70e9ac9a6a064bb0ba4bc078ed80e23f75a1,none
processed_data.zip,data/revision_inputs_v2/splits/combination_holdout/M00/valid.parquet,530314,f0a4248313d7761eb8f0810e5566c6a8f6617f10f84865f7befdfe8694b2d3e5,f0a4248313d7761eb8f0810e5566c6a8f6617f10f84865f7befdfe8694b2d3e5,none
processed_data.zip,data/revision_inputs_v2/splits/combination_holdout/W00/test.parquet,9739723,c988ffde1eed0404caddf587956da9a135d7395f02b6f088bc438c0b166fb3f5,c988ffde1eed0404caddf587956da9a135d7395f02b6f088bc438c0b166fb3f5,none
processed_data.zip,data/revision_inputs_v2/splits/combination_holdout/W00/train.parquet,32368190,d3c5c4dfd73c23dbfebb4e5c16879bf9bff2b4c36a150d1af79b453488862a3a,d3c5c4dfd73c23dbfebb4e5c16879bf9bff2b4c36a150d1af79b453488862a3a,none
processed_data.zip,data/revision_inputs_v2/splits/combination_holdout/W00/valid.parquet,7710418,8b5a3cb27736af55693d6c664085818528cdaddd6973e62144dcdebe1bd686ad,8b5a3cb27736af55693d6c664085818528cdaddd6973e62144dcdebe1bd686ad,none
processed_data.zip,data/revision_inputs_v2/splits/parent_disjoint/M00/test.parquet,498982,1411af5c96058cca6846e9a07d0f3eb978c8befd90709ee97886939741ac525d,1411af5c96058cca6846e9a07d0f3eb978c8befd90709ee97886939741ac525d,none
processed_data.zip,data/revision_inputs_v2/splits/parent_disjoint/M00/train.parquet,1355670,e68953ebb0b781ce81e81904d72f6638e2aaa80088e86144abdce600e8a7f0bf,e68953ebb0b781ce81e81904d72f6638e2aaa80088e86144abdce600e8a7f0bf,none
processed_data.zip,data/revision_inputs_v2/splits/parent_disjoint/M00/valid.parquet,414159,c6364f32c10db4ba852a350cdca3f05a6dcd1fe4ac501cdf7c8efe543cff5653,c6364f32c10db4ba852a350cdca3f05a6dcd1fe4ac501cdf7c8efe543cff5653,none
processed_data.zip,data/revision_inputs_v2/splits/parent_disjoint/W00/test.parquet,7708757,8c5e8588cafb4c0bba561a070befb2c8b34f61754d1856909d4b243b359243df,8c5e8588cafb4c0bba561a070befb2c8b34f61754d1856909d4b243b359243df,none
processed_data.zip,data/revision_inputs_v2/splits/parent_disjoint/W00/train.parquet,24135763,5600689f4bf12f985089b37c6610b32a3c897b7e48d510f1a5903332c6cdaa22,5600689f4bf12f985089b37c6610b32a3c897b7e48d510f1a5903332c6cdaa22,none
processed_data.zip,data/revision_inputs_v2/splits/parent_disjoint/W00/valid.parquet,6167275,594bf7af8c6f4d77899f44ae2d70e3acc95f2c6e34563a11835926b011cc987e,594bf7af8c6f4d77899f44ae2d70e3acc95f2c6e34563a11835926b011cc987e,none
processed_data.zip,data/revision_inputs_v2/splits/record_random/M00/test.parquet,711535,f8aa42dd39bd27735093b47a8ae2bd93ac123fbf96221c8657f507d111fba387,f8aa42dd39bd27735093b47a8ae2bd93ac123fbf96221c8657f507d111fba387,none
processed_data.zip,data/revision_inputs_v2/splits/record_random/M00/train.parquet,1866626,8fac217ffde709ac0ebd8a9ebf3704ebd283ea3ed80f284e2d0cbf4abcd09881,8fac217ffde709ac0ebd8a9ebf3704ebd283ea3ed80f284e2d0cbf4abcd09881,none
processed_data.zip,data/revision_inputs_v2/splits/record_random/M00/valid.parquet,598750,2c8b1a6205f970ad9bc77f8a458f0f407a24ac3ade795d86632fb88f8d531a6e,2c8b1a6205f970ad9bc77f8a458f0f407a24ac3ade795d86632fb88f8d531a6e,none
processed_data.zip,data/revision_inputs_v2/splits/record_random/W00/test.parquet,11122480,a345e15c722b7462a2e6e18db218eee0fa2bfd24b325ef1f8e26a9f1dd078584,a345e15c722b7462a2e6e18db218eee0fa2bfd24b325ef1f8e26a9f1dd078584,none
processed_data.zip,data/revision_inputs_v2/splits/record_random/W00/train.parquet,33134512,519528fd2b0c23378875a1f6300816846152c3d0ed05a35751ffd3e601355d6b,519528fd2b0c23378875a1f6300816846152c3d0ed05a35751ffd3e601355d6b,none
processed_data.zip,data/revision_inputs_v2/splits/record_random/W00/valid.parquet,9074597,c446d919726e3a1dc00c935034b02e61c0bc1efa7780c80f520306d13909bfe6,c446d919726e3a1dc00c935034b02e61c0bc1efa7780c80f520306d13909bfe6,none
processed_data.zip,data/revision_identity/revision_v2_identity_metadata_time_recovered.parquet,15407170,479c27625d0a9524bcd746828e5e78a9f24ca92dd0643795a186538c003de411,479c27625d0a9524bcd746828e5e78a9f24ca92dd0643795a186538c003de411,none
processed_data.zip,data/revision_identity/split_assignments.parquet,85737549,e3abb9d484fe8cd39b09b184f2126b3acf2cdf1d7b195b3e31423d35f804820b,e3abb9d484fe8cd39b09b184f2126b3acf2cdf1d7b195b3e31423d35f804820b,none
processed_data.zip,data/e72_scaffold_v3/S4_SCAFFOLD_RING_V3/M00/test.parquet,473028,5d1d2f71b6aceecb3635c24ad14e79447656c46dcbae86cd4de66a53c34a67b4,5d1d2f71b6aceecb3635c24ad14e79447656c46dcbae86cd4de66a53c34a67b4,none
processed_data.zip,data/e72_scaffold_v3/S4_SCAFFOLD_RING_V3/M00/train.parquet,1376815,0e54e30e5681f15d13644407385e39bf357df2c8936b9c6c77be8af2e6da563c,0e54e30e5681f15d13644407385e39bf357df2c8936b9c6c77be8af2e6da563c,none
processed_data.zip,data/e72_scaffold_v3/S4_SCAFFOLD_RING_V3/M00/valid.parquet,393592,0a1db3d6b96f32de622f88f6fdac6d13dca07b19bd0aed590c14da133d5e09eb,0a1db3d6b96f32de622f88f6fdac6d13dca07b19bd0aed590c14da133d5e09eb,none
processed_data.zip,data/e72_scaffold_v3/S4_SCAFFOLD_RING_V3/W00/test.parquet,7773796,ad4250e4213e1e04724f5409157c4d02048fee1ebea15c78a8a6f347caaa43e9,ad4250e4213e1e04724f5409157c4d02048fee1ebea15c78a8a6f347caaa43e9,none
processed_data.zip,data/e72_scaffold_v3/S4_SCAFFOLD_RING_V3/W00/train.parquet,25091327,d2bf2cc1cf95203599135a9fa1de2c00ecd726db02e4ae3f09326fa9b093ff34,d2bf2cc1cf95203599135a9fa1de2c00ecd726db02e4ae3f09326fa9b093ff34,none
processed_data.zip,data/e72_scaffold_v3/S4_SCAFFOLD_RING_V3/W00/valid.parquet,6251540,41c0b3f59887c48bc0dc5768c25738e47cad510001eb2a689363e8a78f4ed93d,41c0b3f59887c48bc0dc5768c25738e47cad510001eb2a689363e8a78f4ed93d,none
processed_data.zip,data/submitted_resolved_v1/S1_CONDITION/M00/train.parquet,1749424,3588b8bce87cc23197d4cd7590a31a7d5d5a8254c2153423f62eb838a90ac0c7,3588b8bce87cc23197d4cd7590a31a7d5d5a8254c2153423f62eb838a90ac0c7,none
processed_data.zip,data/submitted_resolved_v1/S1_CONDITION/M00/valid.parquet,533947,b1ecbe7cb8b13c87df918ff635bffb20a6f98b9734f5d950940f230ef9464bfa,b1ecbe7cb8b13c87df918ff635bffb20a6f98b9734f5d950940f230ef9464bfa,none
processed_data.zip,data/submitted_resolved_v1/S1_CONDITION/W00/train.parquet,33506660,3271ac39d01c9552860daf253918de0617f415828e1a779ff860d53b7fca073d,3271ac39d01c9552860daf253918de0617f415828e1a779ff860d53b7fca073d,none
processed_data.zip,data/submitted_resolved_v1/S1_CONDITION/W00/valid.parquet,8351024,062e8bc4f31e04cb64afc44f8887e82534136dce5f2afcf515651352d833192e,062e8bc4f31e04cb64afc44f8887e82534136dce5f2afcf515651352d833192e,none
processed_data.zip,data/submitted_resolved_v1/S2_COMBINATION/M00/train.parquet,1679432,f7ce371b4bb3a076e80385550ce56358873f153b91b17fc1ab619a6514f88210,f7ce371b4bb3a076e80385550ce56358873f153b91b17fc1ab619a6514f88210,none
processed_data.zip,data/submitted_resolved_v1/S2_COMBINATION/M00/valid.parquet,516079,4e5153f351490e2126924310552b398b122a57b27c325ae67a170020ea198580,4e5153f351490e2126924310552b398b122a57b27c325ae67a170020ea198580,none
processed_data.zip,data/submitted_resolved_v1/S2_COMBINATION/W00/train.parquet,33227496,ea54d8f98abd4cf6af00102527165ee69c7049308daa76e6cfd38461054a4611,ea54d8f98abd4cf6af00102527165ee69c7049308daa76e6cfd38461054a4611,none
processed_data.zip,data/submitted_resolved_v1/S2_COMBINATION/W00/valid.parquet,7840673,147252392dff7ff4e3c1f67b2a3f7c3485f773068459a3f5bbcc198c5f1dce5e,147252392dff7ff4e3c1f67b2a3f7c3485f773068459a3f5bbcc198c5f1dce5e,none
processed_data.zip,data/submitted_resolved_v1/S3_PARENT/M00/train.parquet,1389191,24fc94c8ab9048ac379b50b0db76a18d4928b1e7b8a55cf43df636fd4d915a76,24fc94c8ab9048ac379b50b0db76a18d4928b1e7b8a55cf43df636fd4d915a76,none
processed_data.zip,data/submitted_resolved_v1/S3_PARENT/M00/valid.parquet,388662,a9d904f04258bbb41d9eb7d84d0b03b56a4b029a3fafa5cadb2e3400ddca8c8b,a9d904f04258bbb41d9eb7d84d0b03b56a4b029a3fafa5cadb2e3400ddca8c8b,none
processed_data.zip,data/submitted_resolved_v1/S3_PARENT/W00/train.parquet,25006339,eaa4b16ec6e6873d5abac03b4c0185ab945aca1800394b48779e9d758e2f16db,eaa4b16ec6e6873d5abac03b4c0185ab945aca1800394b48779e9d758e2f16db,none
processed_data.zip,data/submitted_resolved_v1/S3_PARENT/W00/valid.parquet,6337704,644d379a72daca30ffe83dbe75a1e0bad2219cf39673c6171d2bfb0defd4467f,644d379a72daca30ffe83dbe75a1e0bad2219cf39673c6171d2bfb0defd4467f,none
processed_data.zip,data/submitted_resolved_v1/S_SOURCE/M00/train.parquet,1583352,76103939e8592c72fba212faa71fcf6ee392a1fdf499f43e1183bcf6b14babf2,76103939e8592c72fba212faa71fcf6ee392a1fdf499f43e1183bcf6b14babf2,none
processed_data.zip,data/submitted_resolved_v1/S_SOURCE/M00/valid.parquet,478161,2428c2127fdde0299c43a8de9638c6406ef84b93808cd4f1421dadea10ce79af,2428c2127fdde0299c43a8de9638c6406ef84b93808cd4f1421dadea10ce79af,none
processed_data.zip,data/submitted_resolved_v1/S_SOURCE/W00/train.parquet,32917885,be371f94ea52f8e0ea068a06eaa571b8492fb79cc33118f05a6ae637fc469f35,be371f94ea52f8e0ea068a06eaa571b8492fb79cc33118f05a6ae637fc469f35,none
processed_data.zip,data/submitted_resolved_v1/S_SOURCE/W00/valid.parquet,7428654,e38c08d49b7ed915c81ff179a6bd0b2b4a6880a8951201dc63f0a57466e0cbae,e38c08d49b7ed915c81ff179a6bd0b2b4a6880a8951201dc63f0a57466e0cbae,none
core_seed_predictions_and_inputs.zip,data/physical_splits/S1_CONDITION/M00/test.parquet,634930,4ae484936621ffcef451abb75772eb7e365ccf92f58aabfe06178136960ebdcb,4ae484936621ffcef451abb75772eb7e365ccf92f58aabfe06178136960ebdcb,none
core_seed_predictions_and_inputs.zip,data/physical_splits/S1_CONDITION/M00/train.parquet,1749424,3588b8bce87cc23197d4cd7590a31a7d5d5a8254c2153423f62eb838a90ac0c7,3588b8bce87cc23197d4cd7590a31a7d5d5a8254c2153423f62eb838a90ac0c7,none
core_seed_predictions_and_inputs.zip,data/physical_splits/S1_CONDITION/M00/valid.parquet,533947,b1ecbe7cb8b13c87df918ff635bffb20a6f98b9734f5d950940f230ef9464bfa,b1ecbe7cb8b13c87df918ff635bffb20a6f98b9734f5d950940f230ef9464bfa,none
core_seed_predictions_and_inputs.zip,data/physical_splits/S1_CONDITION/W00/test.parquet,10609404,e46d10fbe91741d8f9571ab4bf4f29c39041279380884de7421a6db3936bcd21,e46d10fbe91741d8f9571ab4bf4f29c39041279380884de7421a6db3936bcd21,none
core_seed_predictions_and_inputs.zip,data/physical_splits/S1_CONDITION/W00/train.parquet,33506660,3271ac39d01c9552860daf253918de0617f415828e1a779ff860d53b7fca073d,3271ac39d01c9552860daf253918de0617f415828e1a779ff860d53b7fca073d,none
core_seed_predictions_and_inputs.zip,data/physical_splits/S1_CONDITION/W00/valid.parquet,8351024,062e8bc4f31e04cb64afc44f8887e82534136dce5f2afcf515651352d833192e,062e8bc4f31e04cb64afc44f8887e82534136dce5f2afcf515651352d833192e,none
core_seed_predictions_and_inputs.zip,data/physical_splits/S2_COMBINATION/M00/test.parquet,615648,2e47d0a3f4ce8342540e5241a6fd0640e3c042e6b631cce138e713f4bcc107a0,2e47d0a3f4ce8342540e5241a6fd0640e3c042e6b631cce138e713f4bcc107a0,none
core_seed_predictions_and_inputs.zip,data/physical_splits/S2_COMBINATION/M00/train.parquet,1679432,f7ce371b4bb3a076e80385550ce56358873f153b91b17fc1ab619a6514f88210,f7ce371b4bb3a076e80385550ce56358873f153b91b17fc1ab619a6514f88210,none
core_seed_predictions_and_inputs.zip,data/physical_splits/S2_COMBINATION/M00/valid.parquet,516079,4e5153f351490e2126924310552b398b122a57b27c325ae67a170020ea198580,4e5153f351490e2126924310552b398b122a57b27c325ae67a170020ea198580,none
core_seed_predictions_and_inputs.zip,data/physical_splits/S2_COMBINATION/W00/test.parquet,9941117,991fe3a2c310d8ad6cdd0f250c9ce00ede8340de26d169c0e442dd1632fa062c,991fe3a2c310d8ad6cdd0f250c9ce00ede8340de26d169c0e442dd1632fa062c,none
core_seed_predictions_and_inputs.zip,data/physical_splits/S2_COMBINATION/W00/train.parquet,33227496,ea54d8f98abd4cf6af00102527165ee69c7049308daa76e6cfd38461054a4611,ea54d8f98abd4cf6af00102527165ee69c7049308daa76e6cfd38461054a4611,none
core_seed_predictions_and_inputs.zip,data/physical_splits/S2_COMBINATION/W00/valid.parquet,7840673,147252392dff7ff4e3c1f67b2a3f7c3485f773068459a3f5bbcc198c5f1dce5e,147252392dff7ff4e3c1f67b2a3f7c3485f773068459a3f5bbcc198c5f1dce5e,none
core_seed_predictions_and_inputs.zip,data/physical_splits/S3_PARENT/M00/test.parquet,474015,83fe73478a62bc1bcedf6df006593be8c451cfd352eaeabe864ff3b51b4fdc35,83fe73478a62bc1bcedf6df006593be8c451cfd352eaeabe864ff3b51b4fdc35,none
core_seed_predictions_and_inputs.zip,data/physical_splits/S3_PARENT/M00/train.parquet,1389191,24fc94c8ab9048ac379b50b0db76a18d4928b1e7b8a55cf43df636fd4d915a76,24fc94c8ab9048ac379b50b0db76a18d4928b1e7b8a55cf43df636fd4d915a76,none
core_seed_predictions_and_inputs.zip,data/physical_splits/S3_PARENT/M00/valid.parquet,388662,a9d904f04258bbb41d9eb7d84d0b03b56a4b029a3fafa5cadb2e3400ddca8c8b,a9d904f04258bbb41d9eb7d84d0b03b56a4b029a3fafa5cadb2e3400ddca8c8b,none
core_seed_predictions_and_inputs.zip,data/physical_splits/S3_PARENT/W00/test.parquet,7836487,f0d139e7491670c87e85697d04d4c6b308ef28e90e9dfc919dc3e861805268ed,f0d139e7491670c87e85697d04d4c6b308ef28e90e9dfc919dc3e861805268ed,none
core_seed_predictions_and_inputs.zip,data/physical_splits/S3_PARENT/W00/train.parquet,25006339,eaa4b16ec6e6873d5abac03b4c0185ab945aca1800394b48779e9d758e2f16db,eaa4b16ec6e6873d5abac03b4c0185ab945aca1800394b48779e9d758e2f16db,none
core_seed_predictions_and_inputs.zip,data/physical_splits/S3_PARENT/W00/valid.parquet,6337704,644d379a72daca30ffe83dbe75a1e0bad2219cf39673c6171d2bfb0defd4467f,644d379a72daca30ffe83dbe75a1e0bad2219cf39673c6171d2bfb0defd4467f,none
core_seed_predictions_and_inputs.zip,data/physical_splits/S_SOURCE/M00/test.parquet,568464,b18e944a236459443866da61db6a5556e6d12fa74aed232955f3e02e884f51e7,b18e944a236459443866da61db6a5556e6d12fa74aed232955f3e02e884f51e7,none
core_seed_predictions_and_inputs.zip,data/physical_splits/S_SOURCE/M00/train.parquet,1583352,76103939e8592c72fba212faa71fcf6ee392a1fdf499f43e1183bcf6b14babf2,76103939e8592c72fba212faa71fcf6ee392a1fdf499f43e1183bcf6b14babf2,none
core_seed_predictions_and_inputs.zip,data/physical_splits/S_SOURCE/M00/valid.parquet,478161,2428c2127fdde0299c43a8de9638c6406ef84b93808cd4f1421dadea10ce79af,2428c2127fdde0299c43a8de9638c6406ef84b93808cd4f1421dadea10ce79af,none
core_seed_predictions_and_inputs.zip,data/physical_splits/S_SOURCE/W00/test.parquet,9223527,c250b17c0e18e3a936f8a834de190636f12baf603461b809beb9121ef61cb3e1,c250b17c0e18e3a936f8a834de190636f12baf603461b809beb9121ef61cb3e1,none
core_seed_predictions_and_inputs.zip,data/physical_splits/S_SOURCE/W00/train.parquet,32917885,be371f94ea52f8e0ea068a06eaa571b8492fb79cc33118f05a6ae637fc469f35,be371f94ea52f8e0ea068a06eaa571b8492fb79cc33118f05a6ae637fc469f35,none
core_seed_predictions_and_inputs.zip,data/physical_splits/S_SOURCE/W00/valid.parquet,7428654,e38c08d49b7ed915c81ff179a6bd0b2b4a6880a8951201dc63f0a57466e0cbae,e38c08d49b7ed915c81ff179a6bd0b2b4a6880a8951201dc63f0a57466e0cbae,none
core_seed_predictions_and_inputs.zip,predictions/core_seeds/M00_S1_CONDITION_MTL_FULL_seed2042/predictions.parquet,191534,e943d6c78d5d4b20b43e06f8ceac1335cbc1c57781ea603f2d5521cd44a2af8a,2d6901da76077a035ee73a1e71d97a71f1e2e97ccf537af24647e3cea120a525,prediction_columns_v1
core_seed_predictions_and_inputs.zip,predictions/core_seeds/M00_S1_CONDITION_MTL_FULL_seed3407/predictions.parquet,191531,410a2ccf70416213ec474bcec15f4d84e1973601dacd36dc7c2af0885f41fc90,de953fbef0bbd727ee6f9685e6492a92fa14a1b2cb3c1849474bd679f842c11c,prediction_columns_v1
core_seed_predictions_and_inputs.zip,predictions/core_seeds/M00_S1_CONDITION_MTL_FULL_seed42/predictions.parquet,191513,9ed4cd9a1c2376beda2d6444302502f14fbd27c6a7e4c70284343f9f8d9d3b6d,7af07428c870dd983559d4096049b611c449416eadb15e722e30de06312eafbe,prediction_columns_v1
core_seed_predictions_and_inputs.zip,predictions/core_seeds/M00_S1_CONDITION_MTL_FULL_seed8417/predictions.parquet,191467,0784a2baf605a7eca9aec2a7965a7f1db13dba4c24d7a4e6eadbbb507b1a3b21,8a58106e9f7fd21a54cbac73f83b29551bfe501c84af7598aaf65b308c1578b8,prediction_columns_v1
core_seed_predictions_and_inputs.zip,predictions/core_seeds/M00_S1_CONDITION_MTL_MOL_seed2042/predictions.parquet,187132,06bb4ad49428fc9e55628b0c1889d73d59ca825bbe6b5615b75b8140377ef893,bc444fd618389d1bbedc08789aceb24c36317dffe0276b29227fd229c2980b23,prediction_columns_v1
core_seed_predictions_and_inputs.zip,predictions/core_seeds/M00_S1_CONDITION_MTL_MOL_seed3407/predictions.parquet,187120,2cd5676dc766f378b67686b977cec743d32b2935d2ba319c7af79dead443963c,1b32a0eab6290434c41260bd1bbe430f479af164a7a0f85d86fd1a5ffa47a59f,prediction_columns_v1
core_seed_predictions_and_inputs.zip,predictions/core_seeds/M00_S1_CONDITION_MTL_MOL_seed42/predictions.parquet,187129,b38a21b6841eab3fc84613872cfba9007858209fdd217bf5be7713c7d5f980df,ed227db398f3de922a79b3abe305d431419816923243c8c5e37d02fc25b8b0af,prediction_columns_v1
core_seed_predictions_and_inputs.zip,predictions/core_seeds/M00_S1_CONDITION_MTL_MOL_seed8417/predictions.parquet,187104,e422855928b0accf7780c5552b77a235337c91538622e755b994e6c7015ec5b3,4a7b4458c269a10b46b9221ad68ddfc2ad8d4b7064df2ea8f02c5550fd9e61b8,prediction_columns_v1
core_seed_predictions_and_inputs.zip,predictions/core_seeds/M00_S1_CONDITION_STL_FULL_seed2042/predictions.parquet,191238,e257f462c11d778ce077020f10f9c8e27102ba7ed827df5180809409e4490a05,8a3a04757df7b56b7be431a6b8d3ac2edd9cd27b21ba3f5542f6a626f890ddc6,prediction_columns_v1
core_seed_predictions_and_inputs.zip,predictions/core_seeds/M00_S1_CONDITION_STL_FULL_seed3407/predictions.parquet,191223,f4aa50d336127aef01ab740d64c202e4bbac282fd1e053dd78a8bd8f1204a4c6,b3eb5ad8d6510cdf790d74588113f8fdeaa6e85df9642d1052ae9af9a2554d4a,prediction_columns_v1
core_seed_predictions_and_inputs.zip,predictions/core_seeds/M00_S1_CONDITION_STL_FULL_seed42/predictions.parquet,191230,9788c6ea15ce28d2d546b462d00c849d1d0f56ffa2fb5a73be75a424b8203f13,f32b9395363b63e0183849c643e9954bf5bde5d94ecb818b07ac3d2f3c44e2f7,prediction_columns_v1
core_seed_predictions_and_inputs.zip,predictions/core_seeds/M00_S1_CONDITION_STL_FULL_seed8417/predictions.parquet,191216,ecb10a8e9dec0f874eedecd83206bdf64b9e30ed65187115f2666984a457d4ea,e817c0bce684c9fd94c77cf58f29d5d4fd25e2cb5e2fc65ba877b140d07af56e,prediction_columns_v1
core_seed_predictions_and_inputs.zip,predictions/core_seeds/M00_S1_CONDITION_STL_MOL_seed2042/predictions.parquet,186468,6a30e747916d818718eea35475f66e9a2bf8a637dc14316b951321f1d7cec923,0df2e907ed0fb237dc62c802437ca90c0532fb7d9219cad98319ec37edef72f6,prediction_columns_v1
core_seed_predictions_and_inputs.zip,predictions/core_seeds/M00_S1_CONDITION_STL_MOL_seed3407/predictions.parquet,186463,8527fff0ef56a38ffdac186ea5da01dc8c9d283cdb4e8f66ed930a667071f3e6,a352db7e59e1492033ecfd0630421c187fb20cb40cc588c4983fa09015ee00f3,prediction_columns_v1
core_seed_predictions_and_inputs.zip,predictions/core_seeds/M00_S1_CONDITION_STL_MOL_seed42/predictions.parquet,186453,93fed9991d3caca3c2940e236a4268524fbf49c6d9c3d9eced40245e061b9618,cb099bd10024bfdacfba7ccd00372e1be4ae5cf853a56b2857c7ad12ca18bb86,prediction_columns_v1
core_seed_predictions_and_inputs.zip,predictions/core_seeds/M00_S1_CONDITION_STL_MOL_seed8417/predictions.parquet,186463,ad5fea871fd655c432b3071065c9280f8329515e8c8f47d4cbb19d37f6dc6c7f,d590c88dc3f6d616cbb7504db9f8e589adc22f80e86809ecfa1d6db718acf5a6,prediction_columns_v1
core_seed_predictions_and_inputs.zip,predictions/core_seeds/M00_S2_COMBINATION_MTL_FULL_seed2042/predictions.parquet,182258,5283c68f6ba848ff3c15c84349e0a53d237299479e6350557b6f65ce7fc95501,d9e162f4185b64fadebf0c0623ced4acdb1ddd9ff9e601d28a88d8bd17a1ddb6,prediction_columns_v1
core_seed_predictions_and_inputs.zip,predictions/core_seeds/M00_S2_COMBINATION_MTL_FULL_seed3407/predictions.parquet,182313,ad97cddc01f441f1dd5002381a4e80482c96960e9451844f579bf7dbc9d3281c,1d29f2eb53a9db7e102a88d84cc82fcab80ae955b1684a6fc76ee3b53fa82783,prediction_columns_v1
core_seed_predictions_and_inputs.zip,predictions/core_seeds/M00_S2_COMBINATION_MTL_FULL_seed42/predictions.parquet,182276,53982f3efbec3277c4e3c9d7e288e04f8d019cc20f1f1f2512fc2fe52fb6c23e,ed208de5cec084defa59224652491e4fcaa0e80781bb45c94c64b876401f08b0,prediction_columns_v1
core_seed_predictions_and_inputs.zip,predictions/core_seeds/M00_S2_COMBINATION_MTL_FULL_seed8417/predictions.parquet,182278,3b3bcaff02b54c35a894dfa2cb88ede2da7c35471ef80ed47cbbec4dc491605b,3d25ed865142b631d8374652b6b1c276bdded370173c1234212708b44fb66e50,prediction_columns_v1
core_seed_predictions_and_inputs.zip,predictions/core_seeds/M00_S2_COMBINATION_MTL_MOL_seed2042/predictions.parquet,176705,ec078ca8b0e8f9cd2de6a888469f3e09bfcc869252f0140d35abe4cfd3a9a104,e66bd04e2ed826e6f099efd3f9195b61917c07217c467a0cf25072bb9b3e4de8,prediction_columns_v1
core_seed_predictions_and_inputs.zip,predictions/core_seeds/M00_S2_COMBINATION_MTL_MOL_seed3407/predictions.parquet,176724,d23da2b6f5ce33520a29e4fbe16112d92d9e966840de68cc36ac358eca20db0c,285c3a34e339fbf338767402576a33e235cfc862f8677cf3adc39e49fb6466e5,prediction_columns_v1
core_seed_predictions_and_inputs.zip,predictions/core_seeds/M00_S2_COMBINATION_MTL_MOL_seed42/predictions.parquet,176675,d1b88404a8afe6b6a120df5832f2dbff485053ecfe45572be405b78b8fd079b3,0df6c198aa7e52a35c4993d2aee0a0b81bd6462f6f466b57973d74a0eebb14a6,prediction_columns_v1
core_seed_predictions_and_inputs.zip,predictions/core_seeds/M00_S2_COMBINATION_MTL_MOL_seed8417/predictions.parquet,176669,580ee057d243e78914aa7b81c121ac1e4dbc23ac10723e322cc0c82797f9101c,44b7fd98e153933bf02e56440fe5b5130f1a5234c4adb4da80c6223e6c59660a,prediction_columns_v1
core_seed_predictions_and_inputs.zip,predictions/core_seeds/M00_S2_COMBINATION_STL_FULL_seed2042/predictions.parquet,181994,0f49bed2807d7b8557939acfd2f44eab14bdb4d6d07e176219cfa1d2873d041f,0c66e5f15c487fdb8afd52eafb9875b61405feaf67d2c4603a5c946922c25632,prediction_columns_v1
core_seed_predictions_and_inputs.zip,predictions/core_seeds/M00_S2_COMBINATION_STL_FULL_seed3407/predictions.parquet,181983,d42e736f4b86c4400b2aa8e76735a800cc93d9071839c30ba7f7e2b36fa4a46a,e9de4ce5db4c74a63dd68a784e9fdd20bb740fddfd49de3ec05d8e746677014e,prediction_columns_v1
core_seed_predictions_and_inputs.zip,predictions/core_seeds/M00_S2_COMBINATION_STL_FULL_seed42/predictions.parquet,181990,de1ba72b48332458af2f6caf5b74feb3c799f13b5236f83c889668ff36ab57f0,1d906ccbc28eaf9ad1e0e739a678344c153f66dde729d2feb129c66582b08ce4,prediction_columns_v1
core_seed_predictions_and_inputs.zip,predictions/core_seeds/M00_S2_COMBINATION_STL_FULL_seed8417/predictions.parquet,181987,6b381847e67940cf4596d76ed9b5afec228ae5237422a775e4e5278be870e6e0,c0bb1ac5d1639d79c9ae8a0d3b260735517b00dfd53d4c59563837f76475fad2,prediction_columns_v1
core_seed_predictions_and_inputs.zip,predictions/core_seeds/M00_S2_COMBINATION_STL_MOL_seed2042/predictions.parquet,176259,a523e32e6de253a65cedbfd7acd5d25612756d5cf6ee7048a96898eab94af9e3,a923734d45c23b3ed2b7cd2e325627da4c5828eb2b5776b8f1b178f2119bd0d4,prediction_columns_v1
core_seed_predictions_and_inputs.zip,predictions/core_seeds/M00_S2_COMBINATION_STL_MOL_seed3407/predictions.parquet,176260,efe4165b7053e3158607c1403744fc4108762dc9c6e666336fb5035a5f9c9891,784804509d5b0cad6a1cb748c97ac12653dd9d03ced687194b10d72bbaf14fce,prediction_columns_v1
core_seed_predictions_and_inputs.zip,predictions/core_seeds/M00_S2_COMBINATION_STL_MOL_seed42/predictions.parquet,176265,97bca1f3303327990267266d1570ad5de97617a2cd9aecc975ea8ba77bc1bca3,21cb9baaecee67d0369fbdddeaba726835c95a27d461b9d6389d0756cfb3e661,prediction_columns_v1
core_seed_predictions_and_inputs.zip,predictions/core_seeds/M00_S2_COMBINATION_STL_MOL_seed8417/predictions.parquet,176255,00e46907d7426aa1236c012673c993580e8a7f2e4c68016bbaa5a9324fc445c8,c51b92dc6561460a3e9b9598f20df5761f129a011f88c581c88c92852a63bb19,prediction_columns_v1
core_seed_predictions_and_inputs.zip,predictions/core_seeds/M00_S3_PARENT_MTL_FULL_seed2042/predictions.parquet,136692,b671ad13a86288a36ce79ea73f4893514b933815313bd6b9897c00798560f6fb,ba6fbd2075b8e1d1bb5daf4981b5ca20fdc43f77479eeb23704bd74825cc2576,prediction_columns_v1
core_seed_predictions_and_inputs.zip,predictions/core_seeds/M00_S3_PARENT_MTL_FULL_seed3407/predictions.parquet,136761,7701b2bb0db2dee0d6512250af0f2be49aaddb822f7af3776677f57e108a6c50,726905880fe6c418b8e6dafb8ec77ffbff841cd954adb0ab6b08fa0a1fa9c0de,prediction_columns_v1
core_seed_predictions_and_inputs.zip,predictions/core_seeds/M00_S3_PARENT_MTL_FULL_seed42/predictions.parquet,136677,9011b542a1645a08fc1136409ffed61f38f1745a40f4f35daa12c6917c61702d,eec3e9d319fc355e3b7a0e8bddf85ef384bb33fcb074ba845b75723c90dfc961,prediction_columns_v1
core_seed_predictions_and_inputs.zip,predictions/core_seeds/M00_S3_PARENT_MTL_FULL_seed8417/predictions.parquet,136683,1fcfdf3f1a095171dea0cbc7584f82b3091ad3f7debd41a0691bbd92117e4cbc,83b71a0cbcc526d9d49b5d3df3130983d22a5388129c380a399ec0d568fecd91,prediction_columns_v1
core_seed_predictions_and_inputs.zip,predictions/core_seeds/M00_S3_PARENT_MTL_MOL_seed2042/predictions.parquet,128039,38c94ba21bdcd13caa1cfbcc772bf0d8757449d6f84a6c2d1c359e68f13713e3,7f73fd5f2288bf1889d8cc1d681edd6d9153931afff87d9a9aa414196c5b509e,prediction_columns_v1
core_seed_predictions_and_inputs.zip,predictions/core_seeds/M00_S3_PARENT_MTL_MOL_seed3407/predictions.parquet,128039,7ab1c78a2fa700d241124e869e92058681fe7e091e3fc09b7569a1f51fa2f312,508503690f6b4abbea83bef3bfb8bb7182aa896f7039ac10f838e90534f658be,prediction_columns_v1
core_seed_predictions_and_inputs.zip,predictions/core_seeds/M00_S3_PARENT_MTL_MOL_seed42/predictions.parquet,128088,8427dfebc02162c11d140a963951a0c13ae9af877ce96fb80653bc261fd97126,2d6fec0c1a847028da0a0500bca2a2da768477474e5116ff49e44509a1bf2a1d,prediction_columns_v1
core_seed_predictions_and_inputs.zip,predictions/core_seeds/M00_S3_PARENT_MTL_MOL_seed8417/predictions.parquet,128084,64b37ac3c6a78f69626091d2319ce7537d3950a3e6a752e103d9e0e01e15b4ea,970ec703e5caeb76e68ceb5c35e8a7bc64fa10f7223c34735eb8f740babdd3dc,prediction_columns_v1
core_seed_predictions_and_inputs.zip,predictions/core_seeds/M00_S3_PARENT_STL_FULL_seed2042/predictions.parquet,136299,7d8d272d323e0cd1702bb1179a107b6cb5006c161afa89dd939cc85fa8224e9e,7989c43986ece8e6e4a07c8811aef4918922a03033c767e647ce5a141774d762,prediction_columns_v1
core_seed_predictions_and_inputs.zip,predictions/core_seeds/M00_S3_PARENT_STL_FULL_seed3407/predictions.parquet,136306,e4f0f66242810b2b207ad735652f60b71a307cdb604939c2346b7342198021dc,dc2b62399a3c8f0570ad416f96aabbf2a9453cdca4d6a4fab0a3a066c971b2dd,prediction_columns_v1
core_seed_predictions_and_inputs.zip,predictions/core_seeds/M00_S3_PARENT_STL_FULL_seed42/predictions.parquet,136314,03c6c7d3ec8518197595ec95bf9dd81fa7c7962a63831e18037f74dd691e7ad9,7933e9c0a3b07d9ece8fbf47a6000e68908eff38776baf917efafa690e1aed6f,prediction_columns_v1
core_seed_predictions_and_inputs.zip,predictions/core_seeds/M00_S3_PARENT_STL_FULL_seed8417/predictions.parquet,136307,a53a11011327bd035ca169360e7598473e1d94fc5824f5719351cef1916527b1,b90dc0e0cb4e88e1699d1ad654017e3a16ce5786e20d4a08e298f73ead7256f1,prediction_columns_v1
core_seed_predictions_and_inputs.zip,predictions/core_seeds/M00_S3_PARENT_STL_MOL_seed2042/predictions.parquet,127654,f92a4974eb389227cb163443bda7301fa20ac87e7b9690ec58d4f062a8967f0e,d013bd62c975f29ad10dabf95c16e675276e9996177d3602bcd04a8f1ce6e96b,prediction_columns_v1
core_seed_predictions_and_inputs.zip,predictions/core_seeds/M00_S3_PARENT_STL_MOL_seed3407/predictions.parquet,127658,6d5bd976673180864b4f1837416094338c6d9d22d332fe199072ced1ea573be7,78870c0aebf1cfca92216ed0ec9bee36be85e37e452be73589dc6686350672b7,prediction_columns_v1
core_seed_predictions_and_inputs.zip,predictions/core_seeds/M00_S3_PARENT_STL_MOL_seed42/predictions.parquet,127651,128b4895610638ff6db1cea565df369872adf18de245fd9f461b297795de06cc,8cf1bbc9fde335c327c7deb22b7ffd4c432bb3c0d9ab6a02a1b9d514c359f3f3,prediction_columns_v1
core_seed_predictions_and_inputs.zip,predictions/core_seeds/M00_S3_PARENT_STL_MOL_seed8417/predictions.parquet,127654,57324b22178e9bd8d8823efe1a25c8d131d88050860f6c649b09ffaa1bd9dcf0,6dbbd88f3766c4caa28ee0cd764131425b4239b88cf5a362900ea93361119009,prediction_columns_v1
core_seed_predictions_and_inputs.zip,predictions/core_seeds/M00_S_SOURCE_MTL_FULL_seed2042/predictions.parquet,168109,56cd005c15bdf9a915bcd8b1ba3d23944b23e941d2daca892af4493e29664949,d45557821e6186b2cc8b5affabd5139622b1b1f88d6926c1d4af3323bfca530d,prediction_columns_v1
core_seed_predictions_and_inputs.zip,predictions/core_seeds/M00_S_SOURCE_MTL_FULL_seed3407/predictions.parquet,168138,9986ecf5c4c3dd44ead3adff532dcb35c7b74bceeb3eaeb450e1c7ca73adab6f,b9a36c0a3542cec13a545ebd1704028d11f11da420968326bb1b677bde8e4ef1,prediction_columns_v1
core_seed_predictions_and_inputs.zip,predictions/core_seeds/M00_S_SOURCE_MTL_FULL_seed42/predictions.parquet,168112,1aa651e6e4019d5f85730d5917b397fc620fb29b33f0af222542ee4a143b9f83,c96cbf9a202798806e8a5a675f70de9028e8987fa9d8b6ee34a01173f124cf0c,prediction_columns_v1
core_seed_predictions_and_inputs.zip,predictions/core_seeds/M00_S_SOURCE_MTL_FULL_seed8417/predictions.parquet,168060,4c1dd8c6962b0b9049822c32f81d8c1bfc2c0f81094dda245533388cd993a8e3,489701bfadb92e4f0b442a1e53d4ce4183a34493153c9082f1d5e09c914a336c,prediction_columns_v1
core_seed_predictions_and_inputs.zip,predictions/core_seeds/M00_S_SOURCE_STL_FULL_seed2042/predictions.parquet,167849,59e1573c9aec044951e05f86f76d612dda3260becf20ed06421799578614148d,6f2d26d4a1ca0794a8007575cf5f706a30f42884bb555f55aa3c1f7f29412524,prediction_columns_v1
core_seed_predictions_and_inputs.zip,predictions/core_seeds/M00_S_SOURCE_STL_FULL_seed3407/predictions.parquet,167860,baa021fe0c900336189ee42fcc009bc26dc987083da527d691a9cf51432fd10c,3a080f3bc04ba3b185a2738598b8ffc162d16be75b1511caef1a55ccdc09efb4,prediction_columns_v1
core_seed_predictions_and_inputs.zip,predictions/core_seeds/M00_S_SOURCE_STL_FULL_seed42/predictions.parquet,167843,51a9a2ed51674130d535bde40281bde7f2750aa8c3c1c54fcaf4d76a120dd573,aaf67500afe7f59f4ee604ade42a75d3ca3f425309bbc6a7819a090fc7eb563e,prediction_columns_v1
core_seed_predictions_and_inputs.zip,predictions/core_seeds/M00_S_SOURCE_STL_FULL_seed8417/predictions.parquet,167839,b773c3cf77e84689e4102b5bc13f11bb7c820338939f593bc6306b9d205b1df3,ada1bd38f5db3dfd558f37062eb5400c53c4108ccfbece8f7cf4632470d9034b,prediction_columns_v1
core_seed_predictions_and_inputs.zip,predictions/core_seeds/W00_S1_CONDITION_MTL_FULL_seed2042/predictions.parquet,3231240,d243435079722cfcebf4aa53621fa776753fe8cccda459c2353a87ac398a983d,b44acd72484e5c39430880301f6d12759384d2f9d5ea40b06d89ca7b728f2ccb,prediction_columns_v1
core_seed_predictions_and_inputs.zip,predictions/core_seeds/W00_S1_CONDITION_MTL_FULL_seed3407/predictions.parquet,3231269,0bc5f155c482169ed42b172e3b48781ffd6879bfa57565a2fd5f235fe8d4699a,cd1c5672fbab680e9356d0fc9b27aadc5b0bbcb26a996cc435688986bcf03e73,prediction_columns_v1
core_seed_predictions_and_inputs.zip,predictions/core_seeds/W00_S1_CONDITION_MTL_FULL_seed42/predictions.parquet,3231197,1cea165cf7350d6db59c89fd3a27e58dd20d7fd363e26e5568de8a13fdc3eef6,51330baf8b41cb67f85d52aab0268d1d9682e55858018d4783d15ea91f6d02f2,prediction_columns_v1
core_seed_predictions_and_inputs.zip,predictions/core_seeds/W00_S1_CONDITION_MTL_FULL_seed8417/predictions.parquet,3231278,ea54b0e590e16b8aff6d6ad1794f89223dd1bedfd29d13459c38996650c986f8,0fee3f65ace924f56b0c337527d53261036588c239068fc430dc0a82cbcdf089,prediction_columns_v1
core_seed_predictions_and_inputs.zip,predictions/core_seeds/W00_S1_CONDITION_MTL_MOL_seed2042/predictions.parquet,3128400,80f374ad5b1edcaf58bb28a73466490ed84674448f79eb74ba367bef7b3dc4f0,355790c2febb9af5950ab6cef4f5b79fb675804ffca1c3c38cc6104db19658f1,prediction_columns_v1
core_seed_predictions_and_inputs.zip,predictions/core_seeds/W00_S1_CONDITION_MTL_MOL_seed3407/predictions.parquet,3128446,2f7e188589e634972c9d06536847adf3eb790e5e9d1e9f4c6d2353f46b42f6e2,ae44ce0ecb75da1299dd0b44d52dd9da33a38bb7fe62838aec8a00759d9bc2e7,prediction_columns_v1
core_seed_predictions_and_inputs.zip,predictions/core_seeds/W00_S1_CONDITION_MTL_MOL_seed42/predictions.parquet,3128435,6c52f7659396ff0c9f1c7acb1a74492dfd4ec50bd4db3c31c7ccba35aa06491e,268cf938e13aeccc53bb490996881374468a020267c4caeaba2372da0a212ccb,prediction_columns_v1
core_seed_predictions_and_inputs.zip,predictions/core_seeds/W00_S1_CONDITION_MTL_MOL_seed8417/predictions.parquet,3128475,cf4237173d5d90bab96228332fc9a6d8048a411cefcb453e227fbf8ec1910847,636d68bfdeaaed1ad006017aab1474c84aa64f8ed3991b03130492c6c6afd226,prediction_columns_v1
core_seed_predictions_and_inputs.zip,predictions/core_seeds/W00_S1_CONDITION_STL_FULL_seed2042/predictions.parquet,3236221,c75eb7bab35e92004cd92384fc39a598fa7f6fde2c1226ca57bd17c08975567a,e825681165f90d1718ff53eb67001ab39a61bde88bdba388d163bfd174e16396,prediction_columns_v1
core_seed_predictions_and_inputs.zip,predictions/core_seeds/W00_S1_CONDITION_STL_FULL_seed3407/predictions.parquet,3236543,b334ed9c1f646a93102932ef43148132b6dbcad58c1a3f5e560af37de611e4c1,bbe796c7411dc66c5dd366ace5faa8d264ba1c7ff09ab3801b1444a066e8b09b,prediction_columns_v1
core_seed_predictions_and_inputs.zip,predictions/core_seeds/W00_S1_CONDITION_STL_FULL_seed42/predictions.parquet,3236338,7a7aa547f4ed9bc140c428e8e0de1534c19482902218863c95f966ba08f3d6c1,252b6ba0eefbbc1811afda3f9980ab1e3ca7830b70d81838656aaa67cbc84eff,prediction_columns_v1
core_seed_predictions_and_inputs.zip,predictions/core_seeds/W00_S1_CONDITION_STL_FULL_seed8417/predictions.parquet,3236430,49d4410747fb804f655c2c9931c7b2ebf9313090abebc2e05c24710ced0bad17,016c458a56565a7873941ff331c9e34762f659f710f6a41d0b62d34e067a787a,prediction_columns_v1
core_seed_predictions_and_inputs.zip,predictions/core_seeds/W00_S1_CONDITION_STL_MOL_seed2042/predictions.parquet,3134491,e7a5f103028d386cccca06a9936ba734f8ebc8f11c60a9ee89568f3ac2dfa125,e0bf9a29b936f3d45986848a97edec85c0cc1b7fec12c03b9b2dffd7f39448f6,prediction_columns_v1
core_seed_predictions_and_inputs.zip,predictions/core_seeds/W00_S1_CONDITION_STL_MOL_seed3407/predictions.parquet,3134527,cbdb5176f849a0041c56a2fa386c87f7af7c31ad62f879cfc8bd9cc3d7dee9fc,c9372d4c96fa107bed5f47650ef8b03b0934f8ae78920e936c37961c4c0564ee,prediction_columns_v1
core_seed_predictions_and_inputs.zip,predictions/core_seeds/W00_S1_CONDITION_STL_MOL_seed42/predictions.parquet,3134910,6e891b695ff7750483d1ba25f353b7441c2b40797c2cac391c8e08c55ba78198,85590ca52bebb36336510ff5040d6888e3578fbdec38719f54decd93c1711ff0,prediction_columns_v1
core_seed_predictions_and_inputs.zip,predictions/core_seeds/W00_S1_CONDITION_STL_MOL_seed8417/predictions.parquet,3135057,1b3630e23598766c19ea84e5e1a834d9cbc2f386c777748093e759097eeec29d,4bf27a2d41160cd2da482327d61f5f4fb5bc5e7feca20c09cb9298dd2b0c4813,prediction_columns_v1
core_seed_predictions_and_inputs.zip,predictions/core_seeds/W00_S2_COMBINATION_MTL_FULL_seed2042/predictions.parquet,2917947,647970497aab292b4c7b8f4477143835f59fd67ad7214a63343d6f62c120263c,b8d6d3e7ea7097faf0370759ca864a845ccf1121bd3a9c54c34e242841ed6a72,prediction_columns_v1
core_seed_predictions_and_inputs.zip,predictions/core_seeds/W00_S2_COMBINATION_MTL_FULL_seed3407/predictions.parquet,2918035,fede9f18e55bb8a8bfa07638ebd14228b1d1fc5776435300df1e75d61f5d514f,a44597dc59f53b876b0ffbd66b7609da58bbcbdf51f02b240c065e970846dff6,prediction_columns_v1
core_seed_predictions_and_inputs.zip,predictions/core_seeds/W00_S2_COMBINATION_MTL_FULL_seed42/predictions.parquet,2918073,6bc644c53a9bc60f337acc86675e2630371e21e4c8b827898c02b015bd94115a,f748f38003b0d57851d3c291de2b19efdb4d580c0d3bb68ba1a4cbe35ddd8f4a,prediction_columns_v1
core_seed_predictions_and_inputs.zip,predictions/core_seeds/W00_S2_COMBINATION_MTL_FULL_seed8417/predictions.parquet,2917996,3533c914e028c771ee43409152388d2b794f0f9194d4ea3742e86ec8f6be986c,2846eb5cfaeadb97fc6947e3fda1c56052479865005b1a9f7a5caafa4a6255e5,prediction_columns_v1
core_seed_predictions_and_inputs.zip,predictions/core_seeds/W00_S2_COMBINATION_MTL_MOL_seed2042/predictions.parquet,2805363,f31d0996f65b2790424e747ffe39542b4842a8ee57c8ee0f9d4938fed9ab6418,6ace4f3f658e3ff4be5f0f0252212ee05bf9f59426f9a762a7a677ca9a041884,prediction_columns_v1
core_seed_predictions_and_inputs.zip,predictions/core_seeds/W00_S2_COMBINATION_MTL_MOL_seed3407/predictions.parquet,2805440,e42651b18c8e76acca1ab3fe4426480a208ca795fae7b896d722286fce379e27,1e26aa9d36720738225938e3f2652cd2b17176e1e28753f5786e55961248a6f9,prediction_columns_v1
core_seed_predictions_and_inputs.zip,predictions/core_seeds/W00_S2_COMBINATION_MTL_MOL_seed42/predictions.parquet,2805489,6b527b6a8876b36eefe37539687cc1f3b5cb3aa989d579d9565d3d62c18888c1,7f9b28ba3aa494ff69060eef26fb6c956e5a3cc9f6c7faa50abf3b9b47a7c11b,prediction_columns_v1
core_seed_predictions_and_inputs.zip,predictions/core_seeds/W00_S2_COMBINATION_MTL_MOL_seed8417/predictions.parquet,2805511,74bc1351b2cd81e40182c473705fc75a4d8563d6d014ba07e1b2c0f3e5e56546,8a792d030a454d30d3e4e59b935195baecf633958bcda5bfca58596eeb430953,prediction_columns_v1
core_seed_predictions_and_inputs.zip,predictions/core_seeds/W00_S2_COMBINATION_STL_FULL_seed2042/predictions.parquet,2923025,9978b06edba570214070d6d37aa545ef9a8872155f876fab776cf7e3907c3ce3,a6e7c07a49c8e9d7e21a864c126584c111bc34b007fa641e1dbee0eb1044e1c3,prediction_columns_v1
core_seed_predictions_and_inputs.zip,predictions/core_seeds/W00_S2_COMBINATION_STL_FULL_seed3407/predictions.parquet,2923272,f57095592f5a0d48e46474455fefefe03fdb349fc1c377d02cd87bce7e34ca3a,4fac2bd628c796b849163dd61c83870059a57498cf48970edef19ce73b3bb85a,prediction_columns_v1
core_seed_predictions_and_inputs.zip,predictions/core_seeds/W00_S2_COMBINATION_STL_FULL_seed42/predictions.parquet,2922985,096e30fb75d2615a18234567968b65f0df2dbfda4eb80e714ba056d317cf8d29,bcc61172eac38b8b19d249a59aa454d27322d18f24f77ba16638ca10c7ebfa64,prediction_columns_v1
core_seed_predictions_and_inputs.zip,predictions/core_seeds/W00_S2_COMBINATION_STL_FULL_seed8417/predictions.parquet,2923261,7ac25421348eadbcc1204eb631db9de9ffae029554158eb4fa97332c587a46e5,8a7e05e46c6dd074ad45ca20795b0a1c063aa228734430de67448e4712fed74b,prediction_columns_v1
core_seed_predictions_and_inputs.zip,predictions/core_seeds/W00_S2_COMBINATION_STL_MOL_seed2042/predictions.parquet,2811313,464b953ee4baf627702a5e8b2ccb486ff8abb2887c1975727bcfd58e1409e6a8,1940348f84fd323cf2591962237b1ebf493b5918a0feafe6a1e6add691a12624,prediction_columns_v1
core_seed_predictions_and_inputs.zip,predictions/core_seeds/W00_S2_COMBINATION_STL_MOL_seed3407/predictions.parquet,2811365,2b0b53d820613b4e202ccc64a850995a34ce488d2cc7de6060021e66d0f0cdfc,418029bb71915949343459bb15fbe80f80483e326c0ae15877b2a6add4482b2a,prediction_columns_v1
core_seed_predictions_and_inputs.zip,predictions/core_seeds/W00_S2_COMBINATION_STL_MOL_seed42/predictions.parquet,2811628,8fd9f85de61a4adb9de69768d9ad722c213ec3d6e0b302cd68ec8dcb1b9ddf9a,3bb58c1a68f5a656eba0e49dd83dddb801dd1bd706fd95f12d812e6588cda83e,prediction_columns_v1
core_seed_predictions_and_inputs.zip,predictions/core_seeds/W00_S2_COMBINATION_STL_MOL_seed8417/predictions.parquet,2811510,3cece9c4453c38abe5f52d62e699786903419bc6ba571e06e3cefcc84f1a8074,43b21e640f61cd8848f53d1e37b03895615b4769f8b47ef1dff08daefe05b3ee,prediction_columns_v1
core_seed_predictions_and_inputs.zip,predictions/core_seeds/W00_S3_PARENT_MTL_FULL_seed2042/predictions.parquet,2157900,de0efe4fcc7b360d029eef76992ef2cf3e6ca792ba866e8f0c5cf2fcb0a7e7c0,f8d31cef3b0adb06d3423e989a27668cb13924fa63a054ff9830397c65730b19,prediction_columns_v1
core_seed_predictions_and_inputs.zip,predictions/core_seeds/W00_S3_PARENT_MTL_FULL_seed3407/predictions.parquet,2157899,24513dc370aafb8d039baa005c834516f4e29ba549037fe3199156e92e4d576c,179d098b288ef7ba92379bd7ea2649b9300ef097b72339c423c902571dec95f1,prediction_columns_v1
core_seed_predictions_and_inputs.zip,predictions/core_seeds/W00_S3_PARENT_MTL_FULL_seed42/predictions.parquet,2157772,e5b1bd4ff4cb24acfa4bf76dee87c5101341b5bfa21497a15338a45175e3fae4,bcd07df482c9b9093b9cbf131f036e652d79fe304ea4539e0330de13f53c5e36,prediction_columns_v1
core_seed_predictions_and_inputs.zip,predictions/core_seeds/W00_S3_PARENT_MTL_FULL_seed8417/predictions.parquet,2157832,8375821035f1f06e8fa6b375fb0c57c68a829f4b55708dba8f020b55e8c367cd,258d71016ddd3712f666593ebdc56ac730a734ba334549786fda57f1db327539,prediction_columns_v1
core_seed_predictions_and_inputs.zip,predictions/core_seeds/W00_S3_PARENT_MTL_MOL_seed2042/predictions.parquet,2008786,d79a43b3005fd377e351655cabd73b1653cbc19f698cc6c8e8f9b03b1bc02224,020e2cdfb5425015ab894e1197abb214354a954b6665c2f854d307dc8ea29e8c,prediction_columns_v1
core_seed_predictions_and_inputs.zip,predictions/core_seeds/W00_S3_PARENT_MTL_MOL_seed3407/predictions.parquet,2008799,84be03f9a1864a5dba9028bd501028f9883e5b4da8a7c4c67ee5fed4ac9c3227,d938d057a903a62a7a48194688ed3a6fff62976a6a5adaadc57001fa7864e600,prediction_columns_v1
core_seed_predictions_and_inputs.zip,predictions/core_seeds/W00_S3_PARENT_MTL_MOL_seed42/predictions.parquet,2008837,6c239c181e51076a26b27c6f25921341ec6aed422ecfc8554b572ca7434fc4e0,8bc452a27e57f5cc46f4a11d452b8d2859433fe9146ff78032495a93f61fbe53,prediction_columns_v1
core_seed_predictions_and_inputs.zip,predictions/core_seeds/W00_S3_PARENT_MTL_MOL_seed8417/predictions.parquet,2008833,07cd2a9a2929afcdc18b68b8b88e5c485befd1aebd1ade3f9555fe3a2c1e2a8a,8abdebac7b5ea126089d8f0c6271a8661d85f88192f52c52a4af0592db035ffe,prediction_columns_v1
core_seed_predictions_and_inputs.zip,predictions/core_seeds/W00_S3_PARENT_STL_FULL_seed2042/predictions.parquet,2162967,19dc0b07be7682718c3db6ff97a3937bd51addf909ebcacd33be76ab6d130853,3013c8fbdf3b273dcb703b7d0daf903c5744c8f2280f93e1088fd6d365fcbabb,prediction_columns_v1
core_seed_predictions_and_inputs.zip,predictions/core_seeds/W00_S3_PARENT_STL_FULL_seed3407/predictions.parquet,2163248,fa3d8dc3188fc3a15accc3f743453fd4267efb318d458101a735cab9fde5c791,beb3f5d3f9503577ef180b33f074afb123ec6009051acac5e110d18c4f344e7a,prediction_columns_v1
core_seed_predictions_and_inputs.zip,predictions/core_seeds/W00_S3_PARENT_STL_FULL_seed42/predictions.parquet,2163195,cb92604ca3d4e8256c785c9a4d0139f7023a77d2838c1a781418e3a99bf9cb64,89bdbab05808079dc5001976239121265b2625ecd696f83a022b13c85dcd7d75,prediction_columns_v1
core_seed_predictions_and_inputs.zip,predictions/core_seeds/W00_S3_PARENT_STL_FULL_seed8417/predictions.parquet,2163044,02210f9d20240534fafb39c65afdd7a96c49d49ebd7738963b3e5b5603d720e2,0b81b227b5e0867adfd521436beb8f87d985563b7f0dbdaa7bc527418c289bb9,prediction_columns_v1
core_seed_predictions_and_inputs.zip,predictions/core_seeds/W00_S3_PARENT_STL_MOL_seed2042/predictions.parquet,2013332,7e22b934c59ed0aa6ccd5b7b162b80a12a524d30cba003cc530e471f285334a7,6c84daec91ca9807fb5dfa2f8cb38c25439b2747536bf91cc66b0e6679ce10b6,prediction_columns_v1
core_seed_predictions_and_inputs.zip,predictions/core_seeds/W00_S3_PARENT_STL_MOL_seed3407/predictions.parquet,2013506,87edda7e307c7c6ca2775869295da852a652b6b0a3e64093e16b1f422d1217e6,e8f323f35ba730bf4108a8f1b86fd40c12e738b4ceda9c7c080e2ac3543738a6,prediction_columns_v1
core_seed_predictions_and_inputs.zip,predictions/core_seeds/W00_S3_PARENT_STL_MOL_seed42/predictions.parquet,2013365,1f9209f981fd39ea53e4276fb1e2022bc8defb086ca0f4b3501085761366d8fc,9cdbc362ed40e20ef30e36a6697ca114aacb9d7860612d20d5a80010220949d9,prediction_columns_v1
core_seed_predictions_and_inputs.zip,predictions/core_seeds/W00_S3_PARENT_STL_MOL_seed8417/predictions.parquet,2013249,e2b2bc64cd0db04ea3af72fd3ea8d57ae8bee724f3cb2920e383fa0ee5847144,c2f6ec12a2c627f72f32f7d8de4c65c7ed748e8738972bb2a4d43f9e41de8006,prediction_columns_v1
core_seed_predictions_and_inputs.zip,predictions/core_seeds/W00_S_SOURCE_MTL_FULL_seed2042/predictions.parquet,2685167,0b62b9b1f810f80f3c1ebf752db5184065f9b5144699512632e77cc66de03d10,ff87af134ebf338a35e6a45856bb8fa9345e638ba7b18f9fe4e419d3a6c3a7e4,prediction_columns_v1
core_seed_predictions_and_inputs.zip,predictions/core_seeds/W00_S_SOURCE_MTL_FULL_seed3407/predictions.parquet,2685185,e8a6adcde330f5c6653b08b37a4c8ee0fb67236310bad338231945c47382a12f,79496ce6f315008f2816e62e11be92cf4da19d9f71d5414bc4a2b652507e6847,prediction_columns_v1
core_seed_predictions_and_inputs.zip,predictions/core_seeds/W00_S_SOURCE_MTL_FULL_seed42/predictions.parquet,2685211,8916edd3cb537279a41f987642994c2bf5131c62893c2865ba42ddd6a8a4682b,6231f0b7c2383ecabc26f08a7a1298924f0464918094bf2c79abe7f2f56903df,prediction_columns_v1
core_seed_predictions_and_inputs.zip,predictions/core_seeds/W00_S_SOURCE_MTL_FULL_seed8417/predictions.parquet,2685226,6df3ecca9df53464c90afe92d38515dd992ca067716538be294b305243d79d57,7ba716489443c378da9728b8511a1e8b229b65897a5ff7ef5894387aa254de28,prediction_columns_v1
core_seed_predictions_and_inputs.zip,predictions/core_seeds/W00_S_SOURCE_STL_FULL_seed2042/predictions.parquet,2689944,c465143756cc3d8d21ba96d4d8df54ba391f170c9fd7b146458449dec08e9f73,8c57d620361dbe05e7f2de92b99373e9cfa7ef48514207d921d149063f2bca6e,prediction_columns_v1
core_seed_predictions_and_inputs.zip,predictions/core_seeds/W00_S_SOURCE_STL_FULL_seed3407/predictions.parquet,2689618,f129d4533e61a5a75322e0fb84e1c9e9c070147096966d984eb9353e8a8a5138,a5ad8c8f8957400b684d02e7bbc971c3c122100665b7352c6cd0b7c62590c485,prediction_columns_v1
core_seed_predictions_and_inputs.zip,predictions/core_seeds/W00_S_SOURCE_STL_FULL_seed42/predictions.parquet,2689793,053221b09b45f5058884bf3787efd729181e60139b922cea596b4e4c75460639,6201ce54b4fa884a939ea0c35aabb9a511ca454a93c14c1fec822efb5cf71b3f,prediction_columns_v1
core_seed_predictions_and_inputs.zip,predictions/core_seeds/W00_S_SOURCE_STL_FULL_seed8417/predictions.parquet,2689764,848ada5bc87272c82aa32e4da68e93b5d3dd51941d9015c50c09e1dc9fd81957,059529b6e4cec15672badc286cf327f08c659839e1af333c188b10a3400c6e9d,prediction_columns_v1
core_ensemble_predictions.zip,predictions/core_ensembles/M00_S1_CONDITION_MTL_FULL/predictions.parquet,123149,76e8ff8a6e2af1dbdc5763c706762662c450a2510f69161bde8dca7e48c0ae64,588641636d5bb5eabdef84a36752f9aedf9b04761b67a1ecfb53ab78db73bdda,prediction_columns_v1
core_ensemble_predictions.zip,predictions/core_ensembles/M00_S1_CONDITION_MTL_MOL/predictions.parquet,118830,511d06b40440a2af98edc53b5640d2180fed1a4e96900b139407532cd4512f59,d6018f5c7f55076dfa665982c51103b882c631f6cc8dad7b69a7ba6236812ef2,prediction_columns_v1
core_ensemble_predictions.zip,predictions/core_ensembles/M00_S1_CONDITION_STL_FULL/predictions.parquet,122733,f3b1997e60f0385197b0e6ef2d45d159c4b68a2f3c8c37f23b5b6ecf4bf45639,563029860dd33b0c8f26738beb25ab7c5b3c5d7161ecf3f6123cfee408d146dc,prediction_columns_v1
core_ensemble_predictions.zip,predictions/core_ensembles/M00_S1_CONDITION_STL_MOL/predictions.parquet,117986,85d061e710febe1d850bc8392ddd591d7ddaf2e20f9d8dc44cac04b457531cc8,65d7cf178a769fe21a43e76943526c41411bd9356fe1b8ad6b620722a65d5df3,prediction_columns_v1
core_ensemble_predictions.zip,predictions/core_ensembles/M00_S2_COMBINATION_MTL_FULL/predictions.parquet,122856,6d398ef585b032ad116460c163b0cb05763ac4a9f940b8ba1093caece7947408,8323ecea96f57b53f9e2c4a6f5a9dabce8041346cd327b74f09b6fd0756bf6c2,prediction_columns_v1
core_ensemble_predictions.zip,predictions/core_ensembles/M00_S2_COMBINATION_MTL_MOL/predictions.parquet,117308,28b165bb6c83e4fd18c3aebd3d87fe1d419c57cb6102a8b73c2f0f9dcb211039,06e25d0eb13058485f94356e5cb3eca3d18852be12ce72d5d0c21db63aa3f383,prediction_columns_v1
core_ensemble_predictions.zip,predictions/core_ensembles/M00_S2_COMBINATION_STL_FULL/predictions.parquet,122452,efc2408cc5269f1bc6eb04a3285a5fd4a251254e412d704d4546e7fa896e0215,c293efb93087a079a4692165759f60443aefb46303f87e3c8fb6e553e8551426,prediction_columns_v1
core_ensemble_predictions.zip,predictions/core_ensembles/M00_S2_COMBINATION_STL_MOL/predictions.parquet,116722,bd7ad872e54f4f20819758d0a2bdbee322114ba26bd01891829ff3de59f8b29d,dbbcbb73d21fa1da5372d674ee88c50ebc28121a80c6b016d4cd4bc4217032d1,prediction_columns_v1
core_ensemble_predictions.zip,predictions/core_ensembles/M00_S3_PARENT_MTL_FULL/predictions.parquet,115946,d4bf227b539b95671160c8a6e48b0d12f9c09c88319d390dac03ee86fb5a52aa,e53775ed7fef0bac64707ebeabaed1eaeeedb2aef3191201290b25fde7d16efa,prediction_columns_v1
core_ensemble_predictions.zip,predictions/core_ensembles/M00_S3_PARENT_MTL_MOL/predictions.parquet,107408,98ad446d64ae5d00720594e9d25ec5f3336ab7286824001643285c4031a87dc6,1c4dc973482e36f108cea096967b095b635eb562213080d2a33532534da9564e,prediction_columns_v1
core_ensemble_predictions.zip,predictions/core_ensembles/M00_S3_PARENT_STL_FULL/predictions.parquet,115480,8b1ffb7ef9608aeaa2ffb181cd34eca0cf57d2d07c6230aaa8dbcc0fa2088158,8bf677def0f7d24d53f60f24c74014151801c6543db2ef6899538d57bbf9dce0,prediction_columns_v1
core_ensemble_predictions.zip,predictions/core_ensembles/M00_S3_PARENT_STL_MOL/predictions.parquet,106824,6edeb52cc51d0c56bb57f656981bfefae6b30d16fa7ca934ba69f80b3d7e7a85,982afa25e53705765d8091f59d2e795c964711eccff0c6c5b61f0ab829922bd3,prediction_columns_v1
core_ensemble_predictions.zip,predictions/core_ensembles/M00_S_SOURCE_MTL_FULL/predictions.parquet,121332,a90f5700d8d8810dd98d87230183e3527ecb2ea1484fdb717b58b67fb5f468c6,e545a7583abff1d9da5f1cf7afe223e2bf6c87675233a96888d022b1f12844cd,prediction_columns_v1
core_ensemble_predictions.zip,predictions/core_ensembles/M00_S_SOURCE_STL_FULL/predictions.parquet,120996,40cc97876f629f189d62ae09c698c4b8f1303b86a2ccbb06960e51c12e8f6b7a,1963cc79535b773a3d49c0b4fc62dbd34bf4c7a50f9deca64da046b101e8031b,prediction_columns_v1
core_ensemble_predictions.zip,predictions/core_ensembles/W00_S1_CONDITION_MTL_FULL/predictions.parquet,2028080,c53732979483c519366708a78817602830de9759c08758558ce20f920d9dc7ba,1582f033ad0d4f502de7a470f529057062f79babea3a8dcebd0c8bd02a387c9b,prediction_columns_v1
core_ensemble_predictions.zip,predictions/core_ensembles/W00_S1_CONDITION_MTL_MOL/predictions.parquet,1925347,3ea17321440d32f9157aca75fb713748348eb93fdc374107849bcbe5bd5554a6,b232ae68a63709ddd34439cb3796d1107b5cfb0e373031f8b41e8a93de77ee07,prediction_columns_v1
core_ensemble_predictions.zip,predictions/core_ensembles/W00_S1_CONDITION_STL_FULL/predictions.parquet,2035240,354c5675115b11d066ac9249f1a22699ad8a58a0885dbb3bafe63aa70ee6d72f,65a337e7ff2470c12e0d8c57a2f79415ff1a56db39220f7b3e2c8dee2afa17e6,prediction_columns_v1
core_ensemble_predictions.zip,predictions/core_ensembles/W00_S1_CONDITION_STL_MOL/predictions.parquet,1934532,861d91f260c05e5c6a75cf30afd08e31bfa12d28cbeaf8b051aeb1bca366b01e,02c291b016615a17577d5ef3aa16b32bb725dbcdfad0d6bb4f3342fbbec488b4,prediction_columns_v1
core_ensemble_predictions.zip,predictions/core_ensembles/W00_S2_COMBINATION_MTL_FULL/predictions.parquet,2024567,95feee8a0e898811a8760e7905171452a44f9cbcb0eee476f8d9b324fd9aeb69,a02372727054d8715d1759faa8298f173005e7f3f75e1aa9afeab4efb7b16bbe,prediction_columns_v1
core_ensemble_predictions.zip,predictions/core_ensembles/W00_S2_COMBINATION_MTL_MOL/predictions.parquet,1912081,1b076ec0d921a4f38d68d925e5ad3d971d4f527988c8bfe72d424fc644ca30ed,e36b4fb92bb9ff14e2e2b04f70e891940efb68f361d721a5951086686f484f23,prediction_columns_v1
core_ensemble_predictions.zip,predictions/core_ensembles/W00_S2_COMBINATION_STL_FULL/predictions.parquet,2031854,5d13be30c2186427d2f372ab0d273135940fbb3a8d0ecdab426f81291a228bec,6840790013b131a386dd90be60b541b31364bb7952a53aec9ec1985e60aff0b7,prediction_columns_v1
core_ensemble_predictions.zip,predictions/core_ensembles/W00_S2_COMBINATION_STL_MOL/predictions.parquet,1920854,83ee072fa3b00518b4368e2c44bd1977ca687e186614c364274d5afbcb8a2bbc,b01ffd893048a9f54f7cf4e1166cc61c9781d3552ca883db9385bc94aacb6c11,prediction_columns_v1
core_ensemble_predictions.zip,predictions/core_ensembles/W00_S3_PARENT_MTL_FULL/predictions.parquet,1935254,f55db0c47207d3702e357492aa3a8e4e5e3649e0fddb31968dc279267eec89b7,0a73b1fb0a2ab582c8e23c373247b418ffeed363305667f6e7afe48eafd03b74,prediction_columns_v1
core_ensemble_predictions.zip,predictions/core_ensembles/W00_S3_PARENT_MTL_MOL/predictions.parquet,1786337,7e688f412918985e80f30c69449dc28d4d76315e5551e11be36fcf99c486c43e,5e656dc7075572da189cbeaafa8ca6176d3743a83105bb1b5b76a3bacd2db835,prediction_columns_v1
core_ensemble_predictions.zip,predictions/core_ensembles/W00_S3_PARENT_STL_FULL/predictions.parquet,1942554,6fd1d4cfda09794a7ba135071a670a1deaedbd6a65d8ca4b26a6dc216f72e1cc,7185f567c33383cf2552d37c10089e54006d263a81eda70d274baf3cb56793ee,prediction_columns_v1
core_ensemble_predictions.zip,predictions/core_ensembles/W00_S3_PARENT_STL_MOL/predictions.parquet,1793115,d9afb6f2fd51818be4f78a5b5e781b8526b3016603bc82a7a84e3d63e8ccdd58,2918281feaa78676d81b3565461f6c0473d23001c90cc50234687a3fc29c53fc,prediction_columns_v1
core_ensemble_predictions.zip,predictions/core_ensembles/W00_S_SOURCE_MTL_FULL/predictions.parquet,2013784,47ac85da3e963d2eac3e94e50f6fd82712f56f5628a6e997b868d71b5a149f87,2a72d4ee987e597157b6f7447fb8fae303fda5636a1dec2b367c7de3403f229b,prediction_columns_v1
core_ensemble_predictions.zip,predictions/core_ensembles/W00_S_SOURCE_STL_FULL/predictions.parquet,2020292,4a7441c0201ec865504dca597bb190067c55874880ceb52e3ee124a5627b4b63,88f211b9191896b4afa70fcc42c45ffa2079afc9242a3df7276e0b8bdad7848d,prediction_columns_v1
e11_bootstrap_draws.zip,predictions/E11/parent_bootstrap_draws.parquet,1059716,0b143d16f90b99b7bf560aeb12f34591bc5843ceb8c201d655bbb9ecb36bcd41,0b143d16f90b99b7bf560aeb12f34591bc5843ceb8c201d655bbb9ecb36bcd41,none
e11_predictions_0_7.zip,predictions/E11/04522bafdfd0a7840aa7508a_ensemble/predictions.parquet,134333,169571570ce9e365932091188b00e8a5e6db86bd2e89d83cc31fc4c959302907,92d23ce8157deb7707179ebcbd9c8fba861731fa592a79728fba8f0ef7da3d6d,prediction_columns_v1
e11_predictions_0_7.zip,predictions/E11/04522bafdfd0a7840aa7508a_seed42/predictions.parquet,134333,169571570ce9e365932091188b00e8a5e6db86bd2e89d83cc31fc4c959302907,92d23ce8157deb7707179ebcbd9c8fba861731fa592a79728fba8f0ef7da3d6d,prediction_columns_v1
e11_predictions_0_7.zip,predictions/E11/093ecd8125bd2bf8c14e584e_ensemble/predictions.parquet,3573373,b6362a0826e74627d9a3339bdc02f46f3d91289272b2bd7c602a3bab0e9a17cd,0f37b5be13f8f2159218fdb2e43308fb25f51b190b1ab2baf5c16b1ff2a93c16,prediction_columns_v1
e11_predictions_0_7.zip,predictions/E11/093ecd8125bd2bf8c14e584e_seed2042/predictions.parquet,3173351,70feb8158d0370e781e3b0c029fec87835cf6bffe74ff3ca0a13bb064b810f82,03bc6991ddf313fa47f02f0b896936bba9ed127243d2c7deef2715f7bc7842d0,prediction_columns_v1
e11_predictions_0_7.zip,predictions/E11/093ecd8125bd2bf8c14e584e_seed3407/predictions.parquet,3173387,9a786a3a2e4efe3b1b403505460c595e8ea51eb58cffbf67268537bd59442361,d8508d87a0b6bc1399efa74d4818547e5dc3cc8838a6b7808436cc93a5572483,prediction_columns_v1
e11_predictions_0_7.zip,predictions/E11/093ecd8125bd2bf8c14e584e_seed42/predictions.parquet,3173247,a02aaaff0c6c293b9983ae49044ea9a9eb4221063d1e18b56403f466f4e886b3,81c6a5bd5991e010662378bc682b91b9689d9a55bf7c0d29a9f56bcf3363dabf,prediction_columns_v1
e11_predictions_0_7.zip,predictions/E11/093ecd8125bd2bf8c14e584e_seed8417/predictions.parquet,3173273,9a6701a84d1fdf4fb501a57c759e5c09d54d2660ff8c695cf1bece2170035db7,793e926e8184cad5bf0a062778f428215243dddcf61fc553a2c622b903c9bda7,prediction_columns_v1
e11_predictions_0_7.zip,predictions/E11/0fe5372d420c7b088fa701a0_ensemble/predictions.parquet,245449,d1b31ec1be64d14ac9be2d3851e318bf0bb7433e0aaa8b54cea18993af27166d,3f153394664d7947771a0d397afafefdfcb22d3eeaa8aa53a87e03d1bf46d3e6,prediction_columns_v1
e11_predictions_0_7.zip,predictions/E11/0fe5372d420c7b088fa701a0_seed2042/predictions.parquet,182789,1a52d71cae61c237eb551e61bb384c58843d320972325178d5953bb78974e1d8,34b36aead51be3df522e3a3e6b0c2900b928a89b28a721ce1825b903c0b52c62,prediction_columns_v1
e11_predictions_0_7.zip,predictions/E11/0fe5372d420c7b088fa701a0_seed3407/predictions.parquet,182816,e64621cc9a3fb82ff2156c2d2abb19beb96dbcf320c8d1f53951367cf74a87ac,40302dc82e4daf97378b885dfc296ce0482b11f0da550f1deec8c170744f681e,prediction_columns_v1
e11_predictions_0_7.zip,predictions/E11/0fe5372d420c7b088fa701a0_seed42/predictions.parquet,182835,c906460d66454abcaa5ee374da233ccb2328950518169977b5fdeb209eeefac6,6954a42a828448b6b5c4473db3d57ac0503700883900ff33b943c3e5301baabd,prediction_columns_v1
e11_predictions_0_7.zip,predictions/E11/0fe5372d420c7b088fa701a0_seed8417/predictions.parquet,182814,802c016a17ccf8b43ff28d788c2b86774af6cfac38c1374e0559de55325569b5,2ea314c19c3414d00eef3af0bdaad3ac9f06e0ff8fb89f9764222ab0fbdc56ca,prediction_columns_v1
e11_predictions_0_7.zip,predictions/E11/19487189af61ae7219fb8133_ensemble/predictions.parquet,3577487,ef93065153ef832d5259be9df855a288c6fa9cd4b8b119506a31e1a516e3bb79,42f8e9de1f8c4333ab6e6f2b0eba27cc8c982e3794d0c6dec528741a6ec2b437,prediction_columns_v1
e11_predictions_0_7.zip,predictions/E11/19487189af61ae7219fb8133_seed2042/predictions.parquet,3118521,8fd0e028bad6180ca805813094d4edcd731f77a46ef4606a15551d472e91c2c2,1a657470d8aa971da1b4d302671a7c37eabbe0506c89fc89ac8d932b05e55ef3,prediction_columns_v1
e11_predictions_0_7.zip,predictions/E11/19487189af61ae7219fb8133_seed3407/predictions.parquet,3118461,7b11515448e0b55d520230789b06028ffe889836bb51c48620b6cb4a71e9449d,5cbb8f1c0961cf5e615d671dead4e9252859930b58e023940ead223f83a7eed9,prediction_columns_v1
e11_predictions_0_7.zip,predictions/E11/19487189af61ae7219fb8133_seed42/predictions.parquet,3118374,fe13679c227ecced8cc8b254143c472d980ac34ac1eb29e1bfc34911d31977c4,de8dcfa5c6730171e14f3b23bface5387e7a460531c3ee345dcc03bf2dbc5750,prediction_columns_v1
e11_predictions_0_7.zip,predictions/E11/19487189af61ae7219fb8133_seed8417/predictions.parquet,3118269,a9ebb299683c60147c9d69705425d6c2e7f4f09cf7f72161115e89cb2988e2fb,7880b97295f9660aa8c8f38efd963511c319fab88bf73b9bb8bbff6d4a0e1468,prediction_columns_v1
e11_predictions_0_7.zip,predictions/E11/1d755e47596fecd93332667f_ensemble/predictions.parquet,2746463,0e3218de0a31e9fe603d0b7096e82ba5c657bf34181dd806e9a0c14e60571437,2b03707e4291ba9b4bc58e518c1cbcde36e7d89c98e8af3c8ca0d9781827fb2e,prediction_columns_v1
e11_predictions_0_7.zip,predictions/E11/1d755e47596fecd93332667f_seed2042/predictions.parquet,2092248,2994aec19439a6992a531676e3e1549c87e6520740ffd42f52855a4335f32659,9fddfde9e067e68b84df49338c3871a5ea00f5442fc5344745ff213aa5855fe2,prediction_columns_v1
e11_predictions_0_7.zip,predictions/E11/1d755e47596fecd93332667f_seed3407/predictions.parquet,2091387,445d0968053091ee2c6105d96e92dbe1c7ec937c6567321ce8faa0d0838ecf88,77259a54065ec3214e56a4cfc4e31432d1443c5b4df4dc18b23d48d69dbe0604,prediction_columns_v1
e11_predictions_0_7.zip,predictions/E11/1d755e47596fecd93332667f_seed42/predictions.parquet,2093172,bd9171fa9c9b18eb28905a69a75355eeffc8e7d0fded1ce9745109aa3efc7f2a,ce5d6bf51403bf0af01bece9692b8b3ddf6b6521a304f96ca0506784ecb97009,prediction_columns_v1
e11_predictions_0_7.zip,predictions/E11/1d755e47596fecd93332667f_seed8417/predictions.parquet,2089811,24e3a227b0d6cc5f852138e5ac4de23d6bc5550aa3e9dc5835c2afd0f45709b8,02718b2dd9b1b208ada7f70f812ab171659a0225364f02ab604f0cdd448edd9d,prediction_columns_v1
e11_predictions_0_7.zip,predictions/E11/1dc6a1831f7609ef514c3a3d_ensemble/predictions.parquet,2694019,b53d765e1453f35353aee6df1a6db22f459500846b3dbc913dff1df3f5d19fe6,aefb3d48f8a4a834961629058f4ac0f02c3ea16163fa1b1f30cfac0e0d5bb2eb,prediction_columns_v1
e11_predictions_0_7.zip,predictions/E11/1dc6a1831f7609ef514c3a3d_seed2042/predictions.parquet,2130711,9b4a179817b0be83ab16cdc189e72a39aa6a91a87853552ffbfdb842881c712c,564e78339a9b43857705d0ce61c2c4fee6bc164198357352a354bb05fca943c7,prediction_columns_v1
e11_predictions_0_7.zip,predictions/E11/1dc6a1831f7609ef514c3a3d_seed3407/predictions.parquet,2130701,148a0d9014df6af70564de98495e121041752c69cde8c0f85c7610e9725f9caa,81e18a4a460a2a3b154777b2f5b76cead6d33fd270abfb63b893bccff71572b3,prediction_columns_v1
e11_predictions_0_7.zip,predictions/E11/1dc6a1831f7609ef514c3a3d_seed42/predictions.parquet,2130664,5e4236a8393678299367a40a19afd679ae7f758a2d15a905ed112053e56a1fa5,94402da8f08fa243dc691ef509eef7357b3bbd785c7a8a67988641f2d30c239a,prediction_columns_v1
e11_predictions_0_7.zip,predictions/E11/1dc6a1831f7609ef514c3a3d_seed8417/predictions.parquet,2130586,7ced03f89c849513a96181107b60e78750d00c8dee8ec8b7b66547ac52fa0d22,c2145cebbdd1b25d0447bbc7ee957faa9d3cc0ba14c400aed5069868a4423745,prediction_columns_v1
e11_predictions_0_7.zip,predictions/E11/2672552193ba0da39762a2ca_ensemble/predictions.parquet,207535,e8db71ad408ff171ba4fa4f6b1d106e8d6b24e5c5bfc241bad8293efc90fba8d,2c3d6ca924aa5202bf5c7753bdc0370d55ea5d241abb24c24c25c18db89bcccf,prediction_columns_v1
e11_predictions_0_7.zip,predictions/E11/2672552193ba0da39762a2ca_seed2042/predictions.parquet,188357,354f2fd621d74c73c274c2e9d39e024a45aa02b6c69592bbd012a2474718a652,ab355b0d4a405cad040f924bd59d2b00bd581d441ffc2dae885db866d73143e7,prediction_columns_v1
e11_predictions_0_7.zip,predictions/E11/2672552193ba0da39762a2ca_seed3407/predictions.parquet,188350,44f106de58ae520a710b6eafb8d2f47243937b0de216c8443271227d4e20be6f,f6180a5883b77e23e7df1632e9fedefad2bf4403d726fe1ecd31c1554f29d70b,prediction_columns_v1
e11_predictions_0_7.zip,predictions/E11/2672552193ba0da39762a2ca_seed42/predictions.parquet,188344,d425a782e0aa4c918f4e0aca59f35ca91be94463016e9132c83a5634cfa940c3,6271874dce1f8bbaed4e04d9f446ba508d9c5c9aa210a6f78cab25523846bb5a,prediction_columns_v1
e11_predictions_0_7.zip,predictions/E11/2672552193ba0da39762a2ca_seed8417/predictions.parquet,188328,fa316c94181c85ebf73f30329c2482cfa9873980b3601bbc9c21792acc5bf58a,e89ef35d6722d784f2ae27ed62f7ad44c9d4b382759446c0ad90bb670ee54fd9,prediction_columns_v1
e11_predictions_0_7.zip,predictions/E11/2dac469fe83a2b240fb8c53c_ensemble/predictions.parquet,230351,098c2952ac1adc6bee1cf9723bd9503fd6ed925757dee48e33063013f935c483,fa1f46bc9998db07371cf84b545b112be4a4080a59def5e6b0f773bcad32e62e,prediction_columns_v1
e11_predictions_0_7.zip,predictions/E11/2dac469fe83a2b240fb8c53c_seed2042/predictions.parquet,187387,3e3cf0f69726cc9d9c5d408931c2d44b099cbf9c4a2614e50a67c83c911db1d0,3aaa83ab8f07863fabd3ecba535418b8b192b8abbbc1567d51fa4d168b0acdb5,prediction_columns_v1
e11_predictions_0_7.zip,predictions/E11/2dac469fe83a2b240fb8c53c_seed3407/predictions.parquet,187303,dfbee456586cbb7a69fe59497a4fc3e11f287e517c9d70f84291b63ad0e088bc,233e2c74d65e110dc2eeec7d582a38be3497b32b5b178665fd8f6b16afab4b6a,prediction_columns_v1
e11_predictions_0_7.zip,predictions/E11/2dac469fe83a2b240fb8c53c_seed42/predictions.parquet,187203,fb7dd005485be33c8c8be4d0980ef81d5e1b4bf078660d557596fe88741625d9,8f26d06b5cd96817cab94f8ecc2a81f34832d43a959049fb488fb75d0fc62f1e,prediction_columns_v1
e11_predictions_0_7.zip,predictions/E11/2dac469fe83a2b240fb8c53c_seed8417/predictions.parquet,187442,e27f55ab173b59fcbbdbac02b3d91d15db6fd33c6b545ec35ce8810a5ee208c3,f841cb8fe8132095c3e0259d79d040cdf8402f79cc15c68d22723ef4143b6a16,prediction_columns_v1
e11_predictions_0_7.zip,predictions/E11/2eb5993dbc311409a2b953de_ensemble/predictions.parquet,3449508,3d4a007b1a9fc9cd0094722c21e50668de82d8351f02684fc2c8a563e46c50b7,36c9a117b42e10826af53367a11ea3be9b57ef4dc125f61eb66272cc675e7a9e,prediction_columns_v1
e11_predictions_0_7.zip,predictions/E11/2eb5993dbc311409a2b953de_seed2042/predictions.parquet,2897026,33f3e6c700535acd1d1f6ec70f370cd1d5b878f7ab56bfdb77c5e078f0040ad0,1419d8086202f0da33f475376d9a79a9cebd305815cd5fcce35d538cda2b3d7e,prediction_columns_v1
e11_predictions_0_7.zip,predictions/E11/2eb5993dbc311409a2b953de_seed3407/predictions.parquet,2896875,9d706c40c8bb104a3511cee4bf0cb2f4890a1292d80669de64b5c83d0ceba3f6,440a68db86aa103ee91c60dee0f8300af2006ad72bcf1fcc6b8ecf322498d89e,prediction_columns_v1
e11_predictions_0_7.zip,predictions/E11/2eb5993dbc311409a2b953de_seed42/predictions.parquet,2896949,6ff1482fcab1eb825cdced80346c5ac223a1f4c4203981d783e4108de9011ec4,4424b80fcd6c6964844ccbbe295c6642c12895a7d41be30904f0f7e811611b28,prediction_columns_v1
e11_predictions_0_7.zip,predictions/E11/2eb5993dbc311409a2b953de_seed8417/predictions.parquet,2896929,c38a8c2ec40c4738f091c611ea7ae48d66b6992292dce4894adc6660ae970443,ef620c353a41eaef6d976579037574981cf9b03e5ea2bcf4fea89cb00238afe1,prediction_columns_v1
e11_predictions_0_7.zip,predictions/E11/3015665fb44c00188588b30f_ensemble/predictions.parquet,208908,244cec3967a82bc2bd8683c5dfa3a64c39127e684fc1da6c3d3a2fb938ff004f,524e0f4f2af743af6473342558661616cc94ffd7b87f31b51ac2f93536947f60,prediction_columns_v1
e11_predictions_0_7.zip,predictions/E11/3015665fb44c00188588b30f_seed2042/predictions.parquet,180949,5868ace55d15f5b05198cae4efdd93739e91cb3d10a5ca5e2de78af67b1a8170,bc21c7fdcf844c71bf92110ba2ebcab04e05b33864a29b3d22283421876c6694,prediction_columns_v1
e11_predictions_0_7.zip,predictions/E11/3015665fb44c00188588b30f_seed3407/predictions.parquet,180940,325710c60bdfe1bf59fae40fb09aa972598a87631eb86f113a6421b542c7185b,c000a487b2c8b5639c05e6cb043497bdbef2ae2e75cc460e936a24efb447fcef,prediction_columns_v1
e11_predictions_0_7.zip,predictions/E11/3015665fb44c00188588b30f_seed42/predictions.parquet,180948,55c24b0c109269c23885adb3b44e2cf333e57914b4c75c66c1ccab887a8deaa3,8415f4ff9d86ef90efa3eca8406ca0f44ada58382532237180950ff7ac3a7081,prediction_columns_v1
e11_predictions_0_7.zip,predictions/E11/3015665fb44c00188588b30f_seed8417/predictions.parquet,180956,a04df93d6f4d870e312aa24247f119a7a029fe95d788c7c2f1bfcaf980b0ee4b,949be0e92b0b051d5d3573a544a8a739560893a466c8d216108079f6a9c10591,prediction_columns_v1
e11_predictions_0_7.zip,predictions/E11/31c2540c7ec68a32414428c7_ensemble/predictions.parquet,4260886,1c42dce244a436060ec419d1cbe5c2f4a969846a02c1a18eefdd97eff82a3bff,01b8888241052fc5e7f2a60bb65e720f02b7981ab5cc723f65b126466167ac68,prediction_columns_v1
e11_predictions_0_7.zip,predictions/E11/31c2540c7ec68a32414428c7_seed2042/predictions.parquet,3255120,f5000b4476ee91104648e7a4a9b37f465a5b28765dcaba9630a808c975197ecc,79ef760f74f8054f87062d0e96b73c9326e0c9fb71e61f795062f20c03cf1a58,prediction_columns_v1
e11_predictions_0_7.zip,predictions/E11/31c2540c7ec68a32414428c7_seed3407/predictions.parquet,3255192,7ef70f5be47e5726e2708add0d56a77427f5d2ae44f4ebc742033ef0ea415ce0,71f87c092640159f85059766c3ffd00b6d0b8f482dd96ad982b47bd759259f47,prediction_columns_v1
e11_predictions_0_7.zip,predictions/E11/31c2540c7ec68a32414428c7_seed42/predictions.parquet,3255159,fbe168a44f40fd95e3c1650cc8c112ffd6b7471bbcf50ddb103aaea9cbb1cca9,683dd2b92f4c0c04a56edfbc80098fbef0cccf6dcaa43707024b67b2ed580db9,prediction_columns_v1
e11_predictions_0_7.zip,predictions/E11/31c2540c7ec68a32414428c7_seed8417/predictions.parquet,3254925,82332b867664c9d2db4fe495c1513e5acccc83242af86f3485dee377f6859535,a7f15df9e28ca0ab69db81672d1b7b6d55b427d059398872155e9d00cb9423ed,prediction_columns_v1
e11_predictions_0_7.zip,predictions/E11/32a0d959f6716fa108594930_ensemble/predictions.parquet,155471,76b3afe97b7ea3562d2f2df2977200cf057a9ca9ec8221a1d3ef91dbac1f2b1c,042f44591ada5f4791ec7153709b54031f5e8716d881d52a2322bed12d30cf41,prediction_columns_v1
e11_predictions_0_7.zip,predictions/E11/32a0d959f6716fa108594930_seed2042/predictions.parquet,128118,65714932f7fcf8b63e0de3974d7256a4b6616b215a55a4f3fb49d63f961eb009,4dc6788939c8be3537f490b4bb38d33f19d9a24236ef7bdcc65d30edaeba0e73,prediction_columns_v1
e11_predictions_0_7.zip,predictions/E11/32a0d959f6716fa108594930_seed3407/predictions.parquet,128160,b41ffe1f1b6dcc25b3c1eacbccbfb472b74529ee43e5005a73049eb4da673cf3,8bc20b0f547585f9b5f404d7d7a1c703cec4c6b4418fa593524d3bf56790aff6,prediction_columns_v1
e11_predictions_0_7.zip,predictions/E11/32a0d959f6716fa108594930_seed42/predictions.parquet,128251,2fac7c3a63f60e85becb9ea21fcd10ec91a872cc03279f69005e3737a9cf23c6,a54de7135c0c98933d50c3a3db630b9261f4b30265602084aadd86a942619ff4,prediction_columns_v1
e11_predictions_0_7.zip,predictions/E11/32a0d959f6716fa108594930_seed8417/predictions.parquet,128088,aeca19e9b116d8f8496f6bbdb0a397c3a33092b15e52c77ddd0d5d33b6460b74,72623211f4c86613f2c947e39b7021e8ddcc1a19da63b4d39388a7644d25fa45,prediction_columns_v1
e11_predictions_0_7.zip,predictions/E11/3488aee3bf92b3349f906a1f_ensemble/predictions.parquet,3769476,1d833f0395551d8445ce3173a6a6fa71ba44d50a79bb16c9f435c280d97a0591,ed85dc5a2c496055a48600d0c7a21b30f116f4cff75184c8b826ae4b13be06aa,prediction_columns_v1
e11_predictions_0_7.zip,predictions/E11/3488aee3bf92b3349f906a1f_seed2042/predictions.parquet,3156775,5183a7fc7fefef9b91fe08b334e508d7ea7be1508a46d42917d0be0698428e02,de5b4fe672bd5a71fc31844d99df4d2837a433d37bc6d4dca46ee2d2cb15d166,prediction_columns_v1
e11_predictions_0_7.zip,predictions/E11/3488aee3bf92b3349f906a1f_seed3407/predictions.parquet,3157069,be230d6002e8715e40a1f5d22d7e33675bb79e7ad2bb8dce2b5910bf1f705cff,e33d6ce6ebaa4fe6ea1e36063f901c1cc29702e69aee5c58963cbb0cc8375c4a,prediction_columns_v1
e11_predictions_0_7.zip,predictions/E11/3488aee3bf92b3349f906a1f_seed42/predictions.parquet,3156835,b1ede7d25535c08be25d3d89620761d8bc88eca65005dacbda0a747f9a428084,8cd2408f94c7c21be824901221792381b3ed5581f62a70127009a6af643930b5,prediction_columns_v1
e11_predictions_0_7.zip,predictions/E11/3488aee3bf92b3349f906a1f_seed8417/predictions.parquet,3156691,f99f8835e7ba954f56b223ae302ac0193f85692fb68188cd47771a4fa11c026d,04b06656c22f7968ab7b99edc37cdaeebeb6b4d75bda4f4187938121d5c4228b,prediction_columns_v1
e11_predictions_0_7.zip,predictions/E11/3e0eb92ff0e50b22f2307cc9_ensemble/predictions.parquet,3793892,325358f2de4db89e2e40da42b140ae9606ec6a3be5d46915847b0b40377c296e,d8fcaec913af0fbad183f065c7771c879006ee893d681618cc9abbae11f24e06,prediction_columns_v1
e11_predictions_0_7.zip,predictions/E11/3e0eb92ff0e50b22f2307cc9_seed2042/predictions.parquet,3217418,11411ef525bd1de792547dd48f385e286f9481925303cb637e69ddc3cc822a54,fc7f8901f7facabf5a472bb5bf819ca5ba9e5b1dbbf52780896046ad96b7c938,prediction_columns_v1
e11_predictions_0_7.zip,predictions/E11/3e0eb92ff0e50b22f2307cc9_seed3407/predictions.parquet,3217494,b0b4a0be1943eb5ee9c5912275bb6b8d215e4ddd8dfef0297a0e1174bbd22c6a,fb25cea70e0d7cab5a5ba7abbf1cdc98963856d32abde1a0952d6e83f2372e52,prediction_columns_v1
e11_predictions_0_7.zip,predictions/E11/3e0eb92ff0e50b22f2307cc9_seed42/predictions.parquet,3217431,9b90d879004c991d374b2f6cf87043d6ebeacad40ff9a5bf95f8536d9bd40efb,9f58792e5832464839f233b3c32e00cb1b9f7a3290a292e43516a5c3cc206f06,prediction_columns_v1
e11_predictions_0_7.zip,predictions/E11/3e0eb92ff0e50b22f2307cc9_seed8417/predictions.parquet,3217425,433dcfda56d86b2a2962ece859717a75c0f4165db815f1b5cd882f68ffa8499b,54d307137ef85781ba5808a363fa7830f66d310456efa1fc9d4ecb232bba2399,prediction_columns_v1
e11_predictions_0_7.zip,predictions/E11/3e5c3c1b750169d1c9211c48_ensemble/predictions.parquet,3242191,9aa0bb4cc7e38377b66e287bb3ab3d7e9745ee4a447eddbda6de0fff2a4716e4,7defee6c72b8592e977b07df123a910df389d65c4018102fcfe018850f73ddf9,prediction_columns_v1
e11_predictions_0_7.zip,predictions/E11/3e5c3c1b750169d1c9211c48_seed2042/predictions.parquet,2855450,d5489370a9b7560c414b70cc5e98fb240953750bbcf1afa9e842168002d67d75,b9612f8d3bc2a8e8522314f724cf140b2b320447b177aab49a09390401fdcdbc,prediction_columns_v1
e11_predictions_0_7.zip,predictions/E11/3e5c3c1b750169d1c9211c48_seed3407/predictions.parquet,2855470,612627baebec5bcca5eedad887556555c440e23a4d32fa73c93bd9da375a7089,c0edc49ae6e6f064edb4278ca9b8ee3092e63c49c0d9c5be5943931eb02bb7f1,prediction_columns_v1
e11_predictions_0_7.zip,predictions/E11/3e5c3c1b750169d1c9211c48_seed42/predictions.parquet,2855431,0903a863aec7dd168bab23ba2ba9e2060c7f5dcd893fd2449871bcb845282cba,9bdf3d6601d5a51f429dd9af1c758ca50ee7f6ac39bb2073942c490b5c8db09e,prediction_columns_v1
e11_predictions_0_7.zip,predictions/E11/3e5c3c1b750169d1c9211c48_seed8417/predictions.parquet,2855252,42778a3aa9a9d18479dd0304d8ee2ceaef491717d7eee8ad8ef0d26ff6bbce50,552362098c5b03e677366ce0fd6995669b43fcaa72a116a8e13f292c7b74a301,prediction_columns_v1
e11_predictions_0_7.zip,predictions/E11/3f11e79088ce73766d4359e4_ensemble/predictions.parquet,3411860,7febe337509b5b15109138232782967e03840bfee59f0b30f582f64908180bfd,b8f6eec40246a3c393a56a346609347845d0b2dab39120de983a19cdac0403f5,prediction_columns_v1
e11_predictions_0_7.zip,predictions/E11/3f11e79088ce73766d4359e4_seed2042/predictions.parquet,2834883,817e41bef2cf5366f20284ee448da27fc97cd5cdb18c7257ceca0e1acbb376e4,f0999152597880e2231252632479d3221f008bd0f83c3f568e02ea307148945c,prediction_columns_v1
e11_predictions_0_7.zip,predictions/E11/3f11e79088ce73766d4359e4_seed3407/predictions.parquet,2834743,88eaad6b3bce2bab07924a5ed3be2dd4ede9520ecbd1db036e87bafa5298ce43,753810b3605aee8856f7373cbed4e53e277b321e2f401afb998df7862a8f7e99,prediction_columns_v1
e11_predictions_0_7.zip,predictions/E11/3f11e79088ce73766d4359e4_seed42/predictions.parquet,2835037,3ea9ce57d483cb26913b8f567f5e6d50818da8676c13a49d7e0c6845e04ba703,58c9837a863c7470d531b63b4606be8365c0405cbedbdb99dce5bac86d3516c4,prediction_columns_v1
e11_predictions_0_7.zip,predictions/E11/3f11e79088ce73766d4359e4_seed8417/predictions.parquet,2835170,8f4b5d8de40b5c3d4d5cf280cf9f9716b445e822664d8b1017d75f5e433720f1,43c5647f761ad9172b1fcbf2b36bf9277f32a821dbcbfe229e887664f91c19b5,prediction_columns_v1
e11_predictions_0_7.zip,predictions/E11/40577630316cff9c25b83c54_ensemble/predictions.parquet,2470029,1d801d3e9f2ca98e56e66c475f66bf2dc52d49ae1ec2b7838756919d62219ba4,718810f28b4b95a0f4a4200d1dc452487efbc5052e98e2318460ee8e3328455e,prediction_columns_v1
e11_predictions_0_7.zip,predictions/E11/40577630316cff9c25b83c54_seed2042/predictions.parquet,2036785,617da382617b999371c1fc0300320bbcb95ae963ff63da84296f3c5a53a73df8,cb95fc40d0eda726a8f81a51d8f7986d9a5f15ce09d98266e9742f594c7aa1a8,prediction_columns_v1
e11_predictions_0_7.zip,predictions/E11/40577630316cff9c25b83c54_seed3407/predictions.parquet,2036876,51c336cfb73a4704c54b7aae45b88ec37fc9bd765873a499c6987495a88dd2d1,d05582c07f690650634e9232dd2e77290bc520e7bd37ee6b477d4043258c499b,prediction_columns_v1
e11_predictions_0_7.zip,predictions/E11/40577630316cff9c25b83c54_seed42/predictions.parquet,2036778,a6705022af388816cbe32a7425fc1c8367070928e8f41003df0571f6366a877f,d0152247b0b17a61bd01ab0dac1980690bf95ea2746d3199570e53fcdd3d9f2c,prediction_columns_v1
e11_predictions_0_7.zip,predictions/E11/40577630316cff9c25b83c54_seed8417/predictions.parquet,2036845,9734b4065133ccba3291ea2d661bd446df3ce7e36114431924b5a33cd1f8e850,44bde24e3e2cf052a93da0e5886f561b4bb615901025a564fa03c1afae16fc53,prediction_columns_v1
e11_predictions_0_7.zip,predictions/E11/45536ebec21529e9284b3cc5_ensemble/predictions.parquet,218812,0330c0b338b378066174d376d9c870c53ee92870fc4cffc1b0733e0da11c255e,f3860aec1c052aee304fa6f5fb1e0c846dab6fccfa170b848a80fc690075f25f,prediction_columns_v1
e11_predictions_0_7.zip,predictions/E11/45536ebec21529e9284b3cc5_seed2042/predictions.parquet,190619,f1561cfe25f7dbe3a3e6bb5ce92042e99c85178024d8982211274329122c6baa,885f0ab03f3404a99a3c38ff331c65f8d0fb00ca15d1959aab01d5fe13fc6b39,prediction_columns_v1
e11_predictions_0_7.zip,predictions/E11/45536ebec21529e9284b3cc5_seed3407/predictions.parquet,190611,38d55e018bde23f87a16b94fa23a8fe99c6a13c87f9c78cec968cf4a4657912c,fd9c8b0a7094580b558a5f4b14ebed5516f51ff216a647d94bc37155e1418fbf,prediction_columns_v1
e11_predictions_0_7.zip,predictions/E11/45536ebec21529e9284b3cc5_seed42/predictions.parquet,190597,95111e7aea029cf9ebcda333c6b9c565a5c04f7cf7b35b9a0021485364004a7d,4559a24f6841d8fc27307beb5d5991ed065eb61cea677e4e5ac20e8ec74d223c,prediction_columns_v1
e11_predictions_0_7.zip,predictions/E11/45536ebec21529e9284b3cc5_seed8417/predictions.parquet,190611,eda6f7d82f43774a38a880ac69b035dc665ed85c172938dadc849a677f67a0a1,83ffe9f6d68c0a86ea74a4a3efe51bddaa7411e2a9de3988d2a6e40eeb0a7916,prediction_columns_v1
e11_predictions_0_7.zip,predictions/E11/4c1a1ca4770c07fcfdbb4ea8_ensemble/predictions.parquet,2709330,1306454d997e58d68547b440defc23d4c13dfefd742fc51cb66424734b48d614,b18095c2d4194de9245b5d83e7f02ea704af0dead8e0e3730332de979264361c,prediction_columns_v1
e11_predictions_0_7.zip,predictions/E11/4c1a1ca4770c07fcfdbb4ea8_seed2042/predictions.parquet,2133580,31654723bfb35082b6f061ee38057431f0f0b2b4ec10c4a88ef017896a9eaada,d5ab198acd9650e1e831f79c2a05da6a8b627c5f7d64b8968d395c3fcf059227,prediction_columns_v1
e11_predictions_0_7.zip,predictions/E11/4c1a1ca4770c07fcfdbb4ea8_seed3407/predictions.parquet,2133642,1303f55803b9d48f2bf317d4da3e6730fbbf809f9c173ef526566d7929d8ab43,d8421eb7ae43e8eefb1c9cf904d022e58c8e91aaa77afbb6cf711a06dcbc7013,prediction_columns_v1
e11_predictions_0_7.zip,predictions/E11/4c1a1ca4770c07fcfdbb4ea8_seed42/predictions.parquet,2133536,5549f335b112fd8bfb5ad7817bf695583a0555ff3a00899ed932c23d70108e87,2314de0b964961ec8346af0c2e285e435ab85fffad687b1db069f8adb4a615c0,prediction_columns_v1
e11_predictions_0_7.zip,predictions/E11/4c1a1ca4770c07fcfdbb4ea8_seed8417/predictions.parquet,2133473,a9af5d6c9df94a5abc650d00facd00503f19cf25e0179e899a2dfeff75563c85,b6251e53cdecaaf50ceed691c9d15da16faaf821936374f6d48de6bc5154285a,prediction_columns_v1
e11_predictions_0_7.zip,predictions/E11/5002d5a48890dc5b15addb08_ensemble/predictions.parquet,3413480,74a098b7d4c8655ade6406465ddb78d8d2c83383562aa832fb9a90b6209e529a,ac9a713cb2f04e9765444c60e05ea4793f6044b0747744d48251fff0f45587b8,prediction_columns_v1
e11_predictions_0_7.zip,predictions/E11/5002d5a48890dc5b15addb08_seed2042/predictions.parquet,2835381,25abaaf2b3121b3f55b8a9b55b9f13b98239c8040243776356a850694194635b,7b2f937530884ca4bd9f1b0545b64ecf8b420e505c1f77b2ee445b82a8ba0c27,prediction_columns_v1
e11_predictions_0_7.zip,predictions/E11/5002d5a48890dc5b15addb08_seed3407/predictions.parquet,2835354,c05304a079a21cd57aeab394dde921a76ec7d34fb5eef764a6c3c799b6840d8a,48ba9358b429b8527efdb5d2ce7f7b8c305e51eeb19a5d5e926996b51a8fd9fb,prediction_columns_v1
e11_predictions_0_7.zip,predictions/E11/5002d5a48890dc5b15addb08_seed42/predictions.parquet,2835368,7b7fbe7936534ea87bbb3f78fc84a221c295233277d3535d6b523bd3df212117,0ac04015106dec6e8eef98eb91a943454aab810924eca632cabffcf9b32aaa48,prediction_columns_v1
e11_predictions_0_7.zip,predictions/E11/5002d5a48890dc5b15addb08_seed8417/predictions.parquet,2835358,66535a19c1504c10789a0b1e44b71334225432a60f1a77d4c7e6994a4bd4c18b,c5babe302a50a001b28c7569bfe5324fb659e2bdec6e589eb10299a9e0eabcc4,prediction_columns_v1
e11_predictions_0_7.zip,predictions/E11/51ff98afb715f3dbb9031b4a_ensemble/predictions.parquet,149789,6f3af81870e7c0d5fab4ec951abffb6eeb17621521e04dfdf063a6c0687acd32,a522b661d31b311f404ab09e36ea05e313a9bef28e8d3444b670fbf37e7844d5,prediction_columns_v1
e11_predictions_0_7.zip,predictions/E11/51ff98afb715f3dbb9031b4a_seed2042/predictions.parquet,132141,199a45784739231625a1e0921a1022165f1be333bdf292f27f2ea0fde1f54185,41698857e9d59ac5de2ad4c4431816e2ec99687c7ae02c1d6111213f0142f89d,prediction_columns_v1
e11_predictions_0_7.zip,predictions/E11/51ff98afb715f3dbb9031b4a_seed3407/predictions.parquet,132124,ad649571f05ce167468ca699bac06350a55b0c8425af452baf80d2a2d39c8582,47c90efd7e6cd6920be4f56c3ef0c88fe716067c7be3d9acd3fddbe26ae88a0d,prediction_columns_v1
e11_predictions_0_7.zip,predictions/E11/51ff98afb715f3dbb9031b4a_seed42/predictions.parquet,132120,a4128d0ebd261c884c9e10a237695bca194b21734bc72db5b1b280fac04fd3cf,3bd0845ec0be8070ed8d0529b203160d1063be4b51956f23da8ac7bf1d5d0d41,prediction_columns_v1
e11_predictions_0_7.zip,predictions/E11/51ff98afb715f3dbb9031b4a_seed8417/predictions.parquet,132125,36a13bd7b89de75c3d5c6320d65d0d05238c398256ef5778b538df4d5f69d73e,4e756b593724aed9b508979f762265a3886fbc3f854efea7e9b7ab6ae3c1882f,prediction_columns_v1
e11_predictions_0_7.zip,predictions/E11/55acd424021a2c4c765fe166_ensemble/predictions.parquet,2725547,fca365e23b0deef2b446baec96670c2615e52c7801feae82cebd149491207bff,2a8eeeb1978c8af9b48ade674bf6ee5a8a465f5051b1a30145123e1470ce93a2,prediction_columns_v1
e11_predictions_0_7.zip,predictions/E11/55acd424021a2c4c765fe166_seed2042/predictions.parquet,2137063,09a0c1d79ebce84d94a9d21216eb7b9bc175abd5e43a704d380b879eda9c4a37,4bd5a0e9d3ed34dc694bc4f1fc5d70b7e127271fa7b5866ec40860c50f6fc990,prediction_columns_v1
e11_predictions_0_7.zip,predictions/E11/55acd424021a2c4c765fe166_seed3407/predictions.parquet,2136998,e17de82484420a90d677108b2a53ae536d2623833736161289731ce4ddd9adbc,0942e93abde4d4dc826a4ac4acaff35206f7d2fd7616dcb0d0a99b5a7e6a43cf,prediction_columns_v1
e11_predictions_0_7.zip,predictions/E11/55acd424021a2c4c765fe166_seed42/predictions.parquet,2137117,7df30cf5c90cb1735d018bd8cf730ae5ceadbfcd0534b2e3f60202ab8248fde7,255ec6cb2b9324c554729eeccfaedaeb3af090f00974fce4df5fea213aa20e6d,prediction_columns_v1
e11_predictions_0_7.zip,predictions/E11/55acd424021a2c4c765fe166_seed8417/predictions.parquet,2137057,d2acfad69c1ea16730295089b4a2e58ff04ccb0583b44ea8079d22e58fd676dd,6869726c8fd77c4773d0cb9ccc95882b549894db999852b86c608a36b6f071bf,prediction_columns_v1
e11_predictions_0_7.zip,predictions/E11/591bc1a425221c6bd7372a2a_ensemble/predictions.parquet,160267,1a454dc3728d6d4f80f083e8a46c322b1ab9093553d9d081909d46f383e77174,68b32f37e0c646546bcceb324d54b033ebdefbda3e6ba274d5fc734af18f6b29,prediction_columns_v1
e11_predictions_0_7.zip,predictions/E11/591bc1a425221c6bd7372a2a_seed2042/predictions.parquet,134207,2522c61294fa0cf9446c7aa6827cca6c67e477975d8f6630385991d77a901cd6,197a8db5f1fdb079449be656d2bbddec5eb7f5c6f418d3dd9869a13110813f4c,prediction_columns_v1
e11_predictions_0_7.zip,predictions/E11/591bc1a425221c6bd7372a2a_seed3407/predictions.parquet,134241,a0c24fe4ecca8b6fadba614c9d451e59e52889f94654bda104ca137c794cb960,889b331e2da37f31fa91ca779a9b2e09d2470b985473a90fa7a82fd472bf445a,prediction_columns_v1
e11_predictions_0_7.zip,predictions/E11/591bc1a425221c6bd7372a2a_seed42/predictions.parquet,134247,2ed918d542b2e91e5eefd23f732beb042a571e1c94348ab396d6f4a12e5fb0b5,b49951c280c30c8fc8d707b5aec409fdfc1c13d518654b03e9dd164ae5b1242f,prediction_columns_v1
e11_predictions_0_7.zip,predictions/E11/591bc1a425221c6bd7372a2a_seed8417/predictions.parquet,134213,bf697e948bbf5e9d7c3e991d0ccf4ac92f8a2abd3b52df09af8a4e797c194998,75bc17c56432e442867d83b8c9dcd431ad3a66fc886c334743b437db2fd8bdde,prediction_columns_v1
e11_predictions_0_7.zip,predictions/E11/5b55116d116402ec740425eb_ensemble/predictions.parquet,201834,fe35919cc04969c2f738dbbd42a8851ec99d804a0d623fe28c70cd16750d0ae8,f1fd69a4cab3739f0866a2ab90c70cd9e9646bd66a886bf1a3e749c454c5ae27,prediction_columns_v1
e11_predictions_0_7.zip,predictions/E11/5b55116d116402ec740425eb_seed2042/predictions.parquet,174080,64789d6f627aad995b0633c1df27012b7a6ff46657e268846906d0d75666f93c,5a538508f3400b8542d113bb07cd775926f1d5e850394774cc39545f318b692e,prediction_columns_v1
e11_predictions_0_7.zip,predictions/E11/5b55116d116402ec740425eb_seed3407/predictions.parquet,174075,884c3512ffae11d270385945cd5cdadceba0ace1106309f11d585962337fbd44,5f81826674c71654fa73d89696115554f676e0496d545e78a1b6eb2924ed8095,prediction_columns_v1
e11_predictions_0_7.zip,predictions/E11/5b55116d116402ec740425eb_seed42/predictions.parquet,174106,ac08f7eee51b42993a2f88fc7347a427c67de0844a46af1d5b83ad2c99fed7c0,1e88cbce093c51cd1ba4e8c706ad18c09361dc8936502d757556d1f976418619,prediction_columns_v1
e11_predictions_0_7.zip,predictions/E11/5b55116d116402ec740425eb_seed8417/predictions.parquet,174044,db7517101c5660ebb4e0ce63af26082d9c69bf7764d0fa0ea118b6a12d319045,e48542dcbb4666cff4725a102891bc16da33369b6ce9ad22770dcfed95937299,prediction_columns_v1
e11_predictions_0_7.zip,predictions/E11/5cc6405a3359849588701763_ensemble/predictions.parquet,3539685,82abc74d1a0c68653007d6d5dcbd90dd8649add73321145b7e52561b3c8fc2e6,33731469c09f36edd4b9943a065c69eef292a5938c3e861c9038b0fd875a4537,prediction_columns_v1
e11_predictions_0_7.zip,predictions/E11/5cc6405a3359849588701763_seed2042/predictions.parquet,2860426,699c3106ca26f2cd3f6d906bf49ab3510c38879517548da678642d8618b85c98,8cc455c7a0058b86b025466b557175ca9ea42445fe966f24e3d3d930aa45e363,prediction_columns_v1
e11_predictions_0_7.zip,predictions/E11/5cc6405a3359849588701763_seed3407/predictions.parquet,2860273,3af4e3985e516af4b1cafe6fe5438c965a6debe460139505df0230e0554fc3b7,9ed08837edb560af49629c35e6052a6f2cb7cee954e70ad00ca74998edf18366,prediction_columns_v1
e11_predictions_0_7.zip,predictions/E11/5cc6405a3359849588701763_seed42/predictions.parquet,2860380,9ca0f6f7e4ca4509a940399cf9c172552ee7849b4b99e1058d11fda30060bd51,b20cafa2a6451999045a595cea3a4be537c4b7766556fa43ef71ba756b484df5,prediction_columns_v1
e11_predictions_0_7.zip,predictions/E11/5cc6405a3359849588701763_seed8417/predictions.parquet,2860305,7257f51b6c121aeda41c088d5972157c561bade1306243b0b0187e655f048e4b,77d4274ee385b02c602bced0ab69b05b114376c5355359c7dad89e756b260e4d,prediction_columns_v1
e11_predictions_0_7.zip,predictions/E11/61b318c228ebe19eeb6908be_ensemble/predictions.parquet,218599,ed47ad6e48cf50effc91ede18604ac3ba7e802f6e69f4cff0c5029e36a76623c,73ec930071d8c20b1cfb362dc4df89de644388cd662fc100a7b625708a4ae04b,prediction_columns_v1
e11_predictions_0_7.zip,predictions/E11/61b318c228ebe19eeb6908be_seed2042/predictions.parquet,190558,ac39cd447b58ecb8efa18c7cf17714092c5587b4ee4569963461f37d5d4b140b,95b8868c99c0eec50cc38d817cd75d1291b2ccc034b012b60c352951756fd788,prediction_columns_v1
e11_predictions_0_7.zip,predictions/E11/61b318c228ebe19eeb6908be_seed3407/predictions.parquet,190592,5bed98c6494e4c32a997aa7871004545c68ac4ce78386e2c38df46bb60a85880,39f8f2998a9cdf96d2861d0b7874552a7139c826605e0e31740f0be7718a6524,prediction_columns_v1
e11_predictions_0_7.zip,predictions/E11/61b318c228ebe19eeb6908be_seed42/predictions.parquet,190552,b0d4d5d09e86258574c2619894fac955f99463c33e5160ca6a4689eccbb437a2,dcdc08a674188e171901cc78c599ce6bbd849c1faebf3a91a9376dc9529746ef,prediction_columns_v1
e11_predictions_0_7.zip,predictions/E11/61b318c228ebe19eeb6908be_seed8417/predictions.parquet,190554,2a278e4cccdb50c145100541346fa94b627053ea36925369cba76e43f54e72b2,18949c8ec0c056898589bb02c13c05568986907d10c9d4f6e298d118eb0abc7d,prediction_columns_v1
e11_predictions_0_7.zip,predictions/E11/6802eacd536d8add8e1a6232_ensemble/predictions.parquet,2472159,a20bf8d1772d6aa87ff7396a40186f6b9bd1a8547fcc7876935c5418b49ac3f4,971b88b14150615fa148c3fdd711161545e96093c21ecc74a406b30f31789e79,prediction_columns_v1
e11_predictions_0_7.zip,predictions/E11/6802eacd536d8add8e1a6232_seed2042/predictions.parquet,2037314,1ef91188e0573c8aaa4c398aacf8d4f3a6bf5c9569769afcd1c6823ea9f140e8,0643340b93b4743583d44e98d79109c04d0a9ee129f6c9e21a41145a51e37129,prediction_columns_v1
e11_predictions_0_7.zip,predictions/E11/6802eacd536d8add8e1a6232_seed3407/predictions.parquet,2037314,42e9ca3056f27d6af1bc79c2138fa8a63a9f79a7681de68878b9e587c8ebe0da,8e157f9de49e07ca0e3fc3000a46e68e152ff43469020d84d9fb24b5cee85ef5,prediction_columns_v1
e11_predictions_0_7.zip,predictions/E11/6802eacd536d8add8e1a6232_seed42/predictions.parquet,2037298,2f196a8d360f9d5fb63ced3aaac40ad6c97dad7b0e9bcadf5ec87275f422230c,01e0e7c808cb2cec30f473f567409141d2fdaf403daa143871105a9c5249ef3b,prediction_columns_v1
e11_predictions_0_7.zip,predictions/E11/6802eacd536d8add8e1a6232_seed8417/predictions.parquet,2037319,2f6d30ff54bca3c4f2f1743ced7e201cb8ae76317b5ed3c700d5e2834439b547,2fa5d4e4400ab2e9766b4ca0b980603cd4ec1fbb2a7fcf16417b2bd62ad56ce0,prediction_columns_v1
e11_predictions_0_7.zip,predictions/E11/68ca740b7d57aa91574af28c_ensemble/predictions.parquet,181089,ba65ab6c829fdefa8d85bb0be65da127472bb934c47ba9219c47a22fb82448c7,3fe4a275258d6f473a4bdfe96111cf7749af24a2a39645e198135ac227679706,prediction_columns_v1
e11_predictions_0_7.zip,predictions/E11/68ca740b7d57aa91574af28c_seed42/predictions.parquet,181089,ba65ab6c829fdefa8d85bb0be65da127472bb934c47ba9219c47a22fb82448c7,3fe4a275258d6f473a4bdfe96111cf7749af24a2a39645e198135ac227679706,prediction_columns_v1
e11_predictions_0_7.zip,predictions/E11/6fcbfcb7a0e5c947e6e5304f_ensemble/predictions.parquet,205889,5b681c881b9bb29bae35b87e3668696567d3704e8e808aa8f5f62319909997ae,01a7d031cb1e906d07d66aa634652604c5f8b0984b7107f464b1328766afcd52,prediction_columns_v1
e11_predictions_0_7.zip,predictions/E11/6fcbfcb7a0e5c947e6e5304f_seed2042/predictions.parquet,180312,35b29f7720408e4d9793972b2547aa8cc7a3225c3cbd9c2ff19f775328b2bec3,7c6dc395f6b16b2daecea8100e8dff8729573f7fac3e4f61c93987190dc9681f,prediction_columns_v1
e11_predictions_0_7.zip,predictions/E11/6fcbfcb7a0e5c947e6e5304f_seed3407/predictions.parquet,180362,32b58788fdcd7e02ba391a20e7ab642393207a4aefba5d736432fafd21277c2d,8f945b387075ba19687f8d5711f948c04cb3aa4c71e8992f86d9e1a8f9aa11ba,prediction_columns_v1
e11_predictions_0_7.zip,predictions/E11/6fcbfcb7a0e5c947e6e5304f_seed42/predictions.parquet,180366,ae74e4e030b8fe5b2a4f3d8e045f2f958b0e873af47b649f7786f55369c8bcb2,e80f064d72293e8dc0682147540b2b4a1f3bef8a8595f03eda9c2371f144775a,prediction_columns_v1
e11_predictions_0_7.zip,predictions/E11/6fcbfcb7a0e5c947e6e5304f_seed8417/predictions.parquet,180314,a9556bdbb8892140711e44ddba903d90dc41600b9d40e7ce5a699058056db789,ea931e69042d5a21f9bc15a3f306cf173d6ec01ed3308b11eb6a02979dd0ff1b,prediction_columns_v1
e11_predictions_0_7.zip,predictions/E11/702e91f0e866a147b2280fb6_ensemble/predictions.parquet,2490364,0312bc0d058a55430892283105d2ea1ec7e86d7701f84fcb44f9b357dc6af448,7d996ccc2355b4cdeef78f3fb604e5fc8c034c231056028488bc60fb27675cf6,prediction_columns_v1
e11_predictions_0_7.zip,predictions/E11/702e91f0e866a147b2280fb6_seed2042/predictions.parquet,2089681,aca792a88b6cd494c0643f4c44bc3126d881f84f944a93894d69118e0dfa4ada,1e8bc0e1c41b284ffe4c38eaaf9265077ba0e8e34d7d4319d57b6786a8397504,prediction_columns_v1
e11_predictions_0_7.zip,predictions/E11/702e91f0e866a147b2280fb6_seed3407/predictions.parquet,2090106,f4f1eeece2d6275d584c39b7f42cecf439b6b12d2bc7f5a64763a0fdf40c7639,036fceba328e6c6f639b8f102862cc7784841bdce57d3b9abd21da79027992d9,prediction_columns_v1
e11_predictions_0_7.zip,predictions/E11/702e91f0e866a147b2280fb6_seed42/predictions.parquet,2089841,fa204ea1c14f96ff360767c8169ffafef422f852e053fd3429f168059e5ce5b0,f9fca014349cbbbc47b7683fafff8da17ffabd7b99c92266760df9ac39d0c454,prediction_columns_v1
e11_predictions_0_7.zip,predictions/E11/702e91f0e866a147b2280fb6_seed8417/predictions.parquet,2090083,57e1d60204643af190839f677614fad207cd654c2997f5707d423ad5dd7aba23,dcca8b45d94b942968c22288957987d101c75ce7b39e25054b5d4bbf40fa9595,prediction_columns_v1
e11_predictions_0_7.zip,predictions/E11/70fc967391bcbf39bf574ec3_ensemble/predictions.parquet,3773027,27bdfc7db0ea799e40689853d3646bf704660ef7d9c55ab67c50d2061bf5c0df,d8445445d7ac83d430ab78f35381af53a9d2fd9a0607513fa840d86e74843ea5,prediction_columns_v1
e11_predictions_0_7.zip,predictions/E11/70fc967391bcbf39bf574ec3_seed2042/predictions.parquet,3157640,db2e854d47bc39ce0d88f57ea6a508d6d338ce0d71453657a93d681097b0700d,d37da8012ce8c280af8164b01edb9aa8f61e506724610fafbff9c2bf992563ee,prediction_columns_v1
e11_predictions_0_7.zip,predictions/E11/70fc967391bcbf39bf574ec3_seed3407/predictions.parquet,3157615,73343751622c663f508a5d3d9237c6f649e913e7836b7f5955604666ba8b30f4,19e7c31eb5955d2a124098a93cc2176f657450645eb946703b2c3b120ee716fb,prediction_columns_v1
e11_predictions_0_7.zip,predictions/E11/70fc967391bcbf39bf574ec3_seed42/predictions.parquet,3157626,c486866a4a72bb53549b09ef3878a0986705369f7203f11c853d5c23e17b88ce,f7373f7b3626fd749d2a77f9ec725cea5a8b2df5343b1c3706adf5e8f2cbf133,prediction_columns_v1
e11_predictions_0_7.zip,predictions/E11/70fc967391bcbf39bf574ec3_seed8417/predictions.parquet,3157641,5709aa038a0c1247d2ef90b41d3eee512decf3db755e301a4b346fb8f3f2d558,2b240752d3d8a313f3ad51d0deaf2863293a7e852a4ca503d8ece7edb55ce392,prediction_columns_v1
e11_predictions_0_7.zip,predictions/E11/73d2eb87818dceb7590be0d2_ensemble/predictions.parquet,3448578,9a38fbc493e2e6c101b6c145b2ebd90f8b0a40fa2e2865cdc6f01ba14eed94c2,39adf37194207accad44c6bde50d4916decc78f5c302fc73cd0642413fc70d20,prediction_columns_v1
e11_predictions_0_7.zip,predictions/E11/73d2eb87818dceb7590be0d2_seed2042/predictions.parquet,2896787,6f35c8ad4c98a7cd74ca6e0837fada7872de36b6cfc76155496fed58274ee39e,c11dbd7f3f559581c306ab57e4603ccd7a8edf5c955cb8ec0c0f36cd2c7f4471,prediction_columns_v1
e11_predictions_0_7.zip,predictions/E11/73d2eb87818dceb7590be0d2_seed3407/predictions.parquet,2896891,4ad6cb24e3bab16c3f392cc99d9ca14a53e72d73e02100d6fed8ce34944ea33d,95fa1ad21c490fa82544af411591d0b3fe34d66c82d1b66f06a0b65266ed43f8,prediction_columns_v1
e11_predictions_0_7.zip,predictions/E11/73d2eb87818dceb7590be0d2_seed42/predictions.parquet,2896782,6349ea002edfd639fe9f233a06a24e7272c95a75a7aa067dd94b0c7185144ec1,3c0798569883d64918b343f50b38003190a1d4b36355776aad55d4fb6a1e0015,prediction_columns_v1
e11_predictions_0_7.zip,predictions/E11/73d2eb87818dceb7590be0d2_seed8417/predictions.parquet,2896912,e323a51bf916bca68845672aae1cb26da3d155a3f82633a38e7f07dc6dd2c75b,08aae866aaef8421fdf6ce1d9f0a84cc61843f66f52cdfbf691bf09c54309f2f,prediction_columns_v1
e11_predictions_0_7.zip,predictions/E11/75dde56609d87c7a57e2877a_ensemble/predictions.parquet,158844,c4afcce28086387e24dae97407a0e7ca7d31a75bb8a64768f59f7488c6369590,12495055aabd00acfbd253cf9767d2b2f5a0fbf2ffeff5fbfe1c8a2159949d34,prediction_columns_v1
e11_predictions_0_7.zip,predictions/E11/75dde56609d87c7a57e2877a_seed2042/predictions.parquet,133919,c1f3f6690af1bd4d182c58aa899f184c43510005021cea698781696e8db5a19e,4f908370ab2c7041eaed77e172d198d32e7eb5708218a5c922e9f9bdd1a5a986,prediction_columns_v1
e11_predictions_0_7.zip,predictions/E11/75dde56609d87c7a57e2877a_seed3407/predictions.parquet,133907,dffc926a6ebdfdcdcbc384d8993732f6ec29ebacd0e4cd75e01e974309a00f76,d25c2594cda1aadae91f3842e0915a057db74183b9fb6e5d656b2959fe153dc2,prediction_columns_v1
e11_predictions_0_7.zip,predictions/E11/75dde56609d87c7a57e2877a_seed42/predictions.parquet,133910,d48bd61848ffed49055166f383a717ab85b090182161bbedf2143a37999445b4,4fe82e78e40d00c027c40e997060edca6b8d6f14d1b0b7542798c754f97c8a56,prediction_columns_v1
e11_predictions_0_7.zip,predictions/E11/75dde56609d87c7a57e2877a_seed8417/predictions.parquet,133952,ffe09fb5fca97529fdbba74df5d98781740a927841f70e9186429c6c659cfa3b,b73c1e4189791dc68e7dd9d6f0eb471002cc3acaad58575a1ba39864deb527c7,prediction_columns_v1
e11_predictions_0_7.zip,predictions/E11/7f004d4a8313a230820ae67b_ensemble/predictions.parquet,213256,51e51af1ca16d2a34e0032f21306cd03da8d79bf65c40e7b57196af0ae5a18d4,ccceb1571011fbb59e45ea8e65349d6ddbc78befeedc542227914debe44a15bd,prediction_columns_v1
e11_predictions_0_7.zip,predictions/E11/7f004d4a8313a230820ae67b_seed2042/predictions.parquet,183911,e92df9a1ea70a34b09d25b8f372192feb5ac9c81d4974991310cf39627571b3f,df6acff4dbe94e299d61c1979a6dd0d7ceb3eed5f146d67d2b1621c22d85dfc4,prediction_columns_v1
e11_predictions_0_7.zip,predictions/E11/7f004d4a8313a230820ae67b_seed3407/predictions.parquet,183921,4f4a7210731674e355c806e17daefaee6149d38289d2fc628fe09b4c25d486c6,ac2767e0396257c8fdf6a74bd231fc66658dbacbaf58a51633f4c43d3d0ff7e9,prediction_columns_v1
e11_predictions_0_7.zip,predictions/E11/7f004d4a8313a230820ae67b_seed42/predictions.parquet,183924,9e6cd25fb575a16e88c698bc57cbf2d4f6b303d0d59a19d0e638610a199718d6,ea0332ee15515b5f7e3a4f52dd950e95c553cf9e4232e7fc02269bb531839d39,prediction_columns_v1
e11_predictions_0_7.zip,predictions/E11/7f004d4a8313a230820ae67b_seed8417/predictions.parquet,183930,e7c9a11f05f04aa9ce348cf41a403102fdc589ca5ef262c24a26500ef84e7515,80b2d0fb22abc524e5c730d651239cf398d9b7777a5cd939afcd223a84ddc9a7,prediction_columns_v1
e11_predictions_8_f.zip,predictions/E11/81144206c30fb740a9d9a0d1_ensemble/predictions.parquet,4265403,0c9c5d00584b48b42392dda1055088bed77ab4f9f0b2280de05bc61dafe38b32,c9a49671989e386bb3d17b7478b744778c7e6a94dbbd64087007b5e40c07ae8b,prediction_columns_v1
e11_predictions_8_f.zip,predictions/E11/81144206c30fb740a9d9a0d1_seed2042/predictions.parquet,3256152,5e4017a08d0dc8fac434e5ae52aa54ddf8a45b643064db1dafdd5398ccfa9010,2599b58ef9987068ccd510f3de42ad4ce235d090ccb7887da7918eaea35b7858,prediction_columns_v1
e11_predictions_8_f.zip,predictions/E11/81144206c30fb740a9d9a0d1_seed3407/predictions.parquet,3256123,bd05a41ae158797a8523875a316c4cc343e246792e623ced76a3883f5bdde7c2,4cd87f04640c3fcd45a96834acd524041fc380138d4ed767f300f0eb353fba1b,prediction_columns_v1
e11_predictions_8_f.zip,predictions/E11/81144206c30fb740a9d9a0d1_seed42/predictions.parquet,3256046,1ccff0e3556781c1ba3b1fd820ca050f860bb0099dce25e2667473bacb3bb0b9,efcb469e36dced32230dcba49428dc194c9a36930ea175401a6c0e03bf695212,prediction_columns_v1
e11_predictions_8_f.zip,predictions/E11/81144206c30fb740a9d9a0d1_seed8417/predictions.parquet,3256101,d969bc542343d445d3026ed5aae65d2fb4c4d9e389618bc56c34ed445538076c,18debddc3f273553edd6e71673537b0581948b5f84dccbf4cac2b200eaae43cd,prediction_columns_v1
e11_predictions_8_f.zip,predictions/E11/84aa05d2210a37dcb0279c36_ensemble/predictions.parquet,199132,f6c49b5b6f863a9b1f539cdc79bedf829d9ab3b64b5a8adf4a6c1fb45fae1ae0,3d8c2fef0eafb3a40cd9dc0f18e0a7d2bfec9ebcf41ba9ffe97590aebf627a2d,prediction_columns_v1
e11_predictions_8_f.zip,predictions/E11/84aa05d2210a37dcb0279c36_seed2042/predictions.parquet,136946,a80ab5566972977ef2575916ecbcc225d9026cf9ab34081fe50cb8ca65502d6c,fb7d4207827cf97927e486fa47f72fb40bbcb84a7306a4b52873cb26a6feae04,prediction_columns_v1
e11_predictions_8_f.zip,predictions/E11/84aa05d2210a37dcb0279c36_seed3407/predictions.parquet,136923,64e5edf97804395bc5bd45520364e5109c4af82ba6437d1d7d362181993fd9a1,e00eef71032c1d5f2a0a71a467c73387e87371001b22c9c68ca8af538f97cb33,prediction_columns_v1
e11_predictions_8_f.zip,predictions/E11/84aa05d2210a37dcb0279c36_seed42/predictions.parquet,136918,762d9401ae9b6d3a2e6ab66965cf71d0fc0e22a96c9ce70876b45206db409e5c,e9acfe463a84ee268c74182125eec01fbef6fb391515c534e9da797c6736f598,prediction_columns_v1
e11_predictions_8_f.zip,predictions/E11/84aa05d2210a37dcb0279c36_seed8417/predictions.parquet,136819,aeed5bb1964e2250447738d6ee1f1102523ee2a2b09e67f6e4a79a378e764905,ee535e2eb577941887937af8dda2473ab338f6e06a5992ba33375a585a50c34a,prediction_columns_v1
e11_predictions_8_f.zip,predictions/E11/862c9c003d42cff9d3fbda4e_ensemble/predictions.parquet,193448,8c4e0b5cbf783fcc5bfe36da3d47961ad853f6998ac7ebf1eaa4ad4f0ca8910c,4a7eb5a8748132718e24d7ec634a90f226c06c45a0d6e8d09d83638abbd81c97,prediction_columns_v1
e11_predictions_8_f.zip,predictions/E11/862c9c003d42cff9d3fbda4e_seed2042/predictions.parquet,135573,e52e4a563f7a788bfd910792694586671590ac5ac2cbed2fe1afb2c5f3065d9c,764dcc0cbbd34d3f981b9404c8d14de9cb148ed56134c74aa6e8320e89dc8645,prediction_columns_v1
e11_predictions_8_f.zip,predictions/E11/862c9c003d42cff9d3fbda4e_seed3407/predictions.parquet,135670,d4935372ba520cad4f0ca3821ce09830b76b21d89c9825af1a167313e4961d51,378d24e23aa8ae47f500dce76dacc403f63a249f7c5e53f66d2035e748aba30a,prediction_columns_v1
e11_predictions_8_f.zip,predictions/E11/862c9c003d42cff9d3fbda4e_seed42/predictions.parquet,135745,79eaf8f670a457e8fd4d05d9c1cecb8b7a1881f8755f3babcadd00ccae59ca57,80c64d766da7d85e5f7ff564e642e2f3d3c2e9a4631d8fd8fe55254714dd5bad,prediction_columns_v1
e11_predictions_8_f.zip,predictions/E11/862c9c003d42cff9d3fbda4e_seed8417/predictions.parquet,135712,5446d783f2f8356d142b08b247cd8e40deaea388d33fac865a21cc19fb38dc3c,9c1e0f4de3d14740547df96dbcc79749c14db20d7ed5524592c44f58a35d64f8,prediction_columns_v1
e11_predictions_8_f.zip,predictions/E11/8ace132342cb51e153656077_ensemble/predictions.parquet,3239289,8b4dd99aa60810d3276ba5316e8da84cf880e68fac33f08ba5ec8a22fc1b4654,b74c1db4154afd3f222b63ccea3ff40df13a5a133b9dc2c4f0d09b0f16be8e8f,prediction_columns_v1
e11_predictions_8_f.zip,predictions/E11/8ace132342cb51e153656077_seed2042/predictions.parquet,2800318,8a4a39e6a3d8f6737cc10c1c40cc5f5fea78f410bd48708711828d684402a34d,e749ad3684885aa97f231682d908f89d5824b166036ed6fdb8b1562c94a041a1,prediction_columns_v1
e11_predictions_8_f.zip,predictions/E11/8ace132342cb51e153656077_seed3407/predictions.parquet,2800374,d8e16213bf87bd29edc7b3a16979837b405f87002043482fff39cc43e9924501,78c4a30541daefe560a5c59db44c35f3d80b425b71728eabf174a9e0befa448f,prediction_columns_v1
e11_predictions_8_f.zip,predictions/E11/8ace132342cb51e153656077_seed42/predictions.parquet,2800277,ea9a7d9e24cda2e6087a9683958765bc97e6c69e3904797f559e77638acb1a04,c95652b2f4b15382eb8d456e392f6c8ea18fda012f2614489a69802184d602ec,prediction_columns_v1
e11_predictions_8_f.zip,predictions/E11/8ace132342cb51e153656077_seed8417/predictions.parquet,2800370,d432b7d9cdca6ad292f085d6ac0b05ef609d8e3a1486c3dae7950a0e891e9316,fca69eeea801b7c5069136894ba0180cc68e9301d7c36c1c598710956d447460,prediction_columns_v1
e11_predictions_8_f.zip,predictions/E11/8ce1978784cfc640e3e9c08d_ensemble/predictions.parquet,3793200,bfbf8fdd744ea32d42e99d8d259cc4e5d7b81b7b10583954c673b432eed26e20,b00abcaee9c699c4b1635c5d2cb5fb170c16cab8ab256fbf1943e48b694ec46a,prediction_columns_v1
e11_predictions_8_f.zip,predictions/E11/8ce1978784cfc640e3e9c08d_seed2042/predictions.parquet,3217417,b2f73cb20779038f2c317d4c0f35b895a14253d8e3df59d455a0db481326643e,b6cc3b1d00bfe9a2dcaab4fe6f8c0420a05e0222a31dc340651224631b96d44b,prediction_columns_v1
e11_predictions_8_f.zip,predictions/E11/8ce1978784cfc640e3e9c08d_seed3407/predictions.parquet,3217375,28fadeb774f515b92ac392a91398f18970719e4d240d8e126097f0a679b42766,ae145b1d7dd051648ac4066d716b5cce074e27f4878ddec8194d65c05578422c,prediction_columns_v1
e11_predictions_8_f.zip,predictions/E11/8ce1978784cfc640e3e9c08d_seed42/predictions.parquet,3217453,1e56b7bea15431586b7d26eb2f54bf13d4d7275966a23c4be6b9a18e76806227,ad79b8d64cb00149f6ded4e6d7b697c240e1cf517a6184e84de50b3ee22ff48d,prediction_columns_v1
e11_predictions_8_f.zip,predictions/E11/8ce1978784cfc640e3e9c08d_seed8417/predictions.parquet,3217334,15cccfe4b42f4c5017b55bd8dbd2bdf5bb49bdcf30041cc1a01fc6aa37b284cc,3c2cabf8c5d689e8a304e13ccb039519a5981c6ac2ef54428e8d70b7197397ef,prediction_columns_v1
e11_predictions_8_f.zip,predictions/E11/8f07140239f08baed63c0e3f_ensemble/predictions.parquet,197690,f25f4f162bfbf0ba557d611aad039f46626b7192d90a6b577911d32304fdc064,9d485b31b5f22e49756e5fece44d81b24253ffcd96e0a9104fd0c81f84c56f60,prediction_columns_v1
e11_predictions_8_f.zip,predictions/E11/8f07140239f08baed63c0e3f_seed2042/predictions.parquet,178680,a027b4e02a847eb62b8d06aea55a351fcdb009c507c5f500d0e4a2f518976297,7560603906ff0dd57a0170850bac4ddeaa21a8aed8293ee375eeb8f65977860c,prediction_columns_v1
e11_predictions_8_f.zip,predictions/E11/8f07140239f08baed63c0e3f_seed3407/predictions.parquet,178692,b63eba248e493d23a1fcf1a93c785999507588b841d20452f4e21445a1ad1162,4a735b07e5259df69b3e58f6901869d9adf4b317495ceacc37580ac9804ae387,prediction_columns_v1
e11_predictions_8_f.zip,predictions/E11/8f07140239f08baed63c0e3f_seed42/predictions.parquet,178700,9b996021a2dd6a6eae8b5db7d67478585d132b8b86f686016c9589a40c0a8db6,7dec4c59e2065d15c7706494e8648f736ebc85954de0b6d86c6a39cfcdf3f007,prediction_columns_v1
e11_predictions_8_f.zip,predictions/E11/8f07140239f08baed63c0e3f_seed8417/predictions.parquet,178697,bc297de2046d56a3e87b0194d3984f8cc3ea953d4f65ffb45e23fcf5021ba603,bf6f3e8bdb96fce2d4912d5b84ae9c40696bf62dda3666d114a662b66633618c,prediction_columns_v1
e11_predictions_8_f.zip,predictions/E11/8ff0eab832c19668f33e875c_ensemble/predictions.parquet,243840,8a987f196ef10a54d6c14c017b78565f6be7f5d32d8465abe03d130f57e0db45,8f3658607616cd57186471db7a9394a4ed1a393f5daa727fed6b1ef2caa64088,prediction_columns_v1
e11_predictions_8_f.zip,predictions/E11/8ff0eab832c19668f33e875c_seed2042/predictions.parquet,182506,a9694c952029a5428fd356e15406931200a0fc5ab9036da63597eddb9cced1a0,8ee712ce063d1034a52493ef0375f680ce0ff172a575885cfd1bc9b13eb81feb,prediction_columns_v1
e11_predictions_8_f.zip,predictions/E11/8ff0eab832c19668f33e875c_seed3407/predictions.parquet,182358,fa66f7ba1247e1df56d84d3654f41f981ceaacfb08506a4baa43ea7a7d54cb55,7c65fcd5b1eaaa663d5fcac5887e1d9b910c8ca1a899bc5731b6958c4bd1b781,prediction_columns_v1
e11_predictions_8_f.zip,predictions/E11/8ff0eab832c19668f33e875c_seed42/predictions.parquet,182328,b472e7f2f0245d68d62a143e73d4359916a371ee76fad76780feeba08fb89d28,da0931e7a31e23a3f7b5421800a609c59a63f92db2ce11c219db20327ef53da1,prediction_columns_v1
e11_predictions_8_f.zip,predictions/E11/8ff0eab832c19668f33e875c_seed8417/predictions.parquet,182607,a24cca9d24a293ec7666ff4cb95f0b83a5143e39d1cc8697922980684a17f204,a78d646bdd6b3b7b79bc318f5809e370978633596a1705ca44159603305cfa19,prediction_columns_v1
e11_predictions_8_f.zip,predictions/E11/90a42c1c5efc03da3c5ae4bb_ensemble/predictions.parquet,3219872,9f51d4aaad898c1594af23b95d01a0189cf5b9f905d2b10d7732442c76982069,3c9ccc5b76927b6400e79054df0537e42bba6c267864db43e75a84a6e2ca57f2,prediction_columns_v1
e11_predictions_8_f.zip,predictions/E11/90a42c1c5efc03da3c5ae4bb_seed42/predictions.parquet,3219872,9f51d4aaad898c1594af23b95d01a0189cf5b9f905d2b10d7732442c76982069,3c9ccc5b76927b6400e79054df0537e42bba6c267864db43e75a84a6e2ca57f2,prediction_columns_v1
e11_predictions_8_f.zip,predictions/E11/9176ac2ffef6b07e04701087_ensemble/predictions.parquet,217144,17aad31270223b0bae462b90c9c4e3a0c0bf140f4b499063e7c9e3006e55a30f,2b4914596ecdd15caf90b883f8dc76543c4323d7280c82058a3dce4f331d8397,prediction_columns_v1
e11_predictions_8_f.zip,predictions/E11/9176ac2ffef6b07e04701087_seed2042/predictions.parquet,177193,06f0b03e581f0771880b810cdd6cefb86767e81e0b942989543f003c9442362e,b990908cc2d66c31f96583581794e052d56f2ed8ad116c8f4ec4e8876ca311b4,prediction_columns_v1
e11_predictions_8_f.zip,predictions/E11/9176ac2ffef6b07e04701087_seed3407/predictions.parquet,177153,3c0a73f3cf373600778f86a7ee0c3e298e6cebd3f1de3e8f7dd4aa3c0fac73b8,7fc5a21dc9a250e67270ed8285882f72cde4dc28899e04a3209fffb6c20bf0fd,prediction_columns_v1
e11_predictions_8_f.zip,predictions/E11/9176ac2ffef6b07e04701087_seed42/predictions.parquet,177180,7f32033fd037f50c9fcf5b16137bbe1baf0111f10ad40e4518a4cfc8a250c424,526d058b8d42865a3ec4802bfe6ad79199a9a0dd149ed0bb092c8a3d6b201b20,prediction_columns_v1
e11_predictions_8_f.zip,predictions/E11/9176ac2ffef6b07e04701087_seed8417/predictions.parquet,177034,6de0b5e3780970355b7f54055c9322a2ab70996521d0e0abb9b37f43dd3f9f31,3a770f91becb1604688816ccf395279dddfb37f4e76fc1913c051a7f9d424b6a,prediction_columns_v1
e11_predictions_8_f.zip,predictions/E11/99dea99bfd30f3c6f77d376e_ensemble/predictions.parquet,2900893,45b208c329fd03d09b5ac67390cad5a79003093e80b5cb38581ef42953fcb7dc,7df103300913addbed0a63c52893ce550e53f526387cca389bfe62ec2aab96db,prediction_columns_v1
e11_predictions_8_f.zip,predictions/E11/99dea99bfd30f3c6f77d376e_seed42/predictions.parquet,2900893,45b208c329fd03d09b5ac67390cad5a79003093e80b5cb38581ef42953fcb7dc,7df103300913addbed0a63c52893ce550e53f526387cca389bfe62ec2aab96db,prediction_columns_v1
e11_predictions_8_f.zip,predictions/E11/9b082f0a64180da7307e8974_ensemble/predictions.parquet,254352,029483074ffe808bca11de2cc620d460c51015183e25691a567e98ada54736d6,55caafa3cd43cbd6f27125c5d7a345ed4d798fc58f36c058dea55ed0e3dbd715,prediction_columns_v1
e11_predictions_8_f.zip,predictions/E11/9b082f0a64180da7307e8974_seed2042/predictions.parquet,192171,7c92cef09997a21cafa481a5bf52ba8f5b69db98f14d749e757ade05ed5f8770,a884d000565d2d4f1437adce5501ab989de28750fd806ec479057006c0b1081d,prediction_columns_v1
e11_predictions_8_f.zip,predictions/E11/9b082f0a64180da7307e8974_seed3407/predictions.parquet,192163,0b74bffd06dd12578e4c90982f1a5e16b506791a122b594097e31f81dbdffa72,f515d25f189bd9178134788ce3b9c8ccfa8452b5c563f2b6813a9bf5245e1ba0,prediction_columns_v1
e11_predictions_8_f.zip,predictions/E11/9b082f0a64180da7307e8974_seed42/predictions.parquet,192143,03e7a74238efe17d661095940d165ac336708b8ed9842f9f5fbfda8e2488651a,19d96565e0897c823ae9f46e0801311c81fd3f63a73d7f117d2156eb9c644cf1,prediction_columns_v1
e11_predictions_8_f.zip,predictions/E11/9b082f0a64180da7307e8974_seed8417/predictions.parquet,192150,66fd76a6d9547adb22b5bd93d31f337a957db3c974c61f5c6164459b8e75fac9,d2531cea80f94af6a45ca059917c146eb9285f2db5d6891acfdf852307f14111,prediction_columns_v1
e11_predictions_8_f.zip,predictions/E11/a18e9acd415bb79d0e703469_ensemble/predictions.parquet,3955330,902197c84b32e37295d7a80e5eafac41ab479086457becedfb140ffcf9fc18ee,1859fd1d66d587732679a2cfb3d1d9567c6cd9bbc9c62426e43762c641cb87c6,prediction_columns_v1
e11_predictions_8_f.zip,predictions/E11/a18e9acd415bb79d0e703469_seed2042/predictions.parquet,2943782,1766510f108ca39d5cf55897fe1aaa96ae855bc9e989e94bde018fa696ad3371,4169f02bbfaaff7db83005a644dbeb20ef4f0b510a3ee73c0bbae7afc463bee0,prediction_columns_v1
e11_predictions_8_f.zip,predictions/E11/a18e9acd415bb79d0e703469_seed3407/predictions.parquet,2943741,da8d4b28e5d6abd9ff9f0a27086615b0b49080f763edf204df19b38c52728a66,2e6d5ccfcf5fbe1d3500aa62b210a342109bd967f5c0dfe910c8e87c22e87db2,prediction_columns_v1
e11_predictions_8_f.zip,predictions/E11/a18e9acd415bb79d0e703469_seed42/predictions.parquet,2943444,56b1d70058dfdf7892a38d861089be9b0567de617eee0008e890f01bb257c04e,2dccff48f46e57e3b147cfbd2f912490016c6e9603cb1b67cad0a7d94aa59b4f,prediction_columns_v1
e11_predictions_8_f.zip,predictions/E11/a18e9acd415bb79d0e703469_seed8417/predictions.parquet,2943787,a4bb0d46fd4958f4ff688008854f8f9305514c0ddfaf6bcc5363cf072f59396c,041c9bbd8becbccca8f739946bc73ff9ce53743cb82cb08b1959b3d4275234fc,prediction_columns_v1
e11_predictions_8_f.zip,predictions/E11/ba93bb50eed1bf74e89e5b86_ensemble/predictions.parquet,3144243,ea3128bcc03b71a44dc351691fcda418f55a781b508ffabf09012868cd05c2ac,8b8b309e6b92427e422d16fc448e7a51d8cf04297248555c1dda3446ae92e902,prediction_columns_v1
e11_predictions_8_f.zip,predictions/E11/ba93bb50eed1bf74e89e5b86_seed2042/predictions.parquet,2169688,7ce725d79a217fa9ab800a9fa3b98d0165db856fd34d848c06e5b7457af663ab,23bbda716995069907073fd5bc588b3c0ff391c2deb7fb4e4fc8dbbbc24da485,prediction_columns_v1
e11_predictions_8_f.zip,predictions/E11/ba93bb50eed1bf74e89e5b86_seed3407/predictions.parquet,2170777,f8a0c530a35ba4babdf4fd6c8c632d091534598b2a0c0ae7c9fc5f284ad511fe,4056e39ed3661eed20daf582e8db2461f4eb236b2691cbf3486de5aa6f2ecefc,prediction_columns_v1
e11_predictions_8_f.zip,predictions/E11/ba93bb50eed1bf74e89e5b86_seed42/predictions.parquet,2171999,780c873fa6d093fba00923e26304c66a24610c075ebfe74b454512bc571992a4,faf368027388afa25fe3e0af0ef5c40abbc3c1f225238557e1171c663b267ab6,prediction_columns_v1
e11_predictions_8_f.zip,predictions/E11/ba93bb50eed1bf74e89e5b86_seed8417/predictions.parquet,2172496,702021d5f9a5d0e986870ec14ef8a39017aa2eee2de6ab291ad8ae9fea19a4a8,7b721c3a42b123df1a37d019d3a11f3754ecbcb9d4d7e5a19ecfa4f70fc6af8e,prediction_columns_v1
e11_predictions_8_f.zip,predictions/E11/c6742f73fbbea7e7f77dffd6_ensemble/predictions.parquet,207877,91074695bfc23e733efd816aa24cd6097534ff12938c6faee2176b5b676f38e2,89b3a3ab892a355dcf6ed9f761620c930859d74c0257b8c606869ff01307ab96,prediction_columns_v1
e11_predictions_8_f.zip,predictions/E11/c6742f73fbbea7e7f77dffd6_seed2042/predictions.parquet,180752,0aae9f304a16e874c4a9a6782b012d391c5d798a0221dc3e8c8db92b0610b2a2,41e046987691ae3e82810c5d1f3f658bf0ac56e2abf17a92e774ea4308fbf026,prediction_columns_v1
e11_predictions_8_f.zip,predictions/E11/c6742f73fbbea7e7f77dffd6_seed3407/predictions.parquet,180704,3b66ea506a983f89731c858c7cb95a16890c5b4a2b60664c8038224751765ca3,f15d56c43c384378167f3bf69ae89200f1046dbf9ac418f5bd7767bda4c17c56,prediction_columns_v1
e11_predictions_8_f.zip,predictions/E11/c6742f73fbbea7e7f77dffd6_seed42/predictions.parquet,180749,05e995e9b1f1a69c0e043041afb42abe6386701249ca988caf1f3eebb5a052d5,c22990397adc524f3cf99ba5ba07b7144455111d1ae552ca57ff288f57523216,prediction_columns_v1
e11_predictions_8_f.zip,predictions/E11/c6742f73fbbea7e7f77dffd6_seed8417/predictions.parquet,180746,63296bf2069609a7b9ac04e932f83274bb43f6844a2132785b807aeb4fffbb12,8a55bcd364f27e205956f9b1889e8c3b09d136952e13b5b4505c221d482aaf78,prediction_columns_v1
e11_predictions_8_f.zip,predictions/E11/c7602b26cf95a48e551ff079_ensemble/predictions.parquet,3851897,737dabfffa22a445fda81af0278e04de9e3a0d230765b90510c5a51cc8ac7ee1,5fe3a8698047d596cad2e6223b4599e1430e82a3bbfa4d296f51d149090055a0,prediction_columns_v1
e11_predictions_8_f.zip,predictions/E11/c7602b26cf95a48e551ff079_seed2042/predictions.parquet,3173068,699baa9438fde8636da9f237fa6692038089b91e3008fcdff89d02466f6a166b,173a59017c16c2bcdd49c6efe4c7bbf8c8213ba3e85b0e2a116d845c1cc49f9f,prediction_columns_v1
e11_predictions_8_f.zip,predictions/E11/c7602b26cf95a48e551ff079_seed3407/predictions.parquet,3173248,c52a6892b90d2c139239d30a44b4b5282df2cb75778d7ce20d1dbbdd88fe994a,fb6d54b73a1efd35b1125c99a7b97c9ac59236dc3c57cde20ded278fbacc3f74,prediction_columns_v1
e11_predictions_8_f.zip,predictions/E11/c7602b26cf95a48e551ff079_seed42/predictions.parquet,3173390,9afc8676229ada4fe7f4385d4bab24ab781af83398db6fff368cab669fc01e64,05d36f65ce3420dc559677d0d85531243d4260515b2e4736853813ebadcc2175,prediction_columns_v1
e11_predictions_8_f.zip,predictions/E11/c7602b26cf95a48e551ff079_seed8417/predictions.parquet,3173321,9a33c8db4d6c4ca08886cf2fe8b640c44775ce28668895bc776ab4e8e621716f,2c7ecfa8a4aa24dcabd00e43033bd770730d5e7f6b3bfc2370db96884092502e,prediction_columns_v1
e11_predictions_8_f.zip,predictions/E11/c91ab7cb7b2cb6fb4f70a3ef_ensemble/predictions.parquet,151808,b8b2303b6ac647a69642ad1d621291e075695cddbbfd33e42be93dc794a7dd73,08a4e0cc35cf9860fbf7f5b796fc53ada0c3c792024df6485056844bbedf9d60,prediction_columns_v1
e11_predictions_8_f.zip,predictions/E11/c91ab7cb7b2cb6fb4f70a3ef_seed2042/predictions.parquet,132528,88311b1932d87ebbeafaedced6b760a52e90f367de75d292ae2fee550bb05594,f1d6a0332f9b8c6353678fe3f0426aff7b5965d8bef53828f74074a740c94b10,prediction_columns_v1
e11_predictions_8_f.zip,predictions/E11/c91ab7cb7b2cb6fb4f70a3ef_seed3407/predictions.parquet,132506,555257947c2a86a7adaa27bdd6cd7e901fc086a080c660e93ad30e9208bb6938,b08a4046b0e4713ef70eed6cf3e2099004b0b82dc375fa6daba7e669a884c7af,prediction_columns_v1
e11_predictions_8_f.zip,predictions/E11/c91ab7cb7b2cb6fb4f70a3ef_seed42/predictions.parquet,132529,2b0460d27feb1140e07c2548cf43f065a4d8fd973fe121817f59d4ea89449241,49cd9e454fbd6317fbfb852583d9fda929fe4605189563691b6fdf29f1041d85,prediction_columns_v1
e11_predictions_8_f.zip,predictions/E11/c91ab7cb7b2cb6fb4f70a3ef_seed8417/predictions.parquet,132531,a50e7b1cf915c5ad894cc3795f551d53dc8b45526928db20c06e7491ba164dde,310b9147bcc9fb5ba96935b9c556f3977b387a277e2bd684813490fbd72164f8,prediction_columns_v1
e11_predictions_8_f.zip,predictions/E11/cc1866548bfe8e6d4fb8a03a_ensemble/predictions.parquet,2138726,5f11eff5d322c4d8fb3c0e4115a9fa55f60d70de3d0763c0700fe3e2245faf3d,3b818a5b0482be5a40d421a6eb1addb6536acea59f1e1c1e5cb0ea08ec3e0398,prediction_columns_v1
e11_predictions_8_f.zip,predictions/E11/cc1866548bfe8e6d4fb8a03a_seed42/predictions.parquet,2138726,5f11eff5d322c4d8fb3c0e4115a9fa55f60d70de3d0763c0700fe3e2245faf3d,3b818a5b0482be5a40d421a6eb1addb6536acea59f1e1c1e5cb0ea08ec3e0398,prediction_columns_v1
e11_predictions_8_f.zip,predictions/E11/d9c2a8a77582a7171682f399_ensemble/predictions.parquet,252716,7644a00f10a86de6c8d098b1ceb1700d745ffe63ca8e9975bd70d29888e6dfbf,b393192c3a2478a6fd0d93e61ee94ff96bbfba02a04a50717b36191a2cf59e0c,prediction_columns_v1
e11_predictions_8_f.zip,predictions/E11/d9c2a8a77582a7171682f399_seed2042/predictions.parquet,191920,01e2ba027944ebe6b758e02e062054952e39504b4f0c27accaafe7de30b02082,50bbd97ea999d9aaf22aa676b3adaac77b5f129e9df7ca22a57fa8d8380178b5,prediction_columns_v1
e11_predictions_8_f.zip,predictions/E11/d9c2a8a77582a7171682f399_seed3407/predictions.parquet,191820,7d50713b6e2a1695ca2bd4d74bd0db2f249e0339666817708976bd542df98b38,282075bcda34de014bee3c05ec856a92f9850fc8102b2f48947bbe43af8a6409,prediction_columns_v1
e11_predictions_8_f.zip,predictions/E11/d9c2a8a77582a7171682f399_seed42/predictions.parquet,191732,6deb50220561902a8664f033d294d8efe98e23bdb30ed38021c3bb644ba97893,4798a83428f3b5c34be2aa87ec085ad0ab9b156147b19d7f940963458ab5e83a,prediction_columns_v1
e11_predictions_8_f.zip,predictions/E11/d9c2a8a77582a7171682f399_seed8417/predictions.parquet,191724,db4a9e8370bffc9705d049110b20f751998204659649345ca8f3bad1452eba75,ecfc428aad62150cfee7ad93d0ff3899ec4a602a4995fd57f36d555a4b59cc60,prediction_columns_v1
e11_predictions_8_f.zip,predictions/E11/da3e13064250bdf24857180b_ensemble/predictions.parquet,2367806,d02a442f0a9f61eb3fecd7c2a87132a3b1c474c5444e56ffdd474fdbeee70fe4,cce7de285fc4df6c747ce901717cd37fa8eb01b38ffb226d3167664c99113767,prediction_columns_v1
e11_predictions_8_f.zip,predictions/E11/da3e13064250bdf24857180b_seed2042/predictions.parquet,2016520,f87be4cf93ac8508c65eaeabf79a91ef9856e4bdc6750535cbc049231b5e704d,940b970b0a2a2492702f0ed5a5731110aa193e45090a6a559a53db911ca2d8ba,prediction_columns_v1
e11_predictions_8_f.zip,predictions/E11/da3e13064250bdf24857180b_seed3407/predictions.parquet,2016252,5406222e7441152f8359fdcd2ee3073d1d416878ba9367c42e1c8935834c46c1,e6d94977d3535fcead349cb1184ff809127e1ce85f55fa0c4d83bfd23030a5ee,prediction_columns_v1
e11_predictions_8_f.zip,predictions/E11/da3e13064250bdf24857180b_seed42/predictions.parquet,2016563,b9c734fd52df8ac49e5e439fe6965c00703e04366ab59eb23f0c653ba331eba2,1d7c439b81aa383720d5e26ab19ac2246b5c16525c4e3d1788a47fcd96131dba,prediction_columns_v1
e11_predictions_8_f.zip,predictions/E11/da3e13064250bdf24857180b_seed8417/predictions.parquet,2016503,145e8212e39fc8e286c8a081a1ded810793069e4708f53c1c9b738faf17c3754,301e6997b508ea7c54abb18f10c911750722f74adc8fd177b18b2c2fb0326332,prediction_columns_v1
e11_predictions_8_f.zip,predictions/E11/da8eefed4b32d3df8e1c50a5_ensemble/predictions.parquet,216514,44d3f28496fd4ce69c528f52a589bb9184468e3b4618ba3d0330828e450ca6a4,34381c449d19c8b3959ffbc9af203b66772387059432d1e6a0748aa7404cdad1,prediction_columns_v1
e11_predictions_8_f.zip,predictions/E11/da8eefed4b32d3df8e1c50a5_seed2042/predictions.parquet,190148,fc665e5173ea31eed6d32df6fd368c426217248ff4b5ee7a2a6e7cba7a48849c,ebe2d579b1134d672fa8f2e5ec870686310b300c7e9b140dd6d16157d0ce77e7,prediction_columns_v1
e11_predictions_8_f.zip,predictions/E11/da8eefed4b32d3df8e1c50a5_seed3407/predictions.parquet,190148,74c435e39b5b37f8ae7e9d7c5ec592389ee0b82ca9166b0810ed3d96ed7be36f,139ccf4ccea5021d2cad57bdc21d9fb8cff744256e0394684867407b895102cf,prediction_columns_v1
e11_predictions_8_f.zip,predictions/E11/da8eefed4b32d3df8e1c50a5_seed42/predictions.parquet,190151,3bb5505d6bc9d42f5a1596cb6d452644525d3db3c0c9d943207e8e73a759f67c,f81e9b31e540c2d46bc083965d4f13ad13d75144a58a6acce9e271f144598c91,prediction_columns_v1
e11_predictions_8_f.zip,predictions/E11/da8eefed4b32d3df8e1c50a5_seed8417/predictions.parquet,190154,1406f0b2c4dcc304474e03d4ba810dbaaa4e3ac364d83eb897f00b001879834e,ecfbeb0df61eaba4d187b912e50153f441481c9fc9bdeb16434e961cf5e3f89c,prediction_columns_v1
e11_predictions_8_f.zip,predictions/E11/dae351f55c765a1ece7f9b1d_ensemble/predictions.parquet,3160883,bd7c8a44649f16a5c84e8e2bb14cfcc66d838c5b5673ef4aea287266f89d5a66,57f7cbd1e549d6fb45e6a0188c826b43f118ba482c4445412855df0764dbb0e3,prediction_columns_v1
e11_predictions_8_f.zip,predictions/E11/dae351f55c765a1ece7f9b1d_seed2042/predictions.parquet,2175211,c86479de25be77b52d09012bf326f7053a32be22914b3dd16457e479b0841ac2,229fdee94294ce8b5cffab312c264ed5cde894669c139782173478cba491d451,prediction_columns_v1
e11_predictions_8_f.zip,predictions/E11/dae351f55c765a1ece7f9b1d_seed3407/predictions.parquet,2174927,76cd3472fea34b25cefdad9a82b9eaba7e57371ce3855ee014dd9438b8c707e5,950c491356a19cdcdeabc7f176a5c1746531abce30f2a8508d96223c04dc9ac5,prediction_columns_v1
e11_predictions_8_f.zip,predictions/E11/dae351f55c765a1ece7f9b1d_seed42/predictions.parquet,2174948,704d372e811f3be75afb70d111c02a6de6661e6bc6fceb8f76a2df1f0d398397,6ded683e7614656b14d5c8caf7e21b03f5476444966f2320ba253391ca409d0d,prediction_columns_v1
e11_predictions_8_f.zip,predictions/E11/dae351f55c765a1ece7f9b1d_seed8417/predictions.parquet,2174809,c91dc5e408f48ee817996c0e913ecc6db1a6de68eb1b670e79a6e7401b59a9bb,290323be52b3d571c28f9a113427b9fdc5ce23a235434bbc378842c849acd2fe,prediction_columns_v1
e11_predictions_8_f.zip,predictions/E11/dbbfd1a0bff58289a76c2df4_ensemble/predictions.parquet,148565,2edf94938498cf45bef635cb42a7b9b7f67edad8443906579170a18ad102bde6,3a47f47cbaaa89b148a2987083005e2d0c78c420eadeab5c06ea2236d63f8f4b,prediction_columns_v1
e11_predictions_8_f.zip,predictions/E11/dbbfd1a0bff58289a76c2df4_seed2042/predictions.parquet,126798,5e209d2e5354ead7ced6e5e6591a1592ac7e0655073e596e270b991e033e24a3,690fdec34cf416f4e639c22caeb1e7c7f230899b797c047e4e273fddd454190d,prediction_columns_v1
e11_predictions_8_f.zip,predictions/E11/dbbfd1a0bff58289a76c2df4_seed3407/predictions.parquet,126785,0af99879c5adcd54cdd53b0eee589f6bec5ea3173503d906887d421d09b400f7,bfd00809a81d36c94288d55946c359add6a49207dd8dac6a0574248a5d9baa69,prediction_columns_v1
e11_predictions_8_f.zip,predictions/E11/dbbfd1a0bff58289a76c2df4_seed42/predictions.parquet,126803,039cd897bfb241f37726fa8ea450ab40bf20494b39b91be4cab2316daafa02de,23d592b8a7ddae1d0c1173f21fb9ee6c545a0c33ea2d3e259f2d52d80fcb6739,prediction_columns_v1
e11_predictions_8_f.zip,predictions/E11/dbbfd1a0bff58289a76c2df4_seed8417/predictions.parquet,126798,6ca6e53f5f88da5e20074fc17408c23d4b94d46d4bf6c94ea24c4318030f91fb,6c3baeda5b2ca4d2cb60663119834b9f8644d850cc5e35af32dd9f6a28847582,prediction_columns_v1
e11_predictions_8_f.zip,predictions/E11/dc2b3ecf2473c25ea4ec870a_ensemble/predictions.parquet,157786,9f6064dc088b819de8695a977f3e77d66da6a2272e50fdaaccfb77c20e40ab7b,66472b1f7b6d7675079cdb7345042b05a638b7b32f2fbb72fb81563081686be1,prediction_columns_v1
e11_predictions_8_f.zip,predictions/E11/dc2b3ecf2473c25ea4ec870a_seed2042/predictions.parquet,128653,9859b9ae8afb7c5fed1d8518adb7889fc55fa668a671bf81d4c416aa1faeb92b,0f6ea72b3d8d4d0e8946ed63b00d0ced4db2c3de8e60be7dee7a3d58f06e433d,prediction_columns_v1
e11_predictions_8_f.zip,predictions/E11/dc2b3ecf2473c25ea4ec870a_seed3407/predictions.parquet,128638,abd0eab413bb4fafdda6c84875533b994f09a7829bfe1c9202d9de08ec14f23b,9852e87122ff81f364f1b22e274c669f79f22d3c56332f9f1f44f02b525e87b5,prediction_columns_v1
e11_predictions_8_f.zip,predictions/E11/dc2b3ecf2473c25ea4ec870a_seed42/predictions.parquet,128654,97b8adf94cf53f53a138c272c859c8dc0edcc5d97b6145291dfa9d4048f863d1,a2cdbc9b080c0e12f9895d168b51ecf8c34bc93ddbe0ba9b4d2a451fb6646933,prediction_columns_v1
e11_predictions_8_f.zip,predictions/E11/dc2b3ecf2473c25ea4ec870a_seed8417/predictions.parquet,128650,47e2a0ec4d395143f572fca717312d9b2cd4c282a74b4dbec9641287ad846c8f,32b087b244b18dedcd0ad63fe95464fecef29d15044c291f8f9ab55e1551e949,prediction_columns_v1
e11_predictions_8_f.zip,predictions/E11/dc9c2a1689609d1351f44f1d_ensemble/predictions.parquet,216834,bc9b90e81b697cc65128b2d17b4f9027538d1e56a5c7c3bf225891619d9c35da,650d4dfa55315cf774062a20745887f94816985042ad7b78f7617a76a9ebae0c,prediction_columns_v1
e11_predictions_8_f.zip,predictions/E11/dc9c2a1689609d1351f44f1d_seed2042/predictions.parquet,177044,a0c3320331ed67d1c1f047d22cd1ffb8d81ac28408b3f060aee2f358e6c087c6,86623825d4acd8d33062ea4b6529193a0fa7a887fdc75b4acc2850a78b403800,prediction_columns_v1
e11_predictions_8_f.zip,predictions/E11/dc9c2a1689609d1351f44f1d_seed3407/predictions.parquet,177066,03aacf1bf61eccd66f28c144a3c78a1d489a0942ab22ad53f912698601e24a8f,b0ec666449af45a369b7d6680401bc59229cb64e76dd26ee0d15815209433af4,prediction_columns_v1
e11_predictions_8_f.zip,predictions/E11/dc9c2a1689609d1351f44f1d_seed42/predictions.parquet,177104,348d8693ada66d2dfbe2a1d00de660207d16a38cf3ac0e7a9cfa4dd781099860,efb86fdd6295667124e9b11c07cfcf26b0442b5a4a1b64f4e3137aba3841603d,prediction_columns_v1
e11_predictions_8_f.zip,predictions/E11/dc9c2a1689609d1351f44f1d_seed8417/predictions.parquet,177030,325cf0bd38a7ee2e5dc949200c869041285456fcee3ed10ce9f94237867e6a53,03bc706cb1b862bdc52e27bff5473905ab9b550081da013a652683fb9f6df91f,prediction_columns_v1
e11_predictions_8_f.zip,predictions/E11/e31086c301222f300869cdac_ensemble/predictions.parquet,190690,2b2df160cbc0e3090e350fa84e1754c283ce22c9383e72760c8f035cecca93f2,c3790cadb381713dbc416b2754ccd1238d5916116fdd9dc697d2bbc17cf1045e,prediction_columns_v1
e11_predictions_8_f.zip,predictions/E11/e31086c301222f300869cdac_seed42/predictions.parquet,190690,2b2df160cbc0e3090e350fa84e1754c283ce22c9383e72760c8f035cecca93f2,c3790cadb381713dbc416b2754ccd1238d5916116fdd9dc697d2bbc17cf1045e,prediction_columns_v1
e11_predictions_8_f.zip,predictions/E11/e4375e1c2680b2dc32b6c49f_ensemble/predictions.parquet,230782,07c2f02db389390654c656f7862ca118e031bca386b872c1f23b6f65d49773bc,84f2b76aad0a1c9c948a9c297ef720c236d260dc1082bce4993e11fe404d2bb0,prediction_columns_v1
e11_predictions_8_f.zip,predictions/E11/e4375e1c2680b2dc32b6c49f_seed2042/predictions.parquet,187434,f4fbc8b750aaf1cac093ff649f4e84e203ddfaa4aab409bacf20d740a022d96b,e11099513ac9287e7a91c3af348e508933b5190cf69d567999eb37efe0e8967f,prediction_columns_v1
e11_predictions_8_f.zip,predictions/E11/e4375e1c2680b2dc32b6c49f_seed3407/predictions.parquet,187449,46b8a033f7fc2f54be80e84bf47e4c4dcea23044266316abbc19b5f603fc2c91,0883a878ac8e83906c72d90f7261015023f09d5235cf470253e98fa62fd1ebaf,prediction_columns_v1
e11_predictions_8_f.zip,predictions/E11/e4375e1c2680b2dc32b6c49f_seed42/predictions.parquet,187436,b4139a6a209e813560d161ba2349604e4572aa5f210e8475caa300663a25baa5,6a34226fd246991b6608a0296befe7190693c92f790434a5dead92323f432525,prediction_columns_v1
e11_predictions_8_f.zip,predictions/E11/e4375e1c2680b2dc32b6c49f_seed8417/predictions.parquet,187433,560dee9962911dfe6ccd2cae4aaa52774aac72828742b81c772d525d7b404a05,088019942f8b85d5c1c70cdd652eb5d61b32e95f9f6bb7b78e42c6f5bdbe5637,prediction_columns_v1
e11_predictions_8_f.zip,predictions/E11/e92e0f8cca48f5d06a6f6060_ensemble/predictions.parquet,170578,85277a953119cc70b8a79c6d3d57fb49844ba5e25c58cb6742b7f35495f6eede,9c5bb9604ffe15bd87db59177aa15f381ded7e51746723b42be7cd9143d8ae75,prediction_columns_v1
e11_predictions_8_f.zip,predictions/E11/e92e0f8cca48f5d06a6f6060_seed2042/predictions.parquet,131184,593f35e91e23801785e4bc0153799be9c9881811d1d554a5c10f7967f8a80ce1,2604adb933f188aa0b26c61613a7c4e427889ecf05a63b3c44acdbd730e85964,prediction_columns_v1
e11_predictions_8_f.zip,predictions/E11/e92e0f8cca48f5d06a6f6060_seed3407/predictions.parquet,131137,401af83344a471920090f47c66082b5d08795e72abfa7f73ec109664f8c31273,a22e8d09f247135588e34914793857a18f2d89465e57cd9edbca8de44cb1d12c,prediction_columns_v1
e11_predictions_8_f.zip,predictions/E11/e92e0f8cca48f5d06a6f6060_seed42/predictions.parquet,131235,27440af9a05f620a029167c975a1558d322e81cbe64ffefbcb9c0489df0df36a,199e7732018c427ca4e216b43b0c20a4ac02530bcce6956951f52e07ca0d3ed5,prediction_columns_v1
e11_predictions_8_f.zip,predictions/E11/e92e0f8cca48f5d06a6f6060_seed8417/predictions.parquet,131144,6f4f5c3119cd917cf592a9132f973e14bce7463d0ee340d737fcb1185d8f1316,bb2a22b367b529b96c4a375406075b37ebd007bdad01e052a39a8ad043bab92d,prediction_columns_v1
e11_predictions_8_f.zip,predictions/E11/eaa67964efa9851afcdb1ebf_ensemble/predictions.parquet,3460235,3f4cb738c0313be106926d2a2ee4183f76f793893825cfeb36532303fc63ad92,635d254534c061395cf3d76878136fea9eb02e040242cecfb49a8492e6e4a9be,prediction_columns_v1
e11_predictions_8_f.zip,predictions/E11/eaa67964efa9851afcdb1ebf_seed2042/predictions.parquet,2899260,5d5a2e2e0d36daef4a3f101ec8a54b2f5fcd93f08dc8222b904bbfcd7e2d73a9,c5eafe5e9da9730ea992c3993a6ba892f07783de0a68347502ce5f45c99a8fb2,prediction_columns_v1
e11_predictions_8_f.zip,predictions/E11/eaa67964efa9851afcdb1ebf_seed3407/predictions.parquet,2899144,a74152d6926b52da85fc50a1663175e0937ff7de4ffd53eaa86dd2a9051a1778,71d6c20d31937bce37c3c98463ca5d0c53fc63da1f24939a6e790f523d6f6fb1,prediction_columns_v1
e11_predictions_8_f.zip,predictions/E11/eaa67964efa9851afcdb1ebf_seed42/predictions.parquet,2899174,50098e5286af346ca314733b8d253ab53015e1c23cbe245e36723003bba4e3f7,1f2351e718ff6cc3fba3eff3ff6eb7ce3c23b2df271f71a81b5fa29d79bf9099,prediction_columns_v1
e11_predictions_8_f.zip,predictions/E11/eaa67964efa9851afcdb1ebf_seed8417/predictions.parquet,2899142,e6ebb9c39690a3abad76a7d774d2b584f5cf95b1f7ab39b9dcb35c2422de811f,66e627250eaa4978d5618fbf709fb98c221066d6fb2dfa4dd5a9f5e849786032,prediction_columns_v1
e11_predictions_8_f.zip,predictions/E11/f3721857b1b1f4415315b465_ensemble/predictions.parquet,3947510,ac83918cde4fbba3ff115166ed1e56d8e9a96acad5cd1d0ed11edb916cda2e21,ed64f2b6fc9fc8424956377252f6d539947b67939a6fd50e9779c15f847a1e65,prediction_columns_v1
e11_predictions_8_f.zip,predictions/E11/f3721857b1b1f4415315b465_seed2042/predictions.parquet,2941848,704621c85dba4eaf958fd5571c9e0692bc486f4a6cb32d2de7ac1f89609118cc,1430747c7a998d5641ec5e0948ffaa8360b29620cb89101fba78d20d5d5e66e0,prediction_columns_v1
e11_predictions_8_f.zip,predictions/E11/f3721857b1b1f4415315b465_seed3407/predictions.parquet,2942178,f9bafc50e7803f4876a8d07369e70edc30548fe028834182bce07c702c891dbd,cf90b97f431e350de53fa36689d6020c14dd781eb7db4ef1f3e1260089a1a73b,prediction_columns_v1
e11_predictions_8_f.zip,predictions/E11/f3721857b1b1f4415315b465_seed42/predictions.parquet,2942161,a0882eb9d647640343cb9810465b997d2e7195660024ff2cba5cf1e51fea8aba,e595a4b9fe88c05fb020da88d18e7a95bcff3d85f80d1092d5f69bc6b9b643f4,prediction_columns_v1
e11_predictions_8_f.zip,predictions/E11/f3721857b1b1f4415315b465_seed8417/predictions.parquet,2941741,3f46b14469e628a9d7fa7c58e169610b205f9aebe4753a4b85c5c754957eb491,50575ed61601f739aa2ca77cb8f2120faea1c554b49a1db214170832fcca0741,prediction_columns_v1
e11_predictions_8_f.zip,predictions/E11/f485f5fddd4b91cb1d418f56_ensemble/predictions.parquet,226317,523a270510ccb66b98edc8392b60996add4894e63b794842eb2102f0edcf34ba,918a0384a8d73a85400a3be2520c9d4ea9e58333e4e8a99e5ea62a52fd92e3ed,prediction_columns_v1
e11_predictions_8_f.zip,predictions/E11/f485f5fddd4b91cb1d418f56_seed2042/predictions.parquet,186506,48e2072fd82f19ceffdf1c4550da1557a2497ea6652725eddf58ddfb09de5253,d11717e1f56feccd2964c81f307e9ce57d744717f9a087185a8db75fb60e81c6,prediction_columns_v1
e11_predictions_8_f.zip,predictions/E11/f485f5fddd4b91cb1d418f56_seed3407/predictions.parquet,186510,b83c922efd8a465169c61fe5cb37894c1ea26e49304625ea14e4b4fa2b243f02,c63030dfbbef9fd52a73a3463f0723ac41b0db7bf2770d555b5b6ecf8fe5dba2,prediction_columns_v1
e11_predictions_8_f.zip,predictions/E11/f485f5fddd4b91cb1d418f56_seed42/predictions.parquet,186534,031f98da36a371a50c090e87f1dae226e4ca6988261b3bcad6e08cce73471555,3b62aa7f15cd8b0f0ba7748c3f0dd175d02fc70ca60f29ccdedaad4cd0dc0aad,prediction_columns_v1
e11_predictions_8_f.zip,predictions/E11/f485f5fddd4b91cb1d418f56_seed8417/predictions.parquet,186519,eec6eb57ca3b6779c6af41da5b906a89b58d27fe644efe06e5fa105f90291aa6,f4c3f365aa68c468982460f0e156929793e546b5e6d74492bb0396781b7cd493,prediction_columns_v1
e11_predictions_8_f.zip,predictions/E11/f5b14eacbc5f06f893ecf18f_ensemble/predictions.parquet,3800547,ae185eb10042eff552e6898f4db5adabf8c871b80e7d71867f5bb98c0f434438,6fe31cf155718154dc791d5067c958ef8c18ba0fb150a380dd041aa72f032628,prediction_columns_v1
e11_predictions_8_f.zip,predictions/E11/f5b14eacbc5f06f893ecf18f_seed2042/predictions.parquet,3218847,c975220601f488c3081b10a9b4399efa76cd1468065a1b9f0d27ce73c469483c,1c3eef135391ac53e4c5f2a90d36834c1281bb61b8cbcc0a1cc4ee290a926bac,prediction_columns_v1
e11_predictions_8_f.zip,predictions/E11/f5b14eacbc5f06f893ecf18f_seed3407/predictions.parquet,3218961,13ac99a7b353ba26deb2d5ba336ef8fd3c1c5b02bd7b536ab327a992fe708404,530d483870e02b1baa65e6aa8ecaef035369670d9756f46da3e68f59031f0d50,prediction_columns_v1
e11_predictions_8_f.zip,predictions/E11/f5b14eacbc5f06f893ecf18f_seed42/predictions.parquet,3218825,7d05f7e32fda2f83e920742894b97e9142a404c59770ccc8156ea2e4fd423273,c2a4625fc70070e44f7099968a4c046722162afb773421acb515da0ce0d80eb5,prediction_columns_v1
e11_predictions_8_f.zip,predictions/E11/f5b14eacbc5f06f893ecf18f_seed8417/predictions.parquet,3218845,480b869a0bb9efa1090ede09bec728ef741d36ff09d05980ddd0d9b69cd1da4f,3c01467854aeb167aa25fa681cff9f750027086e20175ae2207287d7b647699f,prediction_columns_v1
e11_predictions_8_f.zip,predictions/E11/f6fac0cf420362e7588af1b2_ensemble/predictions.parquet,217619,ae5d3899761d2610af3bcc34995153a098a621a5df9e1e5c56720cdaf2bbb2e8,aa46e331fba7b27fc42dd16f2225420dc8069a0c8da231b69956be35ae2e9b6a,prediction_columns_v1
e11_predictions_8_f.zip,predictions/E11/f6fac0cf420362e7588af1b2_seed2042/predictions.parquet,177246,691bddbf13176f342c4a79d100d229b6314ac3b740ff89426f62e880e8794652,4124333adba0b4c5bf6578c637310b14f5d777c7271d2539f5f013b2acf42d72,prediction_columns_v1
e11_predictions_8_f.zip,predictions/E11/f6fac0cf420362e7588af1b2_seed3407/predictions.parquet,177251,e442e92138c652f5cc95f1588a166c739e7b40f27230bd1709c3b1b56a4d99fb,f4a4c22cbd002d4a0576c4e5acafbb91736f21fd29853bf3ec123585956c6335,prediction_columns_v1
e11_predictions_8_f.zip,predictions/E11/f6fac0cf420362e7588af1b2_seed42/predictions.parquet,177250,6419ccf09e42a39b1e20cc465f154192ee6429b0f967f986d94cc6f6c3a5beb5,1bbaf2c7c7a79f5d0e01c90be3cb611fa69cf253f3b07630d554e2940a51faab,prediction_columns_v1
e11_predictions_8_f.zip,predictions/E11/f6fac0cf420362e7588af1b2_seed8417/predictions.parquet,177250,180008ba95cd1a453712213b884b4f01f2c2977bd79828c7140fd9458e478e45,d438ed09ef72a507a3a3b26c9092be37619fd4ff0bbade93e3cadf6cb1616b12,prediction_columns_v1
e20_predictions_and_representations.zip,predictions/E20/M00_MOL_Z_lightgbm_ensemble/predictions.parquet,199054,854eca8a14ecd8eae7bb76d61733c0a15063fd38d7bfafaacdbaa211331e930c,61c2bbaec5a505da29159067f46e50c2f014068626c0824921da6f545dc5850b,prediction_columns_v1
e20_predictions_and_representations.zip,predictions/E20/M00_MOL_Z_random_forest_ensemble/predictions.parquet,201558,00fd9fea9f4b4993906db8d58cba6bd921bda374ac8e5134fa2a9f894bed13b5,8e0d96544ff51f5937050da591b0dd5f26ca5f12cf4d1a7f7af99e1c73583a78,prediction_columns_v1
e20_predictions_and_representations.zip,predictions/E20/M00_MOL_Z_xgboost_ensemble/predictions.parquet,171785,dea607134c351224f66f3ec901f60fc8f7405eabd8dd00c52d3c0abccf07fb21,f3df319ee546bc79d5d3191f09c67e383b674bb6fe2848a984f18dfde4668588,prediction_columns_v1
e20_predictions_and_representations.zip,predictions/E20/M00_Z_ONLY_lightgbm_ensemble/predictions.parquet,199522,cefe2cdc484d5a0d3a0ca37510942df68f13c0e8a9f3a9fce88cc973c00ad4c5,be79d30f88eed9705607b7fe2eb7f6a010db0ec34d5c8d671d92f39e193895f6,prediction_columns_v1
e20_predictions_and_representations.zip,predictions/E20/M00_Z_ONLY_random_forest_ensemble/predictions.parquet,201517,42ea24fb57086bfe1f8aec1aa1e191da94700596f53ea46732384e84038cc11c,05c4792a3cd7a58ce54a31d3283bf2676ce74fc03f249be8f6958100f4311da9,prediction_columns_v1
e20_predictions_and_representations.zip,predictions/E20/M00_Z_ONLY_xgboost_ensemble/predictions.parquet,171658,b8382cd6171a13fa472b42d180cd38e7d0a721eaa0680f678b984a7720d23efb,b8097e93425a6f8913a2c8093c2e9641f8a92a4aabad75b242f82d64145fa0d9,prediction_columns_v1
e20_predictions_and_representations.zip,predictions/E20/M00_seed2042_MOL_Z_lightgbm/predictions.parquet,136932,a975c4d167a578c9e4b176f2373a922b52c147987e0e34643da8e63e082cf28c,eb98d4acb7cf43d14719a28e202ef55c31ef713cfb04b2ce6c6028ab67e5a56c,prediction_columns_v1
e20_predictions_and_representations.zip,predictions/E20/M00_seed2042_MOL_Z_random_forest/predictions.parquet,137405,29bf9fb53b1a9edca6b2a97d3a8813c48357bf0d7a8d71fd2051cfd609f6dd48,12c75a4b1ca30324083a9163c7a83b9226762c30b84943c4ace4429acaf68425,prediction_columns_v1
e20_predictions_and_representations.zip,predictions/E20/M00_seed2042_MOL_Z_xgboost/predictions.parquet,131398,2d7adf70dd1414f75a0a0e16b9e526635960b122739eb49644f39a51db26433a,06f6d723c771bad61026eda1b74549fd4cba3116197f20694cdf76197684e0df,prediction_columns_v1
e20_predictions_and_representations.zip,predictions/E20/M00_seed2042_Z_ONLY_lightgbm/predictions.parquet,136928,6f4fa95fe4f714a2bff5ca1e82aeed21be51f6fe501639868e7f4f2e7faf6668,e40e648423c26367dc5057a340dcef4808950890555ab095fc485f368ab62e73,prediction_columns_v1
e20_predictions_and_representations.zip,predictions/E20/M00_seed2042_Z_ONLY_random_forest/predictions.parquet,137389,b40ccec3e44b0375a10a73be5baf56339d8d20f4450de30a4fa8cc2919f5f65b,f0c6db1a60459881bbfa7ac64ffecb4cbada5c79db65c17e086e1abd69edc3ed,prediction_columns_v1
e20_predictions_and_representations.zip,predictions/E20/M00_seed2042_Z_ONLY_xgboost/predictions.parquet,131399,61d6e5016a139ff1e464a4c58f1b21f25bd6c44a85269b3c59d6d57bb29fee95,c85d018ec53795865c2c400f0f0f349dd63f6bec276cc5997605f8741685c15c,prediction_columns_v1
e20_predictions_and_representations.zip,predictions/E20/M00_seed2042_export_test/z.parquet,2004794,40ea4c255383a47910f8669e603ff42c9c6335d91de68b83667de8a9fa996196,40ea4c255383a47910f8669e603ff42c9c6335d91de68b83667de8a9fa996196,none
e20_predictions_and_representations.zip,predictions/E20/M00_seed3407_MOL_Z_lightgbm/predictions.parquet,136684,bea385baa7ece0ec25460dc20c17bf97b74de64a8ac81c5968596156f1ed9081,6e479fbb2836f099d3bb5211e945d9b5775763a2078d87b43f7df317bad1c053,prediction_columns_v1
e20_predictions_and_representations.zip,predictions/E20/M00_seed3407_MOL_Z_random_forest/predictions.parquet,137409,edfbcde8b0a0525040859ba4255eace424abd9a96aeb7db649944a743889a6ba,ef7a8f7899dd6dedc2ed1cf0353689afd5479a350680a0fda3c3581904e64cad,prediction_columns_v1
e20_predictions_and_representations.zip,predictions/E20/M00_seed3407_MOL_Z_xgboost/predictions.parquet,131441,264983a65e63c5f1d0d9ad1a2f7a898e9856adc9edaa858e314c182e5f74be64,55f7b67ccf788ff0cde623671cc6ce1d6b7116914549fcc01de07ddfe63094e2,prediction_columns_v1
e20_predictions_and_representations.zip,predictions/E20/M00_seed3407_Z_ONLY_lightgbm/predictions.parquet,136681,b14b3bab928e54998ce55be2f883a832481396a161aaf37d29e2777f351f71c4,205d9f5040475a3c3f35586a333b466f848f35b5da722b9764e3a623ce7e572c,prediction_columns_v1
e20_predictions_and_representations.zip,predictions/E20/M00_seed3407_Z_ONLY_random_forest/predictions.parquet,137406,046e9c60046da284015b22b87fc1858f2699e2f6c3664fa36d0bf370de460b41,cdf71eb60cbb5bf9e99c4c9d9d527ec0e6d00601ef10cb7e420c96c9087bf6ab,prediction_columns_v1
e20_predictions_and_representations.zip,predictions/E20/M00_seed3407_Z_ONLY_xgboost/predictions.parquet,131405,340a7ee24374bd36f9df2919fc1fb8234d33592cc442fc38ca7ef33d6e92a446,9fa74ce4abb633317060963d3a399a1250b9a08a26a535ad9a1153f5672be5c1,prediction_columns_v1
e20_predictions_and_representations.zip,predictions/E20/M00_seed3407_export_test/z.parquet,2061594,723b32a55e52539b83f914c52f910949cffbe8bb7ab148333ae0d190075453fc,723b32a55e52539b83f914c52f910949cffbe8bb7ab148333ae0d190075453fc,none
e20_predictions_and_representations.zip,predictions/E20/M00_seed42_MOL_Z_lightgbm/predictions.parquet,136657,e572f2082e61109155f0133d5b8e33460f9f4765a9a30e030474d0272e8dd851,ababa0a570ee95aa3fd410a6269e50d71d384c662be898d583364533584e5299,prediction_columns_v1
e20_predictions_and_representations.zip,predictions/E20/M00_seed42_MOL_Z_random_forest/predictions.parquet,137417,4ff4519c976f1528874c134ddab0dafa62aa1e5e1a643d63677706507f26f735,653b16866f3816339bfad9c9386650d30d7da7410f9ce5ca7f0edeaf66a204c9,prediction_columns_v1
e20_predictions_and_representations.zip,predictions/E20/M00_seed42_MOL_Z_xgboost/predictions.parquet,131436,733c80149289563b39f61cc2af450bfe60f23d723ca315af4dd96ffb7dec69d5,ec0321e9d9e5862cbd44546f40cb1398881314f5f05f8763b42cadeaaa495d8b,prediction_columns_v1
e20_predictions_and_representations.zip,predictions/E20/M00_seed42_Z_ONLY_lightgbm/predictions.parquet,136651,b9b436076e32f3c3d3d3ad170336721ec130cff9b755e6a3966da12f48dbd9ea,7a18b77ce75b979bea1531b6c9bd4fda86758df79fff1caec862b8470fb502ad,prediction_columns_v1
e20_predictions_and_representations.zip,predictions/E20/M00_seed42_Z_ONLY_random_forest/predictions.parquet,137407,6cd0ac455a14554bd5534b941749d4f40e1a636114423ecbe7422b819d53b314,b0191622e15b7b36268eb0576f9b33abf767cd247c8ada93ee8ecff6a67912fd,prediction_columns_v1
e20_predictions_and_representations.zip,predictions/E20/M00_seed42_Z_ONLY_xgboost/predictions.parquet,131434,8c90f6a77274c3af71c6f282479e6bb32c3e6c77cf69c47fe5f3556d8a00fefc,314af90a8a3f03854948f8335a5c537097774ae9e4c1c174c4d4d64bf28605ce,prediction_columns_v1
e20_predictions_and_representations.zip,predictions/E20/M00_seed42_export_test/z.parquet,2064230,a2fafb17a8d88476e54ab1731e784c33ea9e05d416f7d7f2c02c76e5662a855a,a2fafb17a8d88476e54ab1731e784c33ea9e05d416f7d7f2c02c76e5662a855a,none
e20_predictions_and_representations.zip,predictions/E20/M00_seed8417_MOL_Z_lightgbm/predictions.parquet,137111,9c38e0300cdc2e9d101e87aa2b715b6d72247d2ee16daac5c09fb5c7a7b14cc0,219ea5c3bfe9c7753d23ba2dccd96f2cac19d2735729ee7e2c2d7d34c0987fcc,prediction_columns_v1
e20_predictions_and_representations.zip,predictions/E20/M00_seed8417_MOL_Z_random_forest/predictions.parquet,137386,2f45c9cb93dd155af40b1904e4128e402f1b0d100b4864ad7e2f7e42bfe59d58,c1c8c36647ceb70051f89ab050f76b730cb54ed457296414032b046f5fdec020,prediction_columns_v1
e20_predictions_and_representations.zip,predictions/E20/M00_seed8417_MOL_Z_xgboost/predictions.parquet,131459,4198c84bac1a9f9d17b8acc0f3b8fea1f4de0785ef9710b33eed0f69c0380ae9,243a3462b7365ff24b57269770c630e3e72612364fd1bcbc7b6d87fc528691f3,prediction_columns_v1
e20_predictions_and_representations.zip,predictions/E20/M00_seed8417_Z_ONLY_lightgbm/predictions.parquet,137350,7557e25f424c0e61e290723061cf45ef9cb18ffa5de37be5f24158c618416f72,e8ba634ee0abd82971f475bea528e1a2f82155df3b7e3c51692f4b7b37562fc0,prediction_columns_v1
e20_predictions_and_representations.zip,predictions/E20/M00_seed8417_Z_ONLY_random_forest/predictions.parquet,137385,8fbe2d4c44dedd7219d2abc6de8dc6944be5dd882351ec98f24f80857d90872c,f0a011bf903158be2b338f126847831f4651943e19445855571a50b29c0f184c,prediction_columns_v1
e20_predictions_and_representations.zip,predictions/E20/M00_seed8417_Z_ONLY_xgboost/predictions.parquet,131388,e96415b3680c854600f0841727aa38c80753f01578d020209709723547b99af1,ac2231a6e4748958819cd52fd139f18d579f3fe37b287bd31ea6f05a8f159c20,prediction_columns_v1
e20_predictions_and_representations.zip,predictions/E20/M00_seed8417_export_test/z.parquet,1996357,26934733dd91294bb6deb4fff718dd86879d66ae537ab1ee51794fff3d386ee7,26934733dd91294bb6deb4fff718dd86879d66ae537ab1ee51794fff3d386ee7,none
e20_predictions_and_representations.zip,predictions/E20/W00_MOL_Z_lightgbm_ensemble/predictions.parquet,3215621,696d4490b0f6e6ce8472a2f2eee34a9d30b391dfaac74f114b9109450812ae55,913bd1cda4f267432ff7231204815939096f92a844e77a70a17691f1d6fc5219,prediction_columns_v1
e20_predictions_and_representations.zip,predictions/E20/W00_MOL_Z_random_forest_ensemble/predictions.parquet,3217755,feec41de6acce42862814f7b3851238c94cfd63460e5ba11c6f4606c33714965,f009d84c380b735235539e502186d8249618bde58a94c84b232281a7ffcb7f79,prediction_columns_v1
e20_predictions_and_representations.zip,predictions/E20/W00_MOL_Z_xgboost_ensemble/predictions.parquet,2785326,97e4b7bae7b98b218720f0d69c7bf139485f78f027f4101a0ed553b63d7914be,f8075763f15058c330e83a260324550c35362f2eaa005068065e9b194d0b2e7a,prediction_columns_v1
e20_predictions_and_representations.zip,predictions/E20/W00_Z_ONLY_lightgbm_ensemble/predictions.parquet,3215625,67bb2bbe361009f36ab5c1516896ab80453b67e3a6e6ade8f03e850396d2a8a6,c26e7e041f19d381487105e3dd75cd772b722206d5318d3911267e0f5f96e28a,prediction_columns_v1
e20_predictions_and_representations.zip,predictions/E20/W00_Z_ONLY_random_forest_ensemble/predictions.parquet,3217825,7b4ac03972d2b90367d342118d3fe91fa6cf81de0af34699649aa1897b1ebcab,b86eab28de87fc1733af8aa9dfa4066c171bbc7b997591349a50cab9af40cdd0,prediction_columns_v1
e20_predictions_and_representations.zip,predictions/E20/W00_Z_ONLY_xgboost_ensemble/predictions.parquet,2785080,cf7c0dc2cc39869555f7fc2a71e34698543264b3c830b28f92fd29dee8aeac24,bd66f083909f3d649aba49011f55297f3d6fcbcf55c4c2c8a1ca74718a3e2ba3,prediction_columns_v1
e20_predictions_and_representations.zip,predictions/E20/W00_seed2042_MOL_Z_lightgbm/predictions.parquet,2185831,d34bf4d40d3d0e35f0f29a029fdd6e7d7e45e4790c41f8c423edde58aaa76da4,83714d25cd13d12994e0fe8a56c4f48a3127103848c5fc7e294f1492c4cf8c86,prediction_columns_v1
e20_predictions_and_representations.zip,predictions/E20/W00_seed2042_MOL_Z_random_forest/predictions.parquet,2186468,4a05abb851bcbafb709177cc227865f968913fb3346136c917e016ca2caf5bb6,89a07277369ddade00dae9980be90fdee6c1d793f565df28c9f24fe88f47d363,prediction_columns_v1
e20_predictions_and_representations.zip,predictions/E20/W00_seed2042_MOL_Z_xgboost/predictions.parquet,2099731,b5a7dead12cc3faa8999aa20f1686b09f7ec56b0389888e1f7ec3376b1298927,92eafe3600a94919e725a45b0aee18ed8288a5f84b12cd21ae6bfaddbc3f5c69,prediction_columns_v1
e20_predictions_and_representations.zip,predictions/E20/W00_seed2042_Z_ONLY_lightgbm/predictions.parquet,2185783,1f4464b03231898f46090d986e7bf036bcc127bd7361098f57fccd0baa249256,25b2a8d57320bc8f1fb5284cfde494f288f63189c060fa6fa676976cf7bad3b7,prediction_columns_v1
e20_predictions_and_representations.zip,predictions/E20/W00_seed2042_Z_ONLY_random_forest/predictions.parquet,2186451,252711aa16f4b8f9ad516d833b6ed299c6875ffec86d059cd6ef8c7f19026d9a,98c111ae2d0a9adb83fd84d0d3725fb5ec165312d5c21df184c013243dc93a80,prediction_columns_v1
e20_predictions_and_representations.zip,predictions/E20/W00_seed2042_Z_ONLY_xgboost/predictions.parquet,2099582,59d74b0ecbbea60df55055fbd73230e00e007923a68f3ecad0dbeaf233c0af6f,df03e2028868dfd3a5ec325c0a104e77f31eb257bec4661301c014429b53bed3,prediction_columns_v1
e20_predictions_and_representations.zip,predictions/E20/W00_seed2042_export_test/z.parquet,30721143,29c36fb9a4eea4e33e0fc8566ccd205d25979a13c49fd2eb4e67dc3e517845f4,29c36fb9a4eea4e33e0fc8566ccd205d25979a13c49fd2eb4e67dc3e517845f4,none
e20_predictions_and_representations.zip,predictions/E20/W00_seed3407_MOL_Z_lightgbm/predictions.parquet,2186148,ae3e70e977582b9eaabe96fe268159469c4dff4891987b69c991b50375f289d2,3899f5c601a70c8aa0557745cf59fbd95d1384cc74a764fd32e3378dc90f6e65,prediction_columns_v1
e20_predictions_and_representations.zip,predictions/E20/W00_seed3407_MOL_Z_random_forest/predictions.parquet,2186494,d84d1598b4918ea79693bc44adf90f92269017e4356deb3c1d741b6e95ffc7ba,0409a1515e8198b25200b09384ab6a023db6a3781a266046e0fc6c584038cdef,prediction_columns_v1
e20_predictions_and_representations.zip,predictions/E20/W00_seed3407_MOL_Z_xgboost/predictions.parquet,2100046,71e95812ce8baf3f85893606e1f5c42077437806933cf68dcdc75d798eb3b163,a5071541439bb3e61c1a3932d31a80cf5a86fe962b72bb28258cd04e81480677,prediction_columns_v1
e20_predictions_and_representations.zip,predictions/E20/W00_seed3407_Z_ONLY_lightgbm/predictions.parquet,2186001,9829f8317e7d6a1a0881b3dd6150081f99a1dece6f59117bdb43df78287ffbaa,0b6f5b08623c2ad183b388d92ae3ba2373c710276309d9b8c3a78d6b2d4794e5,prediction_columns_v1
e20_predictions_and_representations.zip,predictions/E20/W00_seed3407_Z_ONLY_random_forest/predictions.parquet,2186495,2ac9236688e715525d98e8fc11707640c5ce33a60932a5224bc12573b08f9850,177e0147303ba94a7e101842204a608f5e7ebaea3b4c9b7d4a86371c45509c38,prediction_columns_v1
e20_predictions_and_representations.zip,predictions/E20/W00_seed3407_Z_ONLY_xgboost/predictions.parquet,2099864,b0e9a095fd981bd99f4d8133d39d79487fa5e0a4acbb5edc823cf3044bee1092,2abd90da4cdb91ce81717fc412fdf79d8a830d517f95c5771d848322815b87bb,prediction_columns_v1
e20_predictions_and_representations.zip,predictions/E20/W00_seed3407_export_test/z.parquet,31698300,dc037e57d5984e5269f4781dc119a6c81a217b37422409a9bff5f9bec1f97ffe,dc037e57d5984e5269f4781dc119a6c81a217b37422409a9bff5f9bec1f97ffe,none
e20_predictions_and_representations.zip,predictions/E20/W00_seed42_MOL_Z_lightgbm/predictions.parquet,2186045,359ae48a269c82866f4c778925d0520cd5d713343b9b69c78bb27414343025bb,6689598561f4884986efe7cfe55fae59ac1733adae2cf79f1d73aea1edf1e12b,prediction_columns_v1
e20_predictions_and_representations.zip,predictions/E20/W00_seed42_MOL_Z_random_forest/predictions.parquet,2186438,c35af6a43260b41e4c660d6fff84e535c73ec487a849c135e6b095b3c2cff9d2,739aedf0e50b10272791e419b7bc586e855c1b631e17535e551148c97aa54102,prediction_columns_v1
e20_predictions_and_representations.zip,predictions/E20/W00_seed42_MOL_Z_xgboost/predictions.parquet,2099465,dc6406dcd50914357657392531590e28e703de8d0171cd773df54eb2379ef939,a0421586651b9c6743be603994a9b7439ddcd2f075e1cf36478a1bcefb1f1c0d,prediction_columns_v1
e20_predictions_and_representations.zip,predictions/E20/W00_seed42_Z_ONLY_lightgbm/predictions.parquet,2186147,7a287be2910608ceceb4dd646988e1df6ba2c01800b6b2db8b2b780f4552ccc2,9245d59148420deae382b0ada7a3d6c0749180bf6c63a0cc27e3f5fe8b967835,prediction_columns_v1
e20_predictions_and_representations.zip,predictions/E20/W00_seed42_Z_ONLY_random_forest/predictions.parquet,2186440,4d51051f093fc56c503dc2f1c902b618e1b0cbaa07f7abd995b698182cd94ad7,e34ecd31d1fa08700fb25eaaa471cb6ce2d23f3dc261b18eaa82c10d4349280b,prediction_columns_v1
e20_predictions_and_representations.zip,predictions/E20/W00_seed42_Z_ONLY_xgboost/predictions.parquet,2099595,5021e5e6e845e78d97afe7ef4f4811a22303eca0d73bb7cd71a9c8506768f8ec,5bb49d8dc84a047a52b4fe24c8fe7477db441591e710b3deb44f7ff1135b9878,prediction_columns_v1
e20_predictions_and_representations.zip,predictions/E20/W00_seed42_export_test/z.parquet,31306271,ac816c5b8a46105fe1602fa1338adbdeab6a2b38731f5ac43523098384ec2a08,ac816c5b8a46105fe1602fa1338adbdeab6a2b38731f5ac43523098384ec2a08,none
e20_predictions_and_representations.zip,predictions/E20/W00_seed8417_MOL_Z_lightgbm/predictions.parquet,2185736,23c72f8fdd14b040b065d5b3aae2a19a2828cb97cfe7cf88f39ceff7ae861a29,acf45982117ed4b0011789503c311023f9238c9ada6526a0b95511bfcdb751f7,prediction_columns_v1
e20_predictions_and_representations.zip,predictions/E20/W00_seed8417_MOL_Z_random_forest/predictions.parquet,2186411,89f584d8e4d0a0fb892548e770ef7cab777b2e6ffaa256646e7c312ba99a554b,5f645ef7bd940eedb82b14be6ed4ce98cefb74b3286423818f0fa005f375a62f,prediction_columns_v1
e20_predictions_and_representations.zip,predictions/E20/W00_seed8417_MOL_Z_xgboost/predictions.parquet,2099876,61844f791a5134f1b8a9159792a970199d680b408b695c430e2873cb80f4ab1a,8d332ffb9c81781e6f4d3a5062db211934f69634b1c6b90865747a60707e0697,prediction_columns_v1
e20_predictions_and_representations.zip,predictions/E20/W00_seed8417_Z_ONLY_lightgbm/predictions.parquet,2185834,b95cc2bc3226f43962f874a82bec6586159d85df50c35e44e6cdd91d35f85bab,d3a2963baffaaabd94928ed811909715426a5e9a0ece2ffcc3139b33b8017d80,prediction_columns_v1
e20_predictions_and_representations.zip,predictions/E20/W00_seed8417_Z_ONLY_random_forest/predictions.parquet,2186411,6e9f57e34a0a2afa2f4a218aa95c96961cf1585152a0353797513e315a5e7171,44eec6fef1947ddb17de36e4f5d7275ff853e059b84e6877aa6f85bb187489e9,prediction_columns_v1
e20_predictions_and_representations.zip,predictions/E20/W00_seed8417_Z_ONLY_xgboost/predictions.parquet,2099954,5d6aeef3c56bf831951cbc8e58cffda317cb7a1b7e249aaf1edbd670e0c6fa78,17a3bada8af923e092cfde8b4e344db2faf484da4b663fbb01d615355666b056,prediction_columns_v1
e20_predictions_and_representations.zip,predictions/E20/W00_seed8417_export_test/z.parquet,31685158,09a74a63fc26866548d91f756653341ca32b7eefad2a76b24ec3cf793e774d9c,09a74a63fc26866548d91f756653341ca32b7eefad2a76b24ec3cf793e774d9c,none
e90_predictions_and_draws.zip,predictions/E90/M00_S1_CONDITION_E90_CONTEXT_ONLY_ensemble.parquet,189215,d9f688a437c9fa72f6e3cd09c25d9f845930ae692ac3d5bf52bbcb09b523e40f,6d29611cc88cf58097ef6b65eb6d283671e0380a8df560f89b8c4158b4ebd537,prediction_columns_v1
e90_predictions_and_draws.zip,predictions/E90/M00_S1_CONDITION_E90_NO_BIOLOGICAL_CONTEXT_ensemble.parquet,190115,9dd66e984cc290cbf3e5f5e861bc2cff0944585a5ba3a4d2865d2e77ae13cabc,a2ee767992fd9d8086bc190e5dc5e342aa31be3cbcdbeb9712e64129414440b6,prediction_columns_v1
e90_predictions_and_draws.zip,predictions/E90/M00_S1_CONDITION_E90_NO_DESCRIPTORS_ensemble.parquet,191347,6fac4e158780e6eb334dec4add0c9b2a2cd69b350e2b04129ad096d1e1eb3a76,2ed8deef90d489176544560e6b0b4bf8e3495299d26ac7e8648954f711069255,prediction_columns_v1
e90_predictions_and_draws.zip,predictions/E90/M00_S1_CONDITION_E90_NO_DURATION_ensemble.parquet,191027,14f388346cde2db07e6e25420924442417a4b8bb7cde476ae31a54103b8b75e6,e66dd61ae1eb2acd448a8921a2935777dd60592984f4fcb74cc82e613272390d,prediction_columns_v1
e90_predictions_and_draws.zip,predictions/E90/M00_S1_CONDITION_E90_NO_EFFECT_LEVEL_ensemble.parquet,191232,0315daa357e0a735bbe676294e1317ae7a3c3b9648781f75d736282407d68c3b,4441d321831536db44d6653f1ff7cd860c95b1b34f7fb0a6d1fe6b844f2a3ac8,prediction_columns_v1
e90_predictions_and_draws.zip,predictions/E90/M00_S1_CONDITION_E90_NO_FINGERPRINT_ensemble.parquet,191311,60cddb2a1a42bf3732c9fd2fadbaf467990e277e78fdb24d3915198ac15fc0b0,42f943aa0b758b39714662e632b2aa192813e25cf575d36f0cad2815f5b66f00,prediction_columns_v1
e90_predictions_and_draws.zip,predictions/E90/M00_S1_CONDITION_E90_NO_OTHER_CONTEXT_ensemble.parquet,190928,9b0f89835365931675f47f3ee52e1114214fc2d13208a2d8dbf12904701bad48,e61ff8de06062b42ba12f5f4c609b53f6d627bcef6775785f3a4fcc6da39bf26,prediction_columns_v1
e90_predictions_and_draws.zip,predictions/E90/M00_S1_CONDITION_E90_SPECIES_ID_ONLY_ensemble.parquet,191278,7ad5006cd64ab8f3157434e2ebb0aa971a4bf13634306e76e52e97fd87554d9b,22226d53d274272a1ba3f383c6c31b813ff018d39ef2482058e1547e9d1c0bdb,prediction_columns_v1
e90_predictions_and_draws.zip,predictions/E90/M00_S1_CONDITION_MTL_FULL_ensemble.parquet,123149,76e8ff8a6e2af1dbdc5763c706762662c450a2510f69161bde8dca7e48c0ae64,3bf4206ff7b0a72a0c6ea44b44a78b4e82fee157a59b0dcbd1f75c567349f03e,prediction_columns_v1
e90_predictions_and_draws.zip,predictions/E90/M00_S1_CONDITION_MTL_MOL_ensemble.parquet,118830,511d06b40440a2af98edc53b5640d2180fed1a4e96900b139407532cd4512f59,8f61b1d2cc40dfa588ca66ea77df678ed253373e15ada3442a219d8b64954abb,prediction_columns_v1
e90_predictions_and_draws.zip,predictions/E90/M00_S1_CONDITION_STL_FULL_ensemble.parquet,122733,f3b1997e60f0385197b0e6ef2d45d159c4b68a2f3c8c37f23b5b6ecf4bf45639,b372c527be7aea02201ca069d0a1a997ef02b38422ebe7c8d68b5efdcdfe4a32,prediction_columns_v1
e90_predictions_and_draws.zip,predictions/E90/M00_S1_CONDITION_STL_MOL_ensemble.parquet,117986,85d061e710febe1d850bc8392ddd591d7ddaf2e20f9d8dc44cac04b457531cc8,f6d6a4509a2f013300103749be08ec473869e0a93262927d0b0ce78b0ce91aa2,prediction_columns_v1
e90_predictions_and_draws.zip,predictions/E90/M00_S1_CONDITION_paired_parent_draws.parquet,323635,c93e3807f6259c6cf5d541f5a73b742ea76a1678074851604ac6e2b2233b32f8,c93e3807f6259c6cf5d541f5a73b742ea76a1678074851604ac6e2b2233b32f8,none
e90_predictions_and_draws.zip,predictions/E90/M00_S2_COMBINATION_E90_CONTEXT_ONLY_ensemble.parquet,180163,b71d2fc93cf3b94336631ce516103ef200bea2dac28d3f1ce7c3888498c0f424,22e6d7da671da4e8ee477549f34afc38ea3a609728ec23f6a6798f3d66e992b3,prediction_columns_v1
e90_predictions_and_draws.zip,predictions/E90/M00_S2_COMBINATION_E90_NO_BIOLOGICAL_CONTEXT_ensemble.parquet,180985,84ef4a24f63de1aefe9e3856457f36c13234f69baa89e057c7c4bf7e1d93ab8c,561d154f8557eac0febe03307b883c33f13c30ee8a54b7b12f125f038b4e8858,prediction_columns_v1
e90_predictions_and_draws.zip,predictions/E90/M00_S2_COMBINATION_E90_NO_DESCRIPTORS_ensemble.parquet,182048,0e5fc0c2a66ad44d50797447397f90e8a404c490880426bb311242d667eb50fd,791929da23d3e97a8188c3bc5983b91ff899a7aa6d7cb3944fafd76beda11ec0,prediction_columns_v1
e90_predictions_and_draws.zip,predictions/E90/M00_S2_COMBINATION_E90_NO_DURATION_ensemble.parquet,180907,c32ca79b59f48c60f8f9a8042dfcbc730eedcc6da4c86bfa7d00f06262d05e58,f05f940f68f05fd3ee45b58de51becb6a55c7fe517e2d0b2f561bf3a66999923,prediction_columns_v1
e90_predictions_and_draws.zip,predictions/E90/M00_S2_COMBINATION_E90_NO_EFFECT_LEVEL_ensemble.parquet,181423,f812dac38cc260dea5f90568c99c9f6e9ebb818eca3cf0a9cc5aef92b805ee39,e1bf0da573537a61f3873789ed6b5daa59b7ec4787305b218c42332f5e61765c,prediction_columns_v1
e90_predictions_and_draws.zip,predictions/E90/M00_S2_COMBINATION_E90_NO_FINGERPRINT_ensemble.parquet,182068,973fe9c5c0af4724ce29b208164afeb6f1d0d012972787c3b00be7b0d156f0f5,6f93454d32553866e242ef435ff63f9f0dbc859edc850b4f45b83ee0a759a4c5,prediction_columns_v1
e90_predictions_and_draws.zip,predictions/E90/M00_S2_COMBINATION_E90_NO_OTHER_CONTEXT_ensemble.parquet,181693,04a93dd544e046b8ba1d0d6ed794c1bf4fbf4fca4c450b355ffcc1b7fd1e2fec,ce84786fe611826b960966b09d6c5373574f33034518ca451632cef69b206092,prediction_columns_v1
e90_predictions_and_draws.zip,predictions/E90/M00_S2_COMBINATION_E90_SPECIES_ID_ONLY_ensemble.parquet,181936,2159a15383944bd8448889ab1545862bfb26a65c8406f3b91aa4dbdc6e7db5af,b110c440ae4864b1efb9ee81f6039592661e55c34f7403dc2130a461dfd721ba,prediction_columns_v1
e90_predictions_and_draws.zip,predictions/E90/M00_S2_COMBINATION_MTL_FULL_ensemble.parquet,122856,6d398ef585b032ad116460c163b0cb05763ac4a9f940b8ba1093caece7947408,b070d92709456ac2310b2313cfb37036522cf0135626456a4565e401e4c1104b,prediction_columns_v1
e90_predictions_and_draws.zip,predictions/E90/M00_S2_COMBINATION_MTL_MOL_ensemble.parquet,117308,28b165bb6c83e4fd18c3aebd3d87fe1d419c57cb6102a8b73c2f0f9dcb211039,32552d52aee4b9e5f8376883ad275a2c5fed50430a322a66da1a8102fcd9c2e2,prediction_columns_v1
e90_predictions_and_draws.zip,predictions/E90/M00_S2_COMBINATION_STL_FULL_ensemble.parquet,122452,efc2408cc5269f1bc6eb04a3285a5fd4a251254e412d704d4546e7fa896e0215,09485bd4d3f68e9cd05f94ad9dd96741d1b17eb2409d87f3981f60f694eb6494,prediction_columns_v1
e90_predictions_and_draws.zip,predictions/E90/M00_S2_COMBINATION_STL_MOL_ensemble.parquet,116722,bd7ad872e54f4f20819758d0a2bdbee322114ba26bd01891829ff3de59f8b29d,545807d02b97be6ec76f0729aaae7b7ef85a70b7244a0ba546df0e8736000b13,prediction_columns_v1
e90_predictions_and_draws.zip,predictions/E90/M00_S2_COMBINATION_paired_parent_draws.parquet,323635,acb843cf00f6a0084398ee1e6055d573a9453ba8e833067b5b0bcd9f9441c74f,acb843cf00f6a0084398ee1e6055d573a9453ba8e833067b5b0bcd9f9441c74f,none
e90_predictions_and_draws.zip,predictions/E90/M00_S3_PARENT_E90_CONTEXT_ONLY_ensemble.parquet,134484,6056064a7255a75ed002d3bb09d413bf846cbe9d3817b7fc67d0005f1b7d7068,ea7ad3513430f831d584458c5896b6d84faf6fb445d0825a073a2cf7c25726fe,prediction_columns_v1
e90_predictions_and_draws.zip,predictions/E90/M00_S3_PARENT_E90_NO_BIOLOGICAL_CONTEXT_ensemble.parquet,133404,ff0b66deebb07df5b4a786c6348c7e6f9161a1bc1bb8e1476ffe336f8fd0950e,594f5cdb90d25127792bffbc35dc0e36636c51bfb1464f50465b102b8f7b1040,prediction_columns_v1
e90_predictions_and_draws.zip,predictions/E90/M00_S3_PARENT_E90_NO_DESCRIPTORS_ensemble.parquet,136528,8d65f2351f2e71484bd283228650d9d2caf9f91b39b3e95cc80055de910ceb79,42d9e635d840c35f3d31a4a04b0fe373c48cef0e0a87205224bda366bccd22fc,prediction_columns_v1
e90_predictions_and_draws.zip,predictions/E90/M00_S3_PARENT_E90_NO_DURATION_ensemble.parquet,135498,6e836f4f3ef379687b88951a9fc560a3a2b7fdeb2035c431f0c2a11ea05140f0,0e8f82a5fbcea58b494b13a8178764eb322ad412eaac008d6f26d8f043e6a6c5,prediction_columns_v1
e90_predictions_and_draws.zip,predictions/E90/M00_S3_PARENT_E90_NO_EFFECT_LEVEL_ensemble.parquet,135960,64f058ddf4e939a4ca2f4fb27c7d453e3861fa0be2b3222cd580bf8f6ffd10f1,bad3bc22f96fd0cf260f66fcc6e772de0976b7bcacce3c952dc8318cfff75be2,prediction_columns_v1
e90_predictions_and_draws.zip,predictions/E90/M00_S3_PARENT_E90_NO_FINGERPRINT_ensemble.parquet,136502,1cedf522e4d389ef541327b325f9a856f0cd00cd912affae4be8b4dad9e06c7b,3a8dd5665e20c1831e7143ebe33a9eca6c7bbbc52e6a813a8292874577e49919,prediction_columns_v1
e90_predictions_and_draws.zip,predictions/E90/M00_S3_PARENT_E90_NO_OTHER_CONTEXT_ensemble.parquet,136076,a77a23a772f0e58bfaf306a13d78dd82d5d68074a6a3981e38811a906975fd86,1cf2fea058918aad8811ce84569f49b7181816219242fca1dde9c81ead8eb6b5,prediction_columns_v1
e90_predictions_and_draws.zip,predictions/E90/M00_S3_PARENT_E90_SPECIES_ID_ONLY_ensemble.parquet,136108,48ed0fee09127e5fa181a0adc220c3d7292d39632701416e370bc059ee8d769a,2693923bc37ebd0ba25b49a2afa98cc0e4d1d33ec78efef4ba1748b7cc9315f0,prediction_columns_v1
e90_predictions_and_draws.zip,predictions/E90/M00_S3_PARENT_MTL_FULL_ensemble.parquet,115946,d4bf227b539b95671160c8a6e48b0d12f9c09c88319d390dac03ee86fb5a52aa,9998426448fc2e4c13354e2ccb5624deb93e69f9a8fe8eac8e9e02e3e3120707,prediction_columns_v1
e90_predictions_and_draws.zip,predictions/E90/M00_S3_PARENT_MTL_MOL_ensemble.parquet,107408,98ad446d64ae5d00720594e9d25ec5f3336ab7286824001643285c4031a87dc6,66134e13aa08593400996fcf59b47bf905ddd602f2ac4dbff9c06f11dff3d3db,prediction_columns_v1
e90_predictions_and_draws.zip,predictions/E90/M00_S3_PARENT_STL_FULL_ensemble.parquet,115480,8b1ffb7ef9608aeaa2ffb181cd34eca0cf57d2d07c6230aaa8dbcc0fa2088158,b7a016e4826b74d1871821a6d542b1431d99cec056d373158a5d16b912e09f13,prediction_columns_v1
e90_predictions_and_draws.zip,predictions/E90/M00_S3_PARENT_STL_MOL_ensemble.parquet,106824,6edeb52cc51d0c56bb57f656981bfefae6b30d16fa7ca934ba69f80b3d7e7a85,e22ee3b3c6c68b9e519f56ba4ecacc11342ba730dfbd336647ef3e8644a84985,prediction_columns_v1
e90_predictions_and_draws.zip,predictions/E90/M00_S3_PARENT_paired_parent_draws.parquet,323635,cb23a70e7476713f1029e509036b64dbb5b682f6e28a6e2be708d0ef609b9075,cb23a70e7476713f1029e509036b64dbb5b682f6e28a6e2be708d0ef609b9075,none
e90_predictions_and_draws.zip,predictions/E90/M00_S4_SCAFFOLD_RING_V3_E90_CONTEXT_ONLY_ensemble.parquet,131925,04c93659a057d6e54c449764dba41a26154492711eda638834d60029793ad886,912750b1ce5e5cabafe9c95336cc3ed60ea3ab703f3cd560a787333dd69127bc,prediction_columns_v1
e90_predictions_and_draws.zip,predictions/E90/M00_S4_SCAFFOLD_RING_V3_E90_NO_BIOLOGICAL_CONTEXT_ensemble.parquet,129613,8ee7101900adcd68f27c7dc680f4dbdb8c768cbe9247af2879f71ca4303cbdd5,428bdfde933325b9a3eb7b5ddbe49b8b9ac8f12905fa9e7418e55081c6fce61f,prediction_columns_v1
e90_predictions_and_draws.zip,predictions/E90/M00_S4_SCAFFOLD_RING_V3_E90_NO_DESCRIPTORS_ensemble.parquet,133450,ea11a02e71c7bcc0cfd5015f2cfb52820e4de668ad5d84e17f0fb6870260c8c8,409698c774ac264c04d792657cda1e24f81ff35faf4840c4481e57e7aef4dcdf,prediction_columns_v1
e90_predictions_and_draws.zip,predictions/E90/M00_S4_SCAFFOLD_RING_V3_E90_NO_DURATION_ensemble.parquet,132411,99aceb3941537317cee42203df18f47db703dfc569f4a625bf58f271f9b1c072,df9b97da95fe0b6f4bb44a3b09c35546f7228fb840c7adfadfe49048ab8a9477,prediction_columns_v1
e90_predictions_and_draws.zip,predictions/E90/M00_S4_SCAFFOLD_RING_V3_E90_NO_EFFECT_LEVEL_ensemble.parquet,132948,f2016ca6cb4aeccc98dd9615800f7a85c35553b5f6f7fb1971e4ca2928ae369b,4cad1bd1e0b82092d39df43777185c5b4a0520867274dc280f02486df92acd80,prediction_columns_v1
e90_predictions_and_draws.zip,predictions/E90/M00_S4_SCAFFOLD_RING_V3_E90_NO_FINGERPRINT_ensemble.parquet,133385,0e052b9d662a5897a3509c2f5d7b3caf746ba30d2372ba0f5af0618b55487264,9948d629353827a52994088e82613841f5d63742d3690c85474756f0fa614687,prediction_columns_v1
e90_predictions_and_draws.zip,predictions/E90/M00_S4_SCAFFOLD_RING_V3_E90_NO_OTHER_CONTEXT_ensemble.parquet,132807,adb25782dcd1639b4a677a39e4c6ee3e9954f300750445e6e711ec4e6a5f823e,8d7af652376c4eb99e82fe7847bbcdc7a40122cf81a004c8f4d4f6af6c47783f,prediction_columns_v1
e90_predictions_and_draws.zip,predictions/E90/M00_S4_SCAFFOLD_RING_V3_E90_SPECIES_ID_ONLY_ensemble.parquet,132915,9700a5e706a0d00e572cdb188a2a9f191bcc8b17860ad192a0b8b85e9a268dfd,c13b8ca08dfcbfc082781ff18bad25733ea22a5ffda1b562bd708528ab0d160e,prediction_columns_v1
e90_predictions_and_draws.zip,predictions/E90/M00_S4_SCAFFOLD_RING_V3_MTL_FULL_ensemble.parquet,133454,0b1c21ec4b6b9f175433d4d3a295dd0b8be2d7104616f3001d687295d52ae927,d4b0d5b85a4f6570eeaeeb5d8fa7211904338755824c0d3c91dbc417bbeff430,prediction_columns_v1
e90_predictions_and_draws.zip,predictions/E90/M00_S4_SCAFFOLD_RING_V3_MTL_MOL_ensemble.parquet,124333,a2b15ac2ee3f72e5c8d0cf9e9372acb0446cf1c9f47a6550f01a1b3c261e1aab,12c023056f2a82f5086bd1103fefe8f9e46f8554f3285ad0cf11812fdc14a20b,prediction_columns_v1
e90_predictions_and_draws.zip,predictions/E90/M00_S4_SCAFFOLD_RING_V3_STL_FULL_ensemble.parquet,132918,74bab1bafa4cd0c17b0fc007983d8c6b9fcdfa5222cd7af2242a6d8ceaca258f,38a72261fd9ab5283168c8d9f2d279b72bced4d50b67a56e7b062c8ca24f0f61,prediction_columns_v1
e90_predictions_and_draws.zip,predictions/E90/M00_S4_SCAFFOLD_RING_V3_STL_MOL_ensemble.parquet,124032,bf924d4d350b4f01b7f81bd81e0796cdbf9bd12d19d6a324cc84f761a928b487,5c2a2d3460a317699a84cca769f2767cb2b4c491b1e3b9d5131ff0a5d6a38951,prediction_columns_v1
e90_predictions_and_draws.zip,predictions/E90/M00_S4_SCAFFOLD_RING_V3_paired_parent_draws.parquet,323635,33e5f6fd82c03e5460444cfa791b5c4e96d97dfe02479682847f60147ada9371,33e5f6fd82c03e5460444cfa791b5c4e96d97dfe02479682847f60147ada9371,none
e90_predictions_and_draws.zip,predictions/E90/W00_S1_CONDITION_E90_CONTEXT_ONLY_ensemble.parquet,3149000,a57d0e2e8209913569016e12012305c45fc9f9662d587bfd0ddbe19ee905f594,311a5d2334e8fdcc35736dcedd93136db8d2f15006d743050dcef265714d6873,prediction_columns_v1
e90_predictions_and_draws.zip,predictions/E90/W00_S1_CONDITION_E90_NO_BIOLOGICAL_CONTEXT_ensemble.parquet,3189344,574b5729b404b48d38a776b9f86acf1b1b435281273b051580b671c84c0acef0,4a2c2565508500a735a50d75ba66efc7ca1e8db538b57572768fa6f87ad56165,prediction_columns_v1
e90_predictions_and_draws.zip,predictions/E90/W00_S1_CONDITION_E90_NO_DESCRIPTORS_ensemble.parquet,3230037,a51d1bac3f220f20c9350e0c8aba090625a798eeab3f17c0b95351fdedad46a8,c7b63c6e99cd1eea5e641d57c4298cd24c9ef6cb78843f149d49a2d138f0046b,prediction_columns_v1
e90_predictions_and_draws.zip,predictions/E90/W00_S1_CONDITION_E90_NO_DURATION_ensemble.parquet,3227598,b7f7436a2a04efa6e048bed50523a6255621aba717e6da4c65ae4fff8bec4525,c443a63053ceec0ef63d34105528b6ab604514abc70f2c378d42f9d33776b623,prediction_columns_v1
e90_predictions_and_draws.zip,predictions/E90/W00_S1_CONDITION_E90_NO_EFFECT_LEVEL_ensemble.parquet,3226373,ec534c2078c3507678e23d2c9c3697410c5e71e49d894826c87a0704a978a11a,84893a891f04c9ddb1c21591a58e440f53fd79a29b66330e60db92c622553fe4,prediction_columns_v1
e90_predictions_and_draws.zip,predictions/E90/W00_S1_CONDITION_E90_NO_FINGERPRINT_ensemble.parquet,3229787,f0e3b259905b2cf7eeefdbb05cec1c15d9d16889b33b4145c323539861ee8cbd,21830d937cd1adfc26c1fc6dda2fc98e2ddb2dc322d12040a97214198508b708,prediction_columns_v1
e90_predictions_and_draws.zip,predictions/E90/W00_S1_CONDITION_E90_NO_OTHER_CONTEXT_ensemble.parquet,3228182,dc516759fb3150f865c2238681d6c016db467666498f0e53a2713366ba5ae0bd,42f60ed9f1142e562e908c5e24d4701e1693cb5f416ac657e019c07591ed3700,prediction_columns_v1
e90_predictions_and_draws.zip,predictions/E90/W00_S1_CONDITION_E90_SPECIES_ID_ONLY_ensemble.parquet,3230434,b6dea5d893972a83094f0c6c2294f3f6c93d28c8cdf69637349f6c0672b83018,a2e7a6f75f58c1633652bcb6b4c184b5a7ace4579231729bcb89c7f6df3cf058,prediction_columns_v1
e90_predictions_and_draws.zip,predictions/E90/W00_S1_CONDITION_MTL_FULL_ensemble.parquet,2028080,c53732979483c519366708a78817602830de9759c08758558ce20f920d9dc7ba,dbed54e894a960bb34ee82ac660c528ee7a08d908e748c692e20180243e031bf,prediction_columns_v1
e90_predictions_and_draws.zip,predictions/E90/W00_S1_CONDITION_MTL_MOL_ensemble.parquet,1925347,3ea17321440d32f9157aca75fb713748348eb93fdc374107849bcbe5bd5554a6,4c44819e776d6f2c50fa0ad7530fbf473663dbc9866873edff11f47df493e54d,prediction_columns_v1
e90_predictions_and_draws.zip,predictions/E90/W00_S1_CONDITION_STL_FULL_ensemble.parquet,2035240,354c5675115b11d066ac9249f1a22699ad8a58a0885dbb3bafe63aa70ee6d72f,caef78f9d57cbcf3ba485c10e0dc0f2f68dc15986aefa1b92841f66976ffbf6a,prediction_columns_v1
e90_predictions_and_draws.zip,predictions/E90/W00_S1_CONDITION_STL_MOL_ensemble.parquet,1934532,861d91f260c05e5c6a75cf30afd08e31bfa12d28cbeaf8b051aeb1bca366b01e,71c162912f68040c28fd39d2ec05fce847cc2a206afa5bfb9ed2e4a80566d2ce,prediction_columns_v1
e90_predictions_and_draws.zip,predictions/E90/W00_S1_CONDITION_paired_parent_draws.parquet,178395,d0b745c50443a98edaa2b509c1802895cffc7491225b035d5b8c97cab443953a,d0b745c50443a98edaa2b509c1802895cffc7491225b035d5b8c97cab443953a,none
e90_predictions_and_draws.zip,predictions/E90/W00_S1_CONDITION_support75_parent_draws.parquet,323195,c3ee5ca68d9f58dee954d4a17c7ed912a29cf5bbba0eb45496054e286d39841c,c3ee5ca68d9f58dee954d4a17c7ed912a29cf5bbba0eb45496054e286d39841c,none
e90_predictions_and_draws.zip,predictions/E90/W00_S2_COMBINATION_E90_CONTEXT_ONLY_ensemble.parquet,2835460,2a0501a90c23597e160b2c2467dd68736dcab0aebee8e55f2ed40fff5d3024fa,cfefb9cb0169d76e724aa11bfb8736084c7238f22e93f722ef502d318e03e0b6,prediction_columns_v1
e90_predictions_and_draws.zip,predictions/E90/W00_S2_COMBINATION_E90_NO_BIOLOGICAL_CONTEXT_ensemble.parquet,2875504,d03fa84f2f16689101f1ac2f6e14e16f44a5b74ef90c33cbda44560385de56bf,03d39edbfcd6cd5019d8764438c5937698179ebd950a77f668a909767d2eb3e4,prediction_columns_v1
e90_predictions_and_draws.zip,predictions/E90/W00_S2_COMBINATION_E90_NO_DESCRIPTORS_ensemble.parquet,2916469,caec4800b7421199d5612ae6dbb47dfe7a39899ab61f9afa14930fc2c772f4d9,ee29b81939c57e4190760de21ad51b93a7bb0e2734274503ec54ccb2449cc71b,prediction_columns_v1
e90_predictions_and_draws.zip,predictions/E90/W00_S2_COMBINATION_E90_NO_DURATION_ensemble.parquet,2905483,a493ed57d8f0b5d527ab2c6aa80699d7f5721fdd43df526246d2a2caaf47a01c,c8b926896cdffff90d0d73d5c632ee8242add112e9c0f30534e41fec32ded26d,prediction_columns_v1
e90_predictions_and_draws.zip,predictions/E90/W00_S2_COMBINATION_E90_NO_EFFECT_LEVEL_ensemble.parquet,2901791,123c201ed791466543672c121e6b849dfd4f645250f2d2212d06e33f8818dcc7,305333820e6e66374faf97c0f4a02e026e32034f253a141beb243a878e34df1b,prediction_columns_v1
e90_predictions_and_draws.zip,predictions/E90/W00_S2_COMBINATION_E90_NO_FINGERPRINT_ensemble.parquet,2916796,d08bbe366d95ecd58d88efc5f5bea29c8bfd97b5611e5adc79182c89a516a57f,4528b9d074e484048b93821b022bd3cedaee3f5160907ab6f049c8a54ea023c2,prediction_columns_v1
e90_predictions_and_draws.zip,predictions/E90/W00_S2_COMBINATION_E90_NO_OTHER_CONTEXT_ensemble.parquet,2915057,8e29d67a5ca9c7a62488848c6eea75ef9ad0a504d604469a30aedb2d0509c253,1a7b5a9337140bd0f3382cbb34a3412d6f12e15602b43ef263c04526efbbff60,prediction_columns_v1
e90_predictions_and_draws.zip,predictions/E90/W00_S2_COMBINATION_E90_SPECIES_ID_ONLY_ensemble.parquet,2917266,23bd5e94cef13a76f31cb063a11c19653330ff358f697442160aa42f6ff5d02d,d5f5403d34da0df3035101e95cf416415e1b0fa27d8578e36bfade69f92c8ef8,prediction_columns_v1
e90_predictions_and_draws.zip,predictions/E90/W00_S2_COMBINATION_MTL_FULL_ensemble.parquet,2024567,95feee8a0e898811a8760e7905171452a44f9cbcb0eee476f8d9b324fd9aeb69,542bcc27b9eadb8a835f7af97b2dd378e4f5a2127855cee3edac57a26b93aa4d,prediction_columns_v1
e90_predictions_and_draws.zip,predictions/E90/W00_S2_COMBINATION_MTL_MOL_ensemble.parquet,1912081,1b076ec0d921a4f38d68d925e5ad3d971d4f527988c8bfe72d424fc644ca30ed,c933d17edabdfaa314db97a3531473410d69f296057e282a4b20cb0f3432bbcc,prediction_columns_v1
e90_predictions_and_draws.zip,predictions/E90/W00_S2_COMBINATION_STL_FULL_ensemble.parquet,2031854,5d13be30c2186427d2f372ab0d273135940fbb3a8d0ecdab426f81291a228bec,f152c287681a6f3ea15320a1dec262278442de4e9b266b11fbe78848aae53bed,prediction_columns_v1
e90_predictions_and_draws.zip,predictions/E90/W00_S2_COMBINATION_STL_MOL_ensemble.parquet,1920854,83ee072fa3b00518b4368e2c44bd1977ca687e186614c364274d5afbcb8a2bbc,5081e5b743156af621195659140ecc54f6ff30cd052041b35aa082ef5803ac63,prediction_columns_v1
e90_predictions_and_draws.zip,predictions/E90/W00_S2_COMBINATION_paired_parent_draws.parquet,177355,5b9e72cc7f9c861769790038721556fb8af3bba48546376320cf42651de9ca59,5b9e72cc7f9c861769790038721556fb8af3bba48546376320cf42651de9ca59,none
e90_predictions_and_draws.zip,predictions/E90/W00_S2_COMBINATION_support75_parent_draws.parquet,323419,e486c14ad58488a1cf000929d8e35abe38ad6af49eb36c5fe9c900ac9c8c3654,e486c14ad58488a1cf000929d8e35abe38ad6af49eb36c5fe9c900ac9c8c3654,none
e90_predictions_and_draws.zip,predictions/E90/W00_S3_PARENT_E90_CONTEXT_ONLY_ensemble.parquet,2072614,8cc3aa28d81a5516a7bf12c4b464045b9df143adc707b23ef65b11e80902330c,820d4943d60c4665c4c7dc0ff38e19a7d73e39ceb99893a49082db312d0d7e3a,prediction_columns_v1
e90_predictions_and_draws.zip,predictions/E90/W00_S3_PARENT_E90_NO_BIOLOGICAL_CONTEXT_ensemble.parquet,2082929,985e1cb8c5940f4c624d59eecace2890624dc0a17313d2864171a9aa6bfd3dce,82bb43316adcb5830e4a3759c42c6e2992802134930b1c7cab615e569127aaeb,prediction_columns_v1
e90_predictions_and_draws.zip,predictions/E90/W00_S3_PARENT_E90_NO_DESCRIPTORS_ensemble.parquet,2156517,fdbf6beb1abbd98a6da11daaeec5dfc626a78ec020ab6be53cd863a33032386b,8bcd29268de7b7f6ea5d5056e8e2a7c6c3149c57372d6a4b1f65ac906ba642db,prediction_columns_v1
e90_predictions_and_draws.zip,predictions/E90/W00_S3_PARENT_E90_NO_DURATION_ensemble.parquet,2144743,9fdf18be366363461f6abda1fea3d02e29bdf9f305632eb8cc0e9d7b3c687e92,eb35d0aad9ca0e7e5aef64b43c4040143960f285adc089970edaa64df7c726da,prediction_columns_v1
e90_predictions_and_draws.zip,predictions/E90/W00_S3_PARENT_E90_NO_EFFECT_LEVEL_ensemble.parquet,2142026,b587551b9646e80928e2258b5734c72f133d60e962cb7035991052ae2e3846ae,b9fc54e3210b378ca4f5885a2f5e3504b37192a6cd0abc32e7389c3c9c4e40cb,prediction_columns_v1
e90_predictions_and_draws.zip,predictions/E90/W00_S3_PARENT_E90_NO_FINGERPRINT_ensemble.parquet,2156403,a5adceb843ffad1083191973d874bbd31e50edde437e0b27d529d78b078579a6,e7d11c5841bf04fa5bd1903a4be0753fe042d344a8ef34ed66514e1d9f67d190,prediction_columns_v1
e90_predictions_and_draws.zip,predictions/E90/W00_S3_PARENT_E90_NO_OTHER_CONTEXT_ensemble.parquet,2154427,c19f3a6108c3079b7fb997316627833e727b4b703a35c08909b24f4adc30c69d,d8d81e42d141155f7138c5d41d059ba3bc51b3158256164b0cc56c9d3a2dea30,prediction_columns_v1
e90_predictions_and_draws.zip,predictions/E90/W00_S3_PARENT_E90_SPECIES_ID_ONLY_ensemble.parquet,2155874,062e3a701a1f26227be0c58eb0480d0976a437a00e9507e0bcb657f7771e30e9,3cfa188369756d7a5b57a218c6c5cd69d0c43c552ae07e51fa2d912e535a28a1,prediction_columns_v1
e90_predictions_and_draws.zip,predictions/E90/W00_S3_PARENT_MTL_FULL_ensemble.parquet,1935254,f55db0c47207d3702e357492aa3a8e4e5e3649e0fddb31968dc279267eec89b7,4bebbd6cd17e8db4f14fed10a235ecbbdfe9b03a6905c8a58f4d441de62a4e10,prediction_columns_v1
e90_predictions_and_draws.zip,predictions/E90/W00_S3_PARENT_MTL_MOL_ensemble.parquet,1786337,7e688f412918985e80f30c69449dc28d4d76315e5551e11be36fcf99c486c43e,631d1387e9910d8e5d653ffe368d6053109b24fdd4e1759d2e416230fdbb937d,prediction_columns_v1
e90_predictions_and_draws.zip,predictions/E90/W00_S3_PARENT_STL_FULL_ensemble.parquet,1942554,6fd1d4cfda09794a7ba135071a670a1deaedbd6a65d8ca4b26a6dc216f72e1cc,5481a5bbb40cc8fc17221a193929ec3bd6dd37c050a95ca69e249b362d2920fd,prediction_columns_v1
e90_predictions_and_draws.zip,predictions/E90/W00_S3_PARENT_STL_MOL_ensemble.parquet,1793115,d9afb6f2fd51818be4f78a5b5e781b8526b3016603bc82a7a84e3d63e8ccdd58,664fd143d5f6d3d64988187591d78070f7a8ba8df232069cbe3ebc5ce5a8f216,prediction_columns_v1
e90_predictions_and_draws.zip,predictions/E90/W00_S3_PARENT_paired_parent_draws.parquet,188563,85c7d2e3d4bebfc731e4d2cc64773cfd373031c2eeb219bd86e86b07bc2528a3,85c7d2e3d4bebfc731e4d2cc64773cfd373031c2eeb219bd86e86b07bc2528a3,none
e90_predictions_and_draws.zip,predictions/E90/W00_S3_PARENT_support75_parent_draws.parquet,323635,9d418df2f8697dede9dea97b126dbba45312026ac2761f2c4b7caf6bc76ffbf4,9d418df2f8697dede9dea97b126dbba45312026ac2761f2c4b7caf6bc76ffbf4,none
e90_predictions_and_draws.zip,predictions/E90/W00_S4_SCAFFOLD_RING_V3_E90_CONTEXT_ONLY_ensemble.parquet,2036687,e728aafa5a29698cbbed2a5c971fa8af9f1fed78fcf009239e553eb15119cc5d,79699e58baf268843dc12c601b43896d768f52e65e62d59adbfc54cb11bc8670,prediction_columns_v1
e90_predictions_and_draws.zip,predictions/E90/W00_S4_SCAFFOLD_RING_V3_E90_NO_BIOLOGICAL_CONTEXT_ensemble.parquet,2030163,4b7edbf1f4db70e60ccb7e4b555b76ecdab6919cf66818a121fc8db1a19274fc,704bd7eca81cbbc22cd8f78ff82750443cb0dbf6b9bbe9e4c35d2713a31374cb,prediction_columns_v1
e90_predictions_and_draws.zip,predictions/E90/W00_S4_SCAFFOLD_RING_V3_E90_NO_DESCRIPTORS_ensemble.parquet,2108850,bcf18c7c27a4efab1dd91076b677b1f98ee4409ccde2ca3319637a22c475e39b,2cfd2fcda3eadd320a926efc4bc108910c7e72284730d492a765fb106753cd97,prediction_columns_v1
e90_predictions_and_draws.zip,predictions/E90/W00_S4_SCAFFOLD_RING_V3_E90_NO_DURATION_ensemble.parquet,2095448,d974d340cafea76fa132e2dc30a885137a0d79f4a0cdb479fd5063d34ea8f060,dab406bc4045402d044689b2b2f9e79cc17cf3e401c2c52e23115c11c1546742,prediction_columns_v1
e90_predictions_and_draws.zip,predictions/E90/W00_S4_SCAFFOLD_RING_V3_E90_NO_EFFECT_LEVEL_ensemble.parquet,2095676,52ea64665a04dbf87cb728bb8427729c4746c89a34c7e506a4b1888661505a5a,ce32f11de001e037cfe3a0dd7e22eb1ed770409b70925b078ce1d988e4682e23,prediction_columns_v1
e90_predictions_and_draws.zip,predictions/E90/W00_S4_SCAFFOLD_RING_V3_E90_NO_FINGERPRINT_ensemble.parquet,2109896,4c2220623d0ed4f88b80767f1247daf9fa3fa33a644d7136285d889f3ffcada4,f6aed95829435e09ad6ad834334ffa042b3b213dab67f146a5c94ee7a2881a70,prediction_columns_v1
e90_predictions_and_draws.zip,predictions/E90/W00_S4_SCAFFOLD_RING_V3_E90_NO_OTHER_CONTEXT_ensemble.parquet,2107022,54fec0da5d1482ca647449cc636250cf9f31ee615c9bca60a057af7a6de7636d,8490c4103b003260d8f0b88984fc1f46977ca422e4caa72e82eee3f371cc3e12,prediction_columns_v1
e90_predictions_and_draws.zip,predictions/E90/W00_S4_SCAFFOLD_RING_V3_E90_SPECIES_ID_ONLY_ensemble.parquet,2107681,23df62ca052d92e29ce201d013d48f03edf95536a5ea95d006345967b9996f4b,bf037335f65134335e68cfb6e7c6d4c3d35e3b4ffdb7cede931daa4ebbba3fe0,prediction_columns_v1
e90_predictions_and_draws.zip,predictions/E90/W00_S4_SCAFFOLD_RING_V3_MTL_FULL_ensemble.parquet,2109762,f6639c94a9b58c2066d156aad2b559dbd78e282085c9d878119d15430846acc1,c9faebeaf083f1978f697abe642e86445a2066a2a6253910ca7edf83f90d6648,prediction_columns_v1
e90_predictions_and_draws.zip,predictions/E90/W00_S4_SCAFFOLD_RING_V3_MTL_MOL_ensemble.parquet,1956913,78f16c734a7790ad36318622ffd0a9f4aca2d1d77d6e570e8263cc65eb5f5cd8,32077cef766afcf2738962e55a876bb5a167985ff21d1d8c82278ba47f23fcdc,prediction_columns_v1
e90_predictions_and_draws.zip,predictions/E90/W00_S4_SCAFFOLD_RING_V3_STL_FULL_ensemble.parquet,2113716,fa92eb4e3cf0c7e736a031aabeea42df34cfa53e6b50326517cef182b487a4d2,16417504393daf20657fd084b6d5fc0797a8e65034f274473157e8f837ea6404,prediction_columns_v1
e90_predictions_and_draws.zip,predictions/E90/W00_S4_SCAFFOLD_RING_V3_STL_MOL_ensemble.parquet,1959549,e6bf89335fb5d7eb06cf30d1c6db967e610134a9f1f353e08c6ad97fc33e8f16,442fdf8e678bf7834093aff1c0adaae2885a05a3befbc6ca20e1c265c6e71396,prediction_columns_v1
e90_predictions_and_draws.zip,predictions/E90/W00_S4_SCAFFOLD_RING_V3_paired_parent_draws.parquet,281019,cae4718daf7cc11ce35c80547055bf9d8d074c59cf28e979da1a2d1d5eeb68f0,cae4718daf7cc11ce35c80547055bf9d8d074c59cf28e979da1a2d1d5eeb68f0,none
primary_mtl_models.zip,models/primary_mtl/M00_S1_CONDITION_MTL_FULL_seed2042/manifest.json,13034,a1e1d307674e492d61114ce9663c6fe4c1e3abc111f05173533da332f9940e65,a1e1d307674e492d61114ce9663c6fe4c1e3abc111f05173533da332f9940e65,none
primary_mtl_models.zip,models/primary_mtl/M00_S1_CONDITION_MTL_FULL_seed2042/model.pt,1265496,47b78499f765305e63b1123572b0311623619b25649eb2ea3e8bcef31f2b1e28,47b78499f765305e63b1123572b0311623619b25649eb2ea3e8bcef31f2b1e28,none
primary_mtl_models.zip,models/primary_mtl/M00_S1_CONDITION_MTL_FULL_seed2042/preprocessing.json,670514,82f50f11d66ce5b6127dbe42c94ba44ed29d8ab540fcbb0525b3f23a35f670d5,82f50f11d66ce5b6127dbe42c94ba44ed29d8ab540fcbb0525b3f23a35f670d5,none
primary_mtl_models.zip,models/primary_mtl/M00_S1_CONDITION_MTL_FULL_seed3407/manifest.json,13033,258c02379aba8b59c0a0c78ffee5f87cf862d7da2dfb7e2790473bb2feeae775,258c02379aba8b59c0a0c78ffee5f87cf862d7da2dfb7e2790473bb2feeae775,none
primary_mtl_models.zip,models/primary_mtl/M00_S1_CONDITION_MTL_FULL_seed3407/model.pt,1265496,8e53dda73fc2fc729fb8ff7515433342b96a3cff946ea84b7ade996d0cba7c85,8e53dda73fc2fc729fb8ff7515433342b96a3cff946ea84b7ade996d0cba7c85,none
primary_mtl_models.zip,models/primary_mtl/M00_S1_CONDITION_MTL_FULL_seed3407/preprocessing.json,670514,82f50f11d66ce5b6127dbe42c94ba44ed29d8ab540fcbb0525b3f23a35f670d5,82f50f11d66ce5b6127dbe42c94ba44ed29d8ab540fcbb0525b3f23a35f670d5,none
primary_mtl_models.zip,models/primary_mtl/M00_S1_CONDITION_MTL_FULL_seed8417/manifest.json,13034,7175a82168d59cdccd3e0d83b62a2bb155ed270fb7fa15a8de6819b81d0ddde0,7175a82168d59cdccd3e0d83b62a2bb155ed270fb7fa15a8de6819b81d0ddde0,none
primary_mtl_models.zip,models/primary_mtl/M00_S1_CONDITION_MTL_FULL_seed8417/model.pt,1265496,37516fd49faa71d7d5a7920f379b493786b706129734483d4fc3fd5419db6092,37516fd49faa71d7d5a7920f379b493786b706129734483d4fc3fd5419db6092,none
primary_mtl_models.zip,models/primary_mtl/M00_S1_CONDITION_MTL_FULL_seed8417/preprocessing.json,670514,82f50f11d66ce5b6127dbe42c94ba44ed29d8ab540fcbb0525b3f23a35f670d5,82f50f11d66ce5b6127dbe42c94ba44ed29d8ab540fcbb0525b3f23a35f670d5,none
primary_mtl_models.zip,models/primary_mtl/M00_S2_COMBINATION_MTL_FULL_seed2042/manifest.json,13035,f7406abc1b88338a3d273370a31e42e2d2f03194261a0a3fad2c2823b2cd4500,f7406abc1b88338a3d273370a31e42e2d2f03194261a0a3fad2c2823b2cd4500,none
primary_mtl_models.zip,models/primary_mtl/M00_S2_COMBINATION_MTL_FULL_seed2042/model.pt,1262680,223a564766287409372170833034c1f446a47f68398a0bb4e0978fa71df2b4b8,223a564766287409372170833034c1f446a47f68398a0bb4e0978fa71df2b4b8,none
primary_mtl_models.zip,models/primary_mtl/M00_S2_COMBINATION_MTL_FULL_seed2042/preprocessing.json,670055,adf5db61ff4653d7f81bdf6d44293d61db2fb761ee9c077c17c65a70d09b70e2,adf5db61ff4653d7f81bdf6d44293d61db2fb761ee9c077c17c65a70d09b70e2,none
primary_mtl_models.zip,models/primary_mtl/M00_S2_COMBINATION_MTL_FULL_seed3407/manifest.json,13035,a18bb3beae044cc9b161d6cc8e501d7d840c5b47d012e072dbe127f7ca12abe1,a18bb3beae044cc9b161d6cc8e501d7d840c5b47d012e072dbe127f7ca12abe1,none
primary_mtl_models.zip,models/primary_mtl/M00_S2_COMBINATION_MTL_FULL_seed3407/model.pt,1262680,d38a57f302d8406c588e14dfd90e13cd318f27d2beba231029a1c62bb54a95db,d38a57f302d8406c588e14dfd90e13cd318f27d2beba231029a1c62bb54a95db,none
primary_mtl_models.zip,models/primary_mtl/M00_S2_COMBINATION_MTL_FULL_seed3407/preprocessing.json,670055,adf5db61ff4653d7f81bdf6d44293d61db2fb761ee9c077c17c65a70d09b70e2,adf5db61ff4653d7f81bdf6d44293d61db2fb761ee9c077c17c65a70d09b70e2,none
primary_mtl_models.zip,models/primary_mtl/M00_S2_COMBINATION_MTL_FULL_seed8417/manifest.json,13035,17437160d57d3c22660153dc4e2a89c20f58f932857c753981548ae653811a45,17437160d57d3c22660153dc4e2a89c20f58f932857c753981548ae653811a45,none
primary_mtl_models.zip,models/primary_mtl/M00_S2_COMBINATION_MTL_FULL_seed8417/model.pt,1262680,c8f542f234ad815b1b8a3d76239d5bda7c5150253ed6a8b4a1b09e52e5897169,c8f542f234ad815b1b8a3d76239d5bda7c5150253ed6a8b4a1b09e52e5897169,none
primary_mtl_models.zip,models/primary_mtl/M00_S2_COMBINATION_MTL_FULL_seed8417/preprocessing.json,670055,adf5db61ff4653d7f81bdf6d44293d61db2fb761ee9c077c17c65a70d09b70e2,adf5db61ff4653d7f81bdf6d44293d61db2fb761ee9c077c17c65a70d09b70e2,none
primary_mtl_models.zip,models/primary_mtl/M00_S3_PARENT_MTL_FULL_seed2042/manifest.json,13030,7360eca4778cff57d53435c909a147a4a7bed376f594b58c4e72e32f4e7f95a5,7360eca4778cff57d53435c909a147a4a7bed376f594b58c4e72e32f4e7f95a5,none
primary_mtl_models.zip,models/primary_mtl/M00_S3_PARENT_MTL_FULL_seed2042/model.pt,1261208,58ae7aa4fc58a34eade2e3eeebed25c3c713839b36b5833a72a5e8291ecb26a6,58ae7aa4fc58a34eade2e3eeebed25c3c713839b36b5833a72a5e8291ecb26a6,none
primary_mtl_models.zip,models/primary_mtl/M00_S3_PARENT_MTL_FULL_seed2042/preprocessing.json,666150,548ea021278e220de5a41f3a6593871a05e8df8648e78a204d057da876ea9479,548ea021278e220de5a41f3a6593871a05e8df8648e78a204d057da876ea9479,none
primary_mtl_models.zip,models/primary_mtl/M00_S3_PARENT_MTL_FULL_seed3407/manifest.json,13032,c8a1de72463a5b6ec6a2bdb0df8f5eb32bedf667e38646a3c2df378e5e68f83b,c8a1de72463a5b6ec6a2bdb0df8f5eb32bedf667e38646a3c2df378e5e68f83b,none
primary_mtl_models.zip,models/primary_mtl/M00_S3_PARENT_MTL_FULL_seed3407/model.pt,1261208,195fb09ab46a1296e2cede998cb2c0944f9ecf97871d4ee7385bfd74d0401b4e,195fb09ab46a1296e2cede998cb2c0944f9ecf97871d4ee7385bfd74d0401b4e,none
primary_mtl_models.zip,models/primary_mtl/M00_S3_PARENT_MTL_FULL_seed3407/preprocessing.json,666150,548ea021278e220de5a41f3a6593871a05e8df8648e78a204d057da876ea9479,548ea021278e220de5a41f3a6593871a05e8df8648e78a204d057da876ea9479,none
primary_mtl_models.zip,models/primary_mtl/M00_S3_PARENT_MTL_FULL_seed8417/manifest.json,13031,3e2aa191754bac769bfce8dcbee4f0962bf0b7f843f8ae8ce1fa3e35a1c3ce73,3e2aa191754bac769bfce8dcbee4f0962bf0b7f843f8ae8ce1fa3e35a1c3ce73,none
primary_mtl_models.zip,models/primary_mtl/M00_S3_PARENT_MTL_FULL_seed8417/model.pt,1261208,64216c7d13b1c221c6c516e13ff1cbbd7ef894a94e9df95caf574abdb2caf377,64216c7d13b1c221c6c516e13ff1cbbd7ef894a94e9df95caf574abdb2caf377,none
primary_mtl_models.zip,models/primary_mtl/M00_S3_PARENT_MTL_FULL_seed8417/preprocessing.json,666150,548ea021278e220de5a41f3a6593871a05e8df8648e78a204d057da876ea9479,548ea021278e220de5a41f3a6593871a05e8df8648e78a204d057da876ea9479,none
primary_mtl_models.zip,models/primary_mtl/M00_S_SOURCE_MTL_FULL_seed2042/manifest.json,13029,5d28c07ac5035045031716e15717bb1866727092037de56d1821eabc5083b22e,5d28c07ac5035045031716e15717bb1866727092037de56d1821eabc5083b22e,none
primary_mtl_models.zip,models/primary_mtl/M00_S_SOURCE_MTL_FULL_seed2042/model.pt,1263768,6a2e1c1ee24d853b1b39a29f927044962f1038d28d3754639d1b27712cd4b94a,6a2e1c1ee24d853b1b39a29f927044962f1038d28d3754639d1b27712cd4b94a,none
primary_mtl_models.zip,models/primary_mtl/M00_S_SOURCE_MTL_FULL_seed2042/preprocessing.json,669298,49ed988739bf21398dcd2409a7f165648aa540c9c83c314aac3309b463751c70,49ed988739bf21398dcd2409a7f165648aa540c9c83c314aac3309b463751c70,none
primary_mtl_models.zip,models/primary_mtl/M00_S_SOURCE_MTL_FULL_seed3407/manifest.json,13029,76ee080fe6eaf4dd8d81fef2ede59c5d034c8216c962411b8a8389adf9f4cf30,76ee080fe6eaf4dd8d81fef2ede59c5d034c8216c962411b8a8389adf9f4cf30,none
primary_mtl_models.zip,models/primary_mtl/M00_S_SOURCE_MTL_FULL_seed3407/model.pt,1263768,942f042dcf279f7638290b9ef908158739f71762568219b1cde95d581f4e8cb8,942f042dcf279f7638290b9ef908158739f71762568219b1cde95d581f4e8cb8,none
primary_mtl_models.zip,models/primary_mtl/M00_S_SOURCE_MTL_FULL_seed3407/preprocessing.json,669298,49ed988739bf21398dcd2409a7f165648aa540c9c83c314aac3309b463751c70,49ed988739bf21398dcd2409a7f165648aa540c9c83c314aac3309b463751c70,none
primary_mtl_models.zip,models/primary_mtl/M00_S_SOURCE_MTL_FULL_seed8417/manifest.json,13028,5f018808cfdf6ab5fc0793f47e93b4231e90a5695d40950b52a9fa88e045fc7e,5f018808cfdf6ab5fc0793f47e93b4231e90a5695d40950b52a9fa88e045fc7e,none
primary_mtl_models.zip,models/primary_mtl/M00_S_SOURCE_MTL_FULL_seed8417/model.pt,1263768,5c939dc09afe27e53756cb13dc3a84584b066273165c7e66c7cb9eec5015b647,5c939dc09afe27e53756cb13dc3a84584b066273165c7e66c7cb9eec5015b647,none
primary_mtl_models.zip,models/primary_mtl/M00_S_SOURCE_MTL_FULL_seed8417/preprocessing.json,669298,49ed988739bf21398dcd2409a7f165648aa540c9c83c314aac3309b463751c70,49ed988739bf21398dcd2409a7f165648aa540c9c83c314aac3309b463751c70,none
primary_mtl_models.zip,models/primary_mtl/W00_S1_CONDITION_MTL_FULL_seed2042/manifest.json,26348,410fbb1d36270a4a02c65521505e4c640ceb4a1a40700327c866ca4618c380cf,410fbb1d36270a4a02c65521505e4c640ceb4a1a40700327c866ca4618c380cf,none
primary_mtl_models.zip,models/primary_mtl/W00_S1_CONDITION_MTL_FULL_seed2042/model.pt,2169938,cbc798ac76fc56159f160d2e1fe856f58ad0d1cb8e93ff9af3bf8ff610543a6d,cbc798ac76fc56159f160d2e1fe856f58ad0d1cb8e93ff9af3bf8ff610543a6d,none
primary_mtl_models.zip,models/primary_mtl/W00_S1_CONDITION_MTL_FULL_seed2042/preprocessing.json,11664986,4c462bf5c0b17281b5a77aba1abeb604f29228e3109d9f2defef988a35c058d5,4c462bf5c0b17281b5a77aba1abeb604f29228e3109d9f2defef988a35c058d5,none
primary_mtl_models.zip,models/primary_mtl/W00_S1_CONDITION_MTL_FULL_seed3407/manifest.json,26349,807fd281267658417c559b8dc3dc611bd39a04ad933f0547184e3f9f2cd6cebf,807fd281267658417c559b8dc3dc611bd39a04ad933f0547184e3f9f2cd6cebf,none
primary_mtl_models.zip,models/primary_mtl/W00_S1_CONDITION_MTL_FULL_seed3407/model.pt,2169938,4efe99732bf3357df65b3fb87a6b397dfb71622da6a47ce916ed874d40e6c348,4efe99732bf3357df65b3fb87a6b397dfb71622da6a47ce916ed874d40e6c348,none
primary_mtl_models.zip,models/primary_mtl/W00_S1_CONDITION_MTL_FULL_seed3407/preprocessing.json,11664986,4c462bf5c0b17281b5a77aba1abeb604f29228e3109d9f2defef988a35c058d5,4c462bf5c0b17281b5a77aba1abeb604f29228e3109d9f2defef988a35c058d5,none
primary_mtl_models.zip,models/primary_mtl/W00_S1_CONDITION_MTL_FULL_seed8417/manifest.json,26349,93c9f2ff31394428e8a5c8f49da3b40bbcd8e5d43608885467ded5bd7879ed0e,93c9f2ff31394428e8a5c8f49da3b40bbcd8e5d43608885467ded5bd7879ed0e,none
primary_mtl_models.zip,models/primary_mtl/W00_S1_CONDITION_MTL_FULL_seed8417/model.pt,2169938,c33f6c9682c96e5e77375e13f115985c1389a294b056edf66eb6292ab8cb3cd1,c33f6c9682c96e5e77375e13f115985c1389a294b056edf66eb6292ab8cb3cd1,none
primary_mtl_models.zip,models/primary_mtl/W00_S1_CONDITION_MTL_FULL_seed8417/preprocessing.json,11664986,4c462bf5c0b17281b5a77aba1abeb604f29228e3109d9f2defef988a35c058d5,4c462bf5c0b17281b5a77aba1abeb604f29228e3109d9f2defef988a35c058d5,none
primary_mtl_models.zip,models/primary_mtl/W00_S2_COMBINATION_MTL_FULL_seed2042/manifest.json,26351,b0433d6fe6d90fde5e926be2dbb511e5d4ed055a982af4d66fd76266f3f4e599,b0433d6fe6d90fde5e926be2dbb511e5d4ed055a982af4d66fd76266f3f4e599,none
primary_mtl_models.zip,models/primary_mtl/W00_S2_COMBINATION_MTL_FULL_seed2042/model.pt,2160146,42e5ef1214503d9da13df061ae8ff3561d29e0436e922981629921d73e4786e2,42e5ef1214503d9da13df061ae8ff3561d29e0436e922981629921d73e4786e2,none
primary_mtl_models.zip,models/primary_mtl/W00_S2_COMBINATION_MTL_FULL_seed2042/preprocessing.json,11662434,0bf817c986c42ea24cb80d8a158cb294e4009077b50201f3656dc386c1ca6ea3,0bf817c986c42ea24cb80d8a158cb294e4009077b50201f3656dc386c1ca6ea3,none
primary_mtl_models.zip,models/primary_mtl/W00_S2_COMBINATION_MTL_FULL_seed3407/manifest.json,26351,54043e1669702f7a11269d66b8650c081ee3dcb29005908c726d9b5cf3200e7e,54043e1669702f7a11269d66b8650c081ee3dcb29005908c726d9b5cf3200e7e,none
primary_mtl_models.zip,models/primary_mtl/W00_S2_COMBINATION_MTL_FULL_seed3407/model.pt,2160146,d46b8d0b549f9dc98c7fb31d8bbf6fcd37fef7b0dd9c517cb9d528c9684746ae,d46b8d0b549f9dc98c7fb31d8bbf6fcd37fef7b0dd9c517cb9d528c9684746ae,none
primary_mtl_models.zip,models/primary_mtl/W00_S2_COMBINATION_MTL_FULL_seed3407/preprocessing.json,11662434,0bf817c986c42ea24cb80d8a158cb294e4009077b50201f3656dc386c1ca6ea3,0bf817c986c42ea24cb80d8a158cb294e4009077b50201f3656dc386c1ca6ea3,none
primary_mtl_models.zip,models/primary_mtl/W00_S2_COMBINATION_MTL_FULL_seed8417/manifest.json,26351,d0dd0504bf9076cbf977bbcbc9f6b8888bb1a281c86487f56bce46a6c6b74940,d0dd0504bf9076cbf977bbcbc9f6b8888bb1a281c86487f56bce46a6c6b74940,none
primary_mtl_models.zip,models/primary_mtl/W00_S2_COMBINATION_MTL_FULL_seed8417/model.pt,2160146,b629788d91d7c34e2e7fc8d9718f651496fd1340ce74ff006b9414ced0cec8b6,b629788d91d7c34e2e7fc8d9718f651496fd1340ce74ff006b9414ced0cec8b6,none
primary_mtl_models.zip,models/primary_mtl/W00_S2_COMBINATION_MTL_FULL_seed8417/preprocessing.json,11662434,0bf817c986c42ea24cb80d8a158cb294e4009077b50201f3656dc386c1ca6ea3,0bf817c986c42ea24cb80d8a158cb294e4009077b50201f3656dc386c1ca6ea3,none
primary_mtl_models.zip,models/primary_mtl/W00_S3_PARENT_MTL_FULL_seed2042/manifest.json,26322,932f509ab972167b1099815f0e98dc5f44175a9070e8a2d00b0fd68a128cdb02,932f509ab972167b1099815f0e98dc5f44175a9070e8a2d00b0fd68a128cdb02,none
primary_mtl_models.zip,models/primary_mtl/W00_S3_PARENT_MTL_FULL_seed2042/model.pt,2133402,a947e104f4266c39eebb25a00c9b6ec76e5fb70271590c5e899504836d477ef8,a947e104f4266c39eebb25a00c9b6ec76e5fb70271590c5e899504836d477ef8,none
primary_mtl_models.zip,models/primary_mtl/W00_S3_PARENT_MTL_FULL_seed2042/preprocessing.json,11660405,6e61501f804342a2b1340cbafd542afe195436b9efda94a6c543075e900b84cf,6e61501f804342a2b1340cbafd542afe195436b9efda94a6c543075e900b84cf,none
primary_mtl_models.zip,models/primary_mtl/W00_S3_PARENT_MTL_FULL_seed3407/manifest.json,26323,ddab000daf34e25580a43ea5c8b6b901bb2fc4c90d488d2bdf9ad1dd45df1e28,ddab000daf34e25580a43ea5c8b6b901bb2fc4c90d488d2bdf9ad1dd45df1e28,none
primary_mtl_models.zip,models/primary_mtl/W00_S3_PARENT_MTL_FULL_seed3407/model.pt,2133402,bbb62977b9f907d2cbcd9317fb6082c3b62a71633bbf1feaced1f0cfb6b6dd00,bbb62977b9f907d2cbcd9317fb6082c3b62a71633bbf1feaced1f0cfb6b6dd00,none
primary_mtl_models.zip,models/primary_mtl/W00_S3_PARENT_MTL_FULL_seed3407/preprocessing.json,11660405,6e61501f804342a2b1340cbafd542afe195436b9efda94a6c543075e900b84cf,6e61501f804342a2b1340cbafd542afe195436b9efda94a6c543075e900b84cf,none
primary_mtl_models.zip,models/primary_mtl/W00_S3_PARENT_MTL_FULL_seed8417/manifest.json,26321,e45f80810ad0e029ba9ef9ffff944cd76086495d77d9b4978a590dfc71572ab0,e45f80810ad0e029ba9ef9ffff944cd76086495d77d9b4978a590dfc71572ab0,none
primary_mtl_models.zip,models/primary_mtl/W00_S3_PARENT_MTL_FULL_seed8417/model.pt,2133402,7b9687086440cf1eda71af8ffe217a238b0c6302de1aa1ca3e064477747d51a0,7b9687086440cf1eda71af8ffe217a238b0c6302de1aa1ca3e064477747d51a0,none
primary_mtl_models.zip,models/primary_mtl/W00_S3_PARENT_MTL_FULL_seed8417/preprocessing.json,11660405,6e61501f804342a2b1340cbafd542afe195436b9efda94a6c543075e900b84cf,6e61501f804342a2b1340cbafd542afe195436b9efda94a6c543075e900b84cf,none
primary_mtl_models.zip,models/primary_mtl/W00_S_SOURCE_MTL_FULL_seed2042/manifest.json,26370,059a7256756c76fa77441f6994d00d6a0b76a74c39b98652bf342b93d2ce946a,059a7256756c76fa77441f6994d00d6a0b76a74c39b98652bf342b93d2ce946a,none
primary_mtl_models.zip,models/primary_mtl/W00_S_SOURCE_MTL_FULL_seed2042/model.pt,2148306,0e2b9d8a8b552ca6ae486acd877e044d3651b0f79c46ceafd022bc2fd82d8014,0e2b9d8a8b552ca6ae486acd877e044d3651b0f79c46ceafd022bc2fd82d8014,none
primary_mtl_models.zip,models/primary_mtl/W00_S_SOURCE_MTL_FULL_seed2042/preprocessing.json,11656037,116c1eb2ea5083b7e2ef3e5de0020664d24dc5e4236127ef9706078bbe5aea61,116c1eb2ea5083b7e2ef3e5de0020664d24dc5e4236127ef9706078bbe5aea61,none
primary_mtl_models.zip,models/primary_mtl/W00_S_SOURCE_MTL_FULL_seed3407/manifest.json,26369,0e39aabac8058b7d8aa492a4431a8c76b963224ec102f4d45e175162897fc876,0e39aabac8058b7d8aa492a4431a8c76b963224ec102f4d45e175162897fc876,none
primary_mtl_models.zip,models/primary_mtl/W00_S_SOURCE_MTL_FULL_seed3407/model.pt,2148306,6dadb35adec446a08347af827d8282227656f287e9289a886817ddd86e9e5158,6dadb35adec446a08347af827d8282227656f287e9289a886817ddd86e9e5158,none
primary_mtl_models.zip,models/primary_mtl/W00_S_SOURCE_MTL_FULL_seed3407/preprocessing.json,11656037,116c1eb2ea5083b7e2ef3e5de0020664d24dc5e4236127ef9706078bbe5aea61,116c1eb2ea5083b7e2ef3e5de0020664d24dc5e4236127ef9706078bbe5aea61,none
primary_mtl_models.zip,models/primary_mtl/W00_S_SOURCE_MTL_FULL_seed8417/manifest.json,26370,6732e7da34973fa0381b238536eba827b0bfb5d093c9fd1a9972650764f5ef7e,6732e7da34973fa0381b238536eba827b0bfb5d093c9fd1a9972650764f5ef7e,none
primary_mtl_models.zip,models/primary_mtl/W00_S_SOURCE_MTL_FULL_seed8417/model.pt,2148306,fff4024f88d1375df8d39959ddca551de2c54d607e1ccbcd1fcff541df18c671,fff4024f88d1375df8d39959ddca551de2c54d607e1ccbcd1fcff541df18c671,none
primary_mtl_models.zip,models/primary_mtl/W00_S_SOURCE_MTL_FULL_seed8417/preprocessing.json,11656037,116c1eb2ea5083b7e2ef3e5de0020664d24dc5e4236127ef9706078bbe5aea61,116c1eb2ea5083b7e2ef3e5de0020664d24dc5e4236127ef9706078bbe5aea61,none
primary_mtl_models.zip,models/development_mtl/M00/S1_CONDITION/MTL_FULL/C2_seed42/manifest.json,13030,41d309a635907ea9a30b16eb961bce7a952c7e42b332c594f9f5dfcd001c9459,41d309a635907ea9a30b16eb961bce7a952c7e42b332c594f9f5dfcd001c9459,none
primary_mtl_models.zip,models/development_mtl/M00/S1_CONDITION/MTL_FULL/C2_seed42/model.pt,1265496,a329ba7a9161026a65e906d1e25c714f289c8eda32a426b85387cc0ec332ff11,a329ba7a9161026a65e906d1e25c714f289c8eda32a426b85387cc0ec332ff11,none
primary_mtl_models.zip,models/development_mtl/M00/S1_CONDITION/MTL_FULL/C2_seed42/preprocessing.json,670514,82f50f11d66ce5b6127dbe42c94ba44ed29d8ab540fcbb0525b3f23a35f670d5,82f50f11d66ce5b6127dbe42c94ba44ed29d8ab540fcbb0525b3f23a35f670d5,none
primary_mtl_models.zip,models/development_mtl/M00/S2_COMBINATION/MTL_FULL/C2_seed42/manifest.json,13031,df22e60dd5c33dace63cd9b6f2ab54f068bcc457118485d0a9a9b2870e2bbf32,df22e60dd5c33dace63cd9b6f2ab54f068bcc457118485d0a9a9b2870e2bbf32,none
primary_mtl_models.zip,models/development_mtl/M00/S2_COMBINATION/MTL_FULL/C2_seed42/model.pt,1262680,98efe6d02af9f6ef2a3d5ea0ade7a0e8d9c71b2604790b2e8ae9e029ef5b9e34,98efe6d02af9f6ef2a3d5ea0ade7a0e8d9c71b2604790b2e8ae9e029ef5b9e34,none
primary_mtl_models.zip,models/development_mtl/M00/S2_COMBINATION/MTL_FULL/C2_seed42/preprocessing.json,670055,adf5db61ff4653d7f81bdf6d44293d61db2fb761ee9c077c17c65a70d09b70e2,adf5db61ff4653d7f81bdf6d44293d61db2fb761ee9c077c17c65a70d09b70e2,none
primary_mtl_models.zip,models/development_mtl/M00/S3_PARENT/MTL_FULL/C2_seed42/manifest.json,13025,4833d1ebc94717048d875ff3c15ba27d00ded05ef48ef0cdb9dd50c932a81804,4833d1ebc94717048d875ff3c15ba27d00ded05ef48ef0cdb9dd50c932a81804,none
primary_mtl_models.zip,models/development_mtl/M00/S3_PARENT/MTL_FULL/C2_seed42/model.pt,1261208,cfe9fb20f82722ddb3b0be58cea9929dd44421efb24ab2ed58d70b3664f7c89e,cfe9fb20f82722ddb3b0be58cea9929dd44421efb24ab2ed58d70b3664f7c89e,none
primary_mtl_models.zip,models/development_mtl/M00/S3_PARENT/MTL_FULL/C2_seed42/preprocessing.json,666150,548ea021278e220de5a41f3a6593871a05e8df8648e78a204d057da876ea9479,548ea021278e220de5a41f3a6593871a05e8df8648e78a204d057da876ea9479,none
primary_mtl_models.zip,models/development_mtl/M00/S_SOURCE/MTL_FULL/C2_seed42/manifest.json,13025,982603b51361416fec413479364741850d2cccc746a669d0ace4264893bc0026,982603b51361416fec413479364741850d2cccc746a669d0ace4264893bc0026,none
primary_mtl_models.zip,models/development_mtl/M00/S_SOURCE/MTL_FULL/C2_seed42/model.pt,1263768,800ae22de7155bc6baefb993f7254c403fac96b23604d139db0fe8b6b0baa4cd,800ae22de7155bc6baefb993f7254c403fac96b23604d139db0fe8b6b0baa4cd,none
primary_mtl_models.zip,models/development_mtl/M00/S_SOURCE/MTL_FULL/C2_seed42/preprocessing.json,669298,49ed988739bf21398dcd2409a7f165648aa540c9c83c314aac3309b463751c70,49ed988739bf21398dcd2409a7f165648aa540c9c83c314aac3309b463751c70,none
primary_mtl_models.zip,models/development_mtl/W00/S1_CONDITION/MTL_FULL/C2_seed42/manifest.json,26345,2eb29a0fe145418bffe01424b5bb7c301c69211f8c270079fd21063742c90d12,2eb29a0fe145418bffe01424b5bb7c301c69211f8c270079fd21063742c90d12,none
primary_mtl_models.zip,models/development_mtl/W00/S1_CONDITION/MTL_FULL/C2_seed42/model.pt,2169938,69f911d6e7f19c8a0c11d3adce9534ae116f15e09c3ad7b83771bbab8dc3d184,69f911d6e7f19c8a0c11d3adce9534ae116f15e09c3ad7b83771bbab8dc3d184,none
primary_mtl_models.zip,models/development_mtl/W00/S1_CONDITION/MTL_FULL/C2_seed42/preprocessing.json,11664986,4c462bf5c0b17281b5a77aba1abeb604f29228e3109d9f2defef988a35c058d5,4c462bf5c0b17281b5a77aba1abeb604f29228e3109d9f2defef988a35c058d5,none
primary_mtl_models.zip,models/development_mtl/W00/S2_COMBINATION/MTL_FULL/C2_seed42/manifest.json,26346,d25e0ef36e5424832049e9d716033e5b01f06e5b202b972d37f8e775585f8a34,d25e0ef36e5424832049e9d716033e5b01f06e5b202b972d37f8e775585f8a34,none
primary_mtl_models.zip,models/development_mtl/W00/S2_COMBINATION/MTL_FULL/C2_seed42/model.pt,2160146,d49af06f7f9d9a4f775953feccb05ae02eb6a8ee8f8c4a70e03954d1b6e76caa,d49af06f7f9d9a4f775953feccb05ae02eb6a8ee8f8c4a70e03954d1b6e76caa,none
primary_mtl_models.zip,models/development_mtl/W00/S2_COMBINATION/MTL_FULL/C2_seed42/preprocessing.json,11662434,0bf817c986c42ea24cb80d8a158cb294e4009077b50201f3656dc386c1ca6ea3,0bf817c986c42ea24cb80d8a158cb294e4009077b50201f3656dc386c1ca6ea3,none
primary_mtl_models.zip,models/development_mtl/W00/S3_PARENT/MTL_FULL/C2_seed42/manifest.json,26319,30e35faf41db4915e3020d79792137f3ebb53966036393c03d19d9b2f3eca6d6,30e35faf41db4915e3020d79792137f3ebb53966036393c03d19d9b2f3eca6d6,none
primary_mtl_models.zip,models/development_mtl/W00/S3_PARENT/MTL_FULL/C2_seed42/model.pt,2133402,049409aa482efe89b2930e82e3c2c4e07d30aebf68d5fe11de16d0fb3842089b,049409aa482efe89b2930e82e3c2c4e07d30aebf68d5fe11de16d0fb3842089b,none
primary_mtl_models.zip,models/development_mtl/W00/S3_PARENT/MTL_FULL/C2_seed42/preprocessing.json,11660405,6e61501f804342a2b1340cbafd542afe195436b9efda94a6c543075e900b84cf,6e61501f804342a2b1340cbafd542afe195436b9efda94a6c543075e900b84cf,none
primary_mtl_models.zip,models/development_mtl/W00/S_SOURCE/MTL_FULL/C2_seed42/manifest.json,26365,a61c5dd3258833557e4ca9e7760c4458cceff2cb479048c40c6ab9bee3877759,a61c5dd3258833557e4ca9e7760c4458cceff2cb479048c40c6ab9bee3877759,none
primary_mtl_models.zip,models/development_mtl/W00/S_SOURCE/MTL_FULL/C2_seed42/model.pt,2148306,e3897b17ccfadef717c68cf70b52c153bb561b42c430de2daa9346240cd417f6,e3897b17ccfadef717c68cf70b52c153bb561b42c430de2daa9346240cd417f6,none
primary_mtl_models.zip,models/development_mtl/W00/S_SOURCE/MTL_FULL/C2_seed42/preprocessing.json,11656037,116c1eb2ea5083b7e2ef3e5de0020664d24dc5e4236127ef9706078bbe5aea61,116c1eb2ea5083b7e2ef3e5de0020664d24dc5e4236127ef9706078bbe5aea61,none
