hypothesis_id,macro_hypothesis_id,route,boundary,target_scale,contrast,first,second,model_head,macro_status,macro_point_mae_difference,n_records,n_parent_clusters,point_mae_difference,ci95_low,ci95_high,p_raw,test_method,support_label,q_bh_within_route_boundary,p_holm_global,direction,ci_excludes_zero,bh_significant_0_05,global_holm_significant_0_05,exploratory_localization_eligible
M00/S1_CONDITION/MTL_FULL_minus_STL_FULL/ECx_Growth,M00/S1_CONDITION/MTL_FULL_minus_STL_FULL,M00,S1_CONDITION,neg_log10_mol_kg,MTL_FULL_minus_STL_FULL,MTL_FULL,STL_FULL,ECx_Growth,FORMAL_HOLM_SIGNIFICANT,-0.1355560319249813,239,64,-0.05020809571348965,-0.07543023827493725,-0.028746838300258738,0.00037999240015199694,MONTE_CARLO_CLUSTER_SIGN_FLIP_50000,HIGH,0.0010666453337599914,0.09271814563708725,FAVORS_MTL,True,True,False,True
M00/S1_CONDITION/MTL_FULL_minus_STL_FULL/ECx_Mortality,M00/S1_CONDITION/MTL_FULL_minus_STL_FULL,M00,S1_CONDITION,neg_log10_mol_kg,MTL_FULL_minus_STL_FULL,MTL_FULL,STL_FULL,ECx_Mortality,FORMAL_HOLM_SIGNIFICANT,-0.1355560319249813,244,82,-0.03893455220180422,-0.07116985319096424,-0.009423779778553736,0.014259714805703885,MONTE_CARLO_CLUSTER_SIGN_FLIP_50000,HIGH,0.019012953074271848,1.0,FAVORS_MTL,True,True,False,True
M00/S1_CONDITION/MTL_FULL_minus_STL_FULL/ECx_Reproduction,M00/S1_CONDITION/MTL_FULL_minus_STL_FULL,M00,S1_CONDITION,neg_log10_mol_kg,MTL_FULL_minus_STL_FULL,MTL_FULL,STL_FULL,ECx_Reproduction,FORMAL_HOLM_SIGNIFICANT,-0.1355560319249813,163,53,-0.12933802663654884,-0.20722669934290816,-0.06262349026123333,0.0007799844003119938,MONTE_CARLO_CLUSTER_SIGN_FLIP_50000,HIGH,0.0015599688006239876,0.18407631847363054,FAVORS_MTL,True,True,False,True
M00/S1_CONDITION/MTL_FULL_minus_STL_FULL/LOEC_Biochemical,M00/S1_CONDITION/MTL_FULL_minus_STL_FULL,M00,S1_CONDITION,neg_log10_mol_kg,MTL_FULL_minus_STL_FULL,MTL_FULL,STL_FULL,LOEC_Biochemical,FORMAL_HOLM_SIGNIFICANT,-0.1355560319249813,138,63,-0.22145958494959994,-0.322584142782855,-0.13935014845603932,1.999960000799984e-05,MONTE_CARLO_CLUSTER_SIGN_FLIP_50000,HIGH,0.00015999680006399873,0.00635987280254395,FAVORS_MTL,True,True,True,True
M00/S1_CONDITION/MTL_FULL_minus_STL_FULL/LOEC_GeneticDamage,M00/S1_CONDITION/MTL_FULL_minus_STL_FULL,M00,S1_CONDITION,neg_log10_mol_kg,MTL_FULL_minus_STL_FULL,MTL_FULL,STL_FULL,LOEC_GeneticDamage,FORMAL_HOLM_SIGNIFICANT,-0.1355560319249813,41,29,-0.1176398194471514,-0.26051114064457903,-0.002333406605871995,0.07299854002919942,MONTE_CARLO_CLUSTER_SIGN_FLIP_50000,ADEQUATE,0.07786510936447938,1.0,FAVORS_MTL,True,False,False,False
M00/S1_CONDITION/MTL_FULL_minus_STL_FULL/LOEC_Growth,M00/S1_CONDITION/MTL_FULL_minus_STL_FULL,M00,S1_CONDITION,neg_log10_mol_kg,MTL_FULL_minus_STL_FULL,MTL_FULL,STL_FULL,LOEC_Growth,FORMAL_HOLM_SIGNIFICANT,-0.1355560319249813,232,108,-0.10765529527994497,-0.15085295674823018,-0.0631474462698651,3.999920001599968e-05,MONTE_CARLO_CLUSTER_SIGN_FLIP_50000,HIGH,0.0002133290667519983,0.010559788804223915,FAVORS_MTL,True,True,True,True
M00/S1_CONDITION/MTL_FULL_minus_STL_FULL/LOEC_Mortality,M00/S1_CONDITION/MTL_FULL_minus_STL_FULL,M00,S1_CONDITION,neg_log10_mol_kg,MTL_FULL_minus_STL_FULL,MTL_FULL,STL_FULL,LOEC_Mortality,FORMAL_HOLM_SIGNIFICANT,-0.1355560319249813,44,22,-0.29893499237768856,-0.4386175805929915,-0.1758617809350766,0.0003999920001599968,MONTE_CARLO_CLUSTER_SIGN_FLIP_50000,ADEQUATE,0.0010666453337599914,0.09719805603887922,FAVORS_MTL,True,True,False,True
M00/S1_CONDITION/MTL_FULL_minus_STL_FULL/LOEC_Physiology,M00/S1_CONDITION/MTL_FULL_minus_STL_FULL,M00,S1_CONDITION,neg_log10_mol_kg,MTL_FULL_minus_STL_FULL,MTL_FULL,STL_FULL,LOEC_Physiology,FORMAL_HOLM_SIGNIFICANT,-0.1355560319249813,41,21,-0.012911939751328877,-0.15512330871740135,0.10397367627922147,0.8453230935381293,MONTE_CARLO_CLUSTER_SIGN_FLIP_50000,ADEQUATE,0.8453230935381293,1.0,FAVORS_MTL,False,False,False,False
M00/S1_CONDITION/MTL_FULL_minus_STL_FULL/LOEC_Population,M00/S1_CONDITION/MTL_FULL_minus_STL_FULL,M00,S1_CONDITION,neg_log10_mol_kg,MTL_FULL_minus_STL_FULL,MTL_FULL,STL_FULL,LOEC_Population,FORMAL_HOLM_SIGNIFICANT,-0.1355560319249813,108,58,-0.12618204477547168,-0.2666254713727419,-0.012817797988128873,0.03629927401451971,MONTE_CARLO_CLUSTER_SIGN_FLIP_50000,HIGH,0.041484884588022526,1.0,FAVORS_MTL,True,True,False,True
M00/S1_CONDITION/MTL_FULL_minus_STL_FULL/LOEC_Reproduction,M00/S1_CONDITION/MTL_FULL_minus_STL_FULL,M00,S1_CONDITION,neg_log10_mol_kg,MTL_FULL_minus_STL_FULL,MTL_FULL,STL_FULL,LOEC_Reproduction,FORMAL_HOLM_SIGNIFICANT,-0.1355560319249813,122,69,-0.1229707724138842,-0.21661623401485985,-0.03520273474407198,0.007259854802903942,MONTE_CARLO_CLUSTER_SIGN_FLIP_50000,HIGH,0.011615767684646307,1.0,FAVORS_MTL,True,True,False,True
M00/S1_CONDITION/MTL_FULL_minus_STL_FULL/NOEC_Biochemical,M00/S1_CONDITION/MTL_FULL_minus_STL_FULL,M00,S1_CONDITION,neg_log10_mol_kg,MTL_FULL_minus_STL_FULL,MTL_FULL,STL_FULL,NOEC_Biochemical,FORMAL_HOLM_SIGNIFICANT,-0.1355560319249813,117,55,-0.20661035353760032,-0.3411685423305274,-0.09550979711687001,0.0006799864002719945,MONTE_CARLO_CLUSTER_SIGN_FLIP_50000,HIGH,0.0015542546291931302,0.1611567768644627,FAVORS_MTL,True,True,False,True
M00/S1_CONDITION/MTL_FULL_minus_STL_FULL/NOEC_Growth,M00/S1_CONDITION/MTL_FULL_minus_STL_FULL,M00,S1_CONDITION,neg_log10_mol_kg,MTL_FULL_minus_STL_FULL,MTL_FULL,STL_FULL,NOEC_Growth,FORMAL_HOLM_SIGNIFICANT,-0.1355560319249813,313,140,-0.09771765045873478,-0.13411767706854838,-0.0639007867089685,1.999960000799984e-05,MONTE_CARLO_CLUSTER_SIGN_FLIP_50000,HIGH,0.00015999680006399873,0.00635987280254395,FAVORS_MTL,True,True,True,True
M00/S1_CONDITION/MTL_FULL_minus_STL_FULL/NOEC_Mortality,M00/S1_CONDITION/MTL_FULL_minus_STL_FULL,M00,S1_CONDITION,neg_log10_mol_kg,MTL_FULL_minus_STL_FULL,MTL_FULL,STL_FULL,NOEC_Mortality,FORMAL_HOLM_SIGNIFICANT,-0.1355560319249813,73,45,-0.18141212732948886,-0.3198043861078732,-0.04888747639594983,0.011939761204775905,MONTE_CARLO_CLUSTER_SIGN_FLIP_50000,ADEQUATE,0.017366925388764953,1.0,FAVORS_MTL,True,True,False,True
M00/S1_CONDITION/MTL_FULL_minus_STL_FULL/NOEC_Physiology,M00/S1_CONDITION/MTL_FULL_minus_STL_FULL,M00,S1_CONDITION,neg_log10_mol_kg,MTL_FULL_minus_STL_FULL,MTL_FULL,STL_FULL,NOEC_Physiology,FORMAL_HOLM_SIGNIFICANT,-0.1355560319249813,40,24,-0.15087823809419101,-0.25177261523887856,-0.059366910903467365,0.005419891602167957,MONTE_CARLO_CLUSTER_SIGN_FLIP_50000,ADEQUATE,0.009635362848298589,1.0,FAVORS_MTL,True,True,False,True
M00/S1_CONDITION/MTL_FULL_minus_STL_FULL/NOEC_Population,M00/S1_CONDITION/MTL_FULL_minus_STL_FULL,M00,S1_CONDITION,neg_log10_mol_kg,MTL_FULL_minus_STL_FULL,MTL_FULL,STL_FULL,NOEC_Population,FORMAL_HOLM_SIGNIFICANT,-0.1355560319249813,111,59,-0.09596405976090391,-0.18673494310269226,-0.013471547695322234,0.03347933041339173,MONTE_CARLO_CLUSTER_SIGN_FLIP_50000,HIGH,0.04120532973955905,1.0,FAVORS_MTL,True,True,False,True
M00/S1_CONDITION/MTL_FULL_minus_STL_FULL/NOEC_Reproduction,M00/S1_CONDITION/MTL_FULL_minus_STL_FULL,M00,S1_CONDITION,neg_log10_mol_kg,MTL_FULL_minus_STL_FULL,MTL_FULL,STL_FULL,NOEC_Reproduction,FORMAL_HOLM_SIGNIFICANT,-0.1355560319249813,150,77,-0.2100789580718705,-0.2841424624894307,-0.12112993799303283,0.00011999760004799904,MONTE_CARLO_CLUSTER_SIGN_FLIP_50000,HIGH,0.00047999040019199615,0.030239395212095756,FAVORS_MTL,True,True,True,True
M00/S2_COMBINATION/MTL_FULL_minus_STL_FULL/ECx_Growth,M00/S2_COMBINATION/MTL_FULL_minus_STL_FULL,M00,S2_COMBINATION,neg_log10_mol_kg,MTL_FULL_minus_STL_FULL,MTL_FULL,STL_FULL,ECx_Growth,FORMAL_HOLM_SIGNIFICANT,-0.1563695792379379,239,55,-0.1579768873842032,-0.30224844587764343,-0.04332441055246527,0.007279854402911942,MONTE_CARLO_CLUSTER_SIGN_FLIP_50000,HIGH,0.012941963382954565,1.0,FAVORS_MTL,True,True,False,True
M00/S2_COMBINATION/MTL_FULL_minus_STL_FULL/ECx_Mortality,M00/S2_COMBINATION/MTL_FULL_minus_STL_FULL,M00,S2_COMBINATION,neg_log10_mol_kg,MTL_FULL_minus_STL_FULL,MTL_FULL,STL_FULL,ECx_Mortality,FORMAL_HOLM_SIGNIFICANT,-0.1563695792379379,244,70,-0.13267280572903126,-0.22307303857354793,-0.05629093423307955,0.0004399912001759965,MONTE_CARLO_CLUSTER_SIGN_FLIP_50000,HIGH,0.0014079718405631888,0.10647787044259115,FAVORS_MTL,True,True,False,True
M00/S2_COMBINATION/MTL_FULL_minus_STL_FULL/ECx_Reproduction,M00/S2_COMBINATION/MTL_FULL_minus_STL_FULL,M00,S2_COMBINATION,neg_log10_mol_kg,MTL_FULL_minus_STL_FULL,MTL_FULL,STL_FULL,ECx_Reproduction,FORMAL_HOLM_SIGNIFICANT,-0.1563695792379379,163,38,-0.03522640986180859,-0.19450526507535668,0.13334777039045934,0.7640847183056338,MONTE_CARLO_CLUSTER_SIGN_FLIP_50000,ADEQUATE,0.8021839563208736,1.0,FAVORS_MTL,False,False,False,False
M00/S2_COMBINATION/MTL_FULL_minus_STL_FULL/LOEC_Biochemical,M00/S2_COMBINATION/MTL_FULL_minus_STL_FULL,M00,S2_COMBINATION,neg_log10_mol_kg,MTL_FULL_minus_STL_FULL,MTL_FULL,STL_FULL,LOEC_Biochemical,FORMAL_HOLM_SIGNIFICANT,-0.1563695792379379,138,57,-0.13205604987931718,-0.26146401975872746,0.0015574576860486978,0.04729905401891962,MONTE_CARLO_CLUSTER_SIGN_FLIP_50000,HIGH,0.06306540535855949,1.0,FAVORS_MTL,False,False,False,False
M00/S2_COMBINATION/MTL_FULL_minus_STL_FULL/LOEC_GeneticDamage,M00/S2_COMBINATION/MTL_FULL_minus_STL_FULL,M00,S2_COMBINATION,neg_log10_mol_kg,MTL_FULL_minus_STL_FULL,MTL_FULL,STL_FULL,LOEC_GeneticDamage,FORMAL_HOLM_SIGNIFICANT,-0.1563695792379379,41,25,0.025468444279287995,-0.16002256391948863,0.21891370719563286,0.8021839563208736,MONTE_CARLO_CLUSTER_SIGN_FLIP_50000,ADEQUATE,0.8021839563208736,1.0,FAVORS_STL,False,False,False,False
M00/S2_COMBINATION/MTL_FULL_minus_STL_FULL/LOEC_Growth,M00/S2_COMBINATION/MTL_FULL_minus_STL_FULL,M00,S2_COMBINATION,neg_log10_mol_kg,MTL_FULL_minus_STL_FULL,MTL_FULL,STL_FULL,LOEC_Growth,FORMAL_HOLM_SIGNIFICANT,-0.1563695792379379,232,94,-0.13142020824399522,-0.19873738610418681,-0.075431476706727,3.999920001599968e-05,MONTE_CARLO_CLUSTER_SIGN_FLIP_50000,HIGH,0.00031999360012799745,0.010559788804223915,FAVORS_MTL,True,True,True,True
M00/S2_COMBINATION/MTL_FULL_minus_STL_FULL/LOEC_Mortality,M00/S2_COMBINATION/MTL_FULL_minus_STL_FULL,M00,S2_COMBINATION,neg_log10_mol_kg,MTL_FULL_minus_STL_FULL,MTL_FULL,STL_FULL,LOEC_Mortality,FORMAL_HOLM_SIGNIFICANT,-0.1563695792379379,44,26,-0.21925609274995372,-0.3989727293168679,-0.08547564657403794,0.0036799264014719707,MONTE_CARLO_CLUSTER_SIGN_FLIP_50000,ADEQUATE,0.007359852802943941,0.7911841763164738,FAVORS_MTL,True,True,False,True
M00/S2_COMBINATION/MTL_FULL_minus_STL_FULL/LOEC_Physiology,M00/S2_COMBINATION/MTL_FULL_minus_STL_FULL,M00,S2_COMBINATION,neg_log10_mol_kg,MTL_FULL_minus_STL_FULL,MTL_FULL,STL_FULL,LOEC_Physiology,FORMAL_HOLM_SIGNIFICANT,-0.1563695792379379,41,22,-0.16358681346655043,-0.38319828354187996,0.00772066153739832,0.09427811443771125,MONTE_CARLO_CLUSTER_SIGN_FLIP_50000,ADEQUATE,0.11603460238487538,1.0,FAVORS_MTL,False,False,False,False
M00/S2_COMBINATION/MTL_FULL_minus_STL_FULL/LOEC_Population,M00/S2_COMBINATION/MTL_FULL_minus_STL_FULL,M00,S2_COMBINATION,neg_log10_mol_kg,MTL_FULL_minus_STL_FULL,MTL_FULL,STL_FULL,LOEC_Population,FORMAL_HOLM_SIGNIFICANT,-0.1563695792379379,108,50,-0.09158485511406214,-0.23452812865929498,0.020494670110091154,0.13231735365292693,MONTE_CARLO_CLUSTER_SIGN_FLIP_50000,HIGH,0.1512198327462022,1.0,FAVORS_MTL,False,False,False,False
M00/S2_COMBINATION/MTL_FULL_minus_STL_FULL/LOEC_Reproduction,M00/S2_COMBINATION/MTL_FULL_minus_STL_FULL,M00,S2_COMBINATION,neg_log10_mol_kg,MTL_FULL_minus_STL_FULL,MTL_FULL,STL_FULL,LOEC_Reproduction,FORMAL_HOLM_SIGNIFICANT,-0.1563695792379379,122,58,-0.12465849105005276,-0.2163744613521014,-0.03439205771987845,0.009059818803623927,MONTE_CARLO_CLUSTER_SIGN_FLIP_50000,HIGH,0.014495710085798284,1.0,FAVORS_MTL,True,True,False,True
M00/S2_COMBINATION/MTL_FULL_minus_STL_FULL/NOEC_Biochemical,M00/S2_COMBINATION/MTL_FULL_minus_STL_FULL,M00,S2_COMBINATION,neg_log10_mol_kg,MTL_FULL_minus_STL_FULL,MTL_FULL,STL_FULL,NOEC_Biochemical,FORMAL_HOLM_SIGNIFICANT,-0.1563695792379379,117,52,-0.22607010928099938,-0.3519272121659477,-0.09579215993483634,0.0016999660006799865,MONTE_CARLO_CLUSTER_SIGN_FLIP_50000,HIGH,0.003885636572982826,0.380792384152317,FAVORS_MTL,True,True,False,True
M00/S2_COMBINATION/MTL_FULL_minus_STL_FULL/NOEC_Growth,M00/S2_COMBINATION/MTL_FULL_minus_STL_FULL,M00,S2_COMBINATION,neg_log10_mol_kg,MTL_FULL_minus_STL_FULL,MTL_FULL,STL_FULL,NOEC_Growth,FORMAL_HOLM_SIGNIFICANT,-0.1563695792379379,313,132,-0.10726392498814233,-0.1666655156695233,-0.056507913126607356,7.999840003199936e-05,MONTE_CARLO_CLUSTER_SIGN_FLIP_50000,HIGH,0.0004266581335039966,0.02039959200815984,FAVORS_MTL,True,True,True,True
M00/S2_COMBINATION/MTL_FULL_minus_STL_FULL/NOEC_Mortality,M00/S2_COMBINATION/MTL_FULL_minus_STL_FULL,M00,S2_COMBINATION,neg_log10_mol_kg,MTL_FULL_minus_STL_FULL,MTL_FULL,STL_FULL,NOEC_Mortality,FORMAL_HOLM_SIGNIFICANT,-0.1563695792379379,73,37,-0.2655080634938554,-0.37692936000661165,-0.15756537353208244,0.0001399972000559989,MONTE_CARLO_CLUSTER_SIGN_FLIP_50000,ADEQUATE,0.0005599888002239956,0.03499930001399972,FAVORS_MTL,True,True,True,True
M00/S2_COMBINATION/MTL_FULL_minus_STL_FULL/NOEC_Physiology,M00/S2_COMBINATION/MTL_FULL_minus_STL_FULL,M00,S2_COMBINATION,neg_log10_mol_kg,MTL_FULL_minus_STL_FULL,MTL_FULL,STL_FULL,NOEC_Physiology,FORMAL_HOLM_SIGNIFICANT,-0.1563695792379379,40,24,-0.281557753223046,-0.39442832209919204,-0.15580222913216135,0.0015999680006399872,MONTE_CARLO_CLUSTER_SIGN_FLIP_50000,ADEQUATE,0.003885636572982826,0.3631927361452771,FAVORS_MTL,True,True,False,True
M00/S2_COMBINATION/MTL_FULL_minus_STL_FULL/NOEC_Population,M00/S2_COMBINATION/MTL_FULL_minus_STL_FULL,M00,S2_COMBINATION,neg_log10_mol_kg,MTL_FULL_minus_STL_FULL,MTL_FULL,STL_FULL,NOEC_Population,FORMAL_HOLM_SIGNIFICANT,-0.1563695792379379,111,56,-0.1756506342848159,-0.3458732268861472,-0.04342975974446363,0.01121977560448791,MONTE_CARLO_CLUSTER_SIGN_FLIP_50000,HIGH,0.01631967360652787,1.0,FAVORS_MTL,True,True,False,True
M00/S2_COMBINATION/MTL_FULL_minus_STL_FULL/NOEC_Reproduction,M00/S2_COMBINATION/MTL_FULL_minus_STL_FULL,M00,S2_COMBINATION,neg_log10_mol_kg,MTL_FULL_minus_STL_FULL,MTL_FULL,STL_FULL,NOEC_Reproduction,FORMAL_HOLM_SIGNIFICANT,-0.1563695792379379,150,77,-0.2828926133364615,-0.37621860109441224,-0.18815157248920503,1.999960000799984e-05,MONTE_CARLO_CLUSTER_SIGN_FLIP_50000,HIGH,0.00031999360012799745,0.00635987280254395,FAVORS_MTL,True,True,True,True
M00/S3_PARENT/MTL_FULL_minus_STL_FULL/ECx_Growth,M00/S3_PARENT/MTL_FULL_minus_STL_FULL,M00,S3_PARENT,neg_log10_mol_kg,MTL_FULL_minus_STL_FULL,MTL_FULL,STL_FULL,ECx_Growth,FORMAL_HOLM_SIGNIFICANT,-0.0668900899585222,239,29,-0.049922749703837865,-0.13665973703226456,0.019355772695482762,0.1993160136797264,MONTE_CARLO_CLUSTER_SIGN_FLIP_50000,ADEQUATE,0.3398012039759205,1.0,FAVORS_MTL,False,False,False,False
M00/S3_PARENT/MTL_FULL_minus_STL_FULL/ECx_Mortality,M00/S3_PARENT/MTL_FULL_minus_STL_FULL,M00,S3_PARENT,neg_log10_mol_kg,MTL_FULL_minus_STL_FULL,MTL_FULL,STL_FULL,ECx_Mortality,FORMAL_HOLM_SIGNIFICANT,-0.0668900899585222,244,45,-0.00118987210086221,-0.04666679006576193,0.04305115734232943,0.9675406491870162,MONTE_CARLO_CLUSTER_SIGN_FLIP_50000,ADEQUATE,0.9675406491870162,1.0,FAVORS_MTL,False,False,False,False
M00/S3_PARENT/MTL_FULL_minus_STL_FULL/ECx_Reproduction,M00/S3_PARENT/MTL_FULL_minus_STL_FULL,M00,S3_PARENT,neg_log10_mol_kg,MTL_FULL_minus_STL_FULL,MTL_FULL,STL_FULL,ECx_Reproduction,FORMAL_HOLM_SIGNIFICANT,-0.0668900899585222,163,24,-0.05815373905170156,-0.14149612482139978,0.025153185295808816,0.24165516689666205,MONTE_CARLO_CLUSTER_SIGN_FLIP_50000,ADEQUATE,0.351498424576963,1.0,FAVORS_MTL,False,False,False,False
M00/S3_PARENT/MTL_FULL_minus_STL_FULL/LOEC_Biochemical,M00/S3_PARENT/MTL_FULL_minus_STL_FULL,M00,S3_PARENT,neg_log10_mol_kg,MTL_FULL_minus_STL_FULL,MTL_FULL,STL_FULL,LOEC_Biochemical,FORMAL_HOLM_SIGNIFICANT,-0.0668900899585222,138,33,-0.025933423321062538,-0.12953465166266678,0.06293766592207391,0.6993460130797384,MONTE_CARLO_CLUSTER_SIGN_FLIP_50000,ADEQUATE,0.8606119791666667,1.0,FAVORS_MTL,False,False,False,False
M00/S3_PARENT/MTL_FULL_minus_STL_FULL/LOEC_GeneticDamage,M00/S3_PARENT/MTL_FULL_minus_STL_FULL,M00,S3_PARENT,neg_log10_mol_kg,MTL_FULL_minus_STL_FULL,MTL_FULL,STL_FULL,LOEC_GeneticDamage,FORMAL_HOLM_SIGNIFICANT,-0.0668900899585222,41,23,0.0322977862288977,-0.10536292907116818,0.1650530310225019,0.7988440231195376,MONTE_CARLO_CLUSTER_SIGN_FLIP_50000,ADEQUATE,0.8606119791666667,1.0,FAVORS_STL,False,False,False,False
M00/S3_PARENT/MTL_FULL_minus_STL_FULL/LOEC_Growth,M00/S3_PARENT/MTL_FULL_minus_STL_FULL,M00,S3_PARENT,neg_log10_mol_kg,MTL_FULL_minus_STL_FULL,MTL_FULL,STL_FULL,LOEC_Growth,FORMAL_HOLM_SIGNIFICANT,-0.0668900899585222,232,50,-0.03918031373762922,-0.09214544565811601,0.020092175484738725,0.2123757524849503,MONTE_CARLO_CLUSTER_SIGN_FLIP_50000,HIGH,0.3398012039759205,1.0,FAVORS_MTL,False,False,False,False
M00/S3_PARENT/MTL_FULL_minus_STL_FULL/LOEC_Mortality,M00/S3_PARENT/MTL_FULL_minus_STL_FULL,M00,S3_PARENT,neg_log10_mol_kg,MTL_FULL_minus_STL_FULL,MTL_FULL,STL_FULL,LOEC_Mortality,FORMAL_HOLM_SIGNIFICANT,-0.0668900899585222,42,15,-0.1687314464852276,-0.28906525721673215,-0.08134154808301607,0.01019287109375,EXACT_CLUSTER_SIGN_FLIP,LIMITED,0.054361979166666664,1.0,FAVORS_MTL,True,False,False,False
M00/S3_PARENT/MTL_FULL_minus_STL_FULL/LOEC_Physiology,M00/S3_PARENT/MTL_FULL_minus_STL_FULL,M00,S3_PARENT,neg_log10_mol_kg,MTL_FULL_minus_STL_FULL,MTL_FULL,STL_FULL,LOEC_Physiology,FORMAL_HOLM_SIGNIFICANT,-0.0668900899585222,41,16,-0.12633998421282908,-0.3376683520487694,0.026546356731258915,0.132110595703125,EXACT_CLUSTER_SIGN_FLIP,LIMITED,0.3398012039759205,1.0,FAVORS_MTL,False,False,False,False
M00/S3_PARENT/MTL_FULL_minus_STL_FULL/LOEC_Population,M00/S3_PARENT/MTL_FULL_minus_STL_FULL,M00,S3_PARENT,neg_log10_mol_kg,MTL_FULL_minus_STL_FULL,MTL_FULL,STL_FULL,LOEC_Population,FORMAL_HOLM_SIGNIFICANT,-0.0668900899585222,108,29,-0.05363703111668842,-0.1722246550765172,0.012353557555126802,0.1747165056698866,MONTE_CARLO_CLUSTER_SIGN_FLIP_50000,ADEQUATE,0.3398012039759205,1.0,FAVORS_MTL,False,False,False,False
M00/S3_PARENT/MTL_FULL_minus_STL_FULL/LOEC_Reproduction,M00/S3_PARENT/MTL_FULL_minus_STL_FULL,M00,S3_PARENT,neg_log10_mol_kg,MTL_FULL_minus_STL_FULL,MTL_FULL,STL_FULL,LOEC_Reproduction,FORMAL_HOLM_SIGNIFICANT,-0.0668900899585222,123,34,-0.13307731064937586,-0.1862290917434704,-0.069348302238692,0.0005999880002399952,MONTE_CARLO_CLUSTER_SIGN_FLIP_50000,ADEQUATE,0.009599808003839923,0.14399712005759885,FAVORS_MTL,True,True,False,True
M00/S3_PARENT/MTL_FULL_minus_STL_FULL/NOEC_Biochemical,M00/S3_PARENT/MTL_FULL_minus_STL_FULL,M00,S3_PARENT,neg_log10_mol_kg,MTL_FULL_minus_STL_FULL,MTL_FULL,STL_FULL,NOEC_Biochemical,FORMAL_HOLM_SIGNIFICANT,-0.0668900899585222,117,36,-0.08087856786959581,-0.1633281714365331,-0.024213613845727726,0.009859802803943921,MONTE_CARLO_CLUSTER_SIGN_FLIP_50000,ADEQUATE,0.054361979166666664,1.0,FAVORS_MTL,True,False,False,False
M00/S3_PARENT/MTL_FULL_minus_STL_FULL/NOEC_Growth,M00/S3_PARENT/MTL_FULL_minus_STL_FULL,M00,S3_PARENT,neg_log10_mol_kg,MTL_FULL_minus_STL_FULL,MTL_FULL,STL_FULL,NOEC_Growth,FORMAL_HOLM_SIGNIFICANT,-0.0668900899585222,313,70,-0.05408270907725645,-0.14235581009695183,0.05765413642829988,0.5866682666346673,MONTE_CARLO_CLUSTER_SIGN_FLIP_50000,HIGH,0.7822243555128897,1.0,FAVORS_MTL,False,False,False,False
M00/S3_PARENT/MTL_FULL_minus_STL_FULL/NOEC_Mortality,M00/S3_PARENT/MTL_FULL_minus_STL_FULL,M00,S3_PARENT,neg_log10_mol_kg,MTL_FULL_minus_STL_FULL,MTL_FULL,STL_FULL,NOEC_Mortality,FORMAL_HOLM_SIGNIFICANT,-0.0668900899585222,75,16,0.01138926369929982,-0.10027398119786722,0.08870949590214829,0.80682373046875,EXACT_CLUSTER_SIGN_FLIP,LIMITED,0.8606119791666667,1.0,FAVORS_STL,False,False,False,False
M00/S3_PARENT/MTL_FULL_minus_STL_FULL/NOEC_Physiology,M00/S3_PARENT/MTL_FULL_minus_STL_FULL,M00,S3_PARENT,neg_log10_mol_kg,MTL_FULL_minus_STL_FULL,MTL_FULL,STL_FULL,NOEC_Physiology,FORMAL_HOLM_SIGNIFICANT,-0.0668900899585222,40,19,-0.187343297102113,-0.4652159042510988,0.04285193645191182,0.1620367592648147,MONTE_CARLO_CLUSTER_SIGN_FLIP_50000,LIMITED,0.3398012039759205,1.0,FAVORS_MTL,False,False,False,False
M00/S3_PARENT/MTL_FULL_minus_STL_FULL/NOEC_Population,M00/S3_PARENT/MTL_FULL_minus_STL_FULL,M00,S3_PARENT,neg_log10_mol_kg,MTL_FULL_minus_STL_FULL,MTL_FULL,STL_FULL,NOEC_Population,FORMAL_HOLM_SIGNIFICANT,-0.0668900899585222,111,29,-0.05474800522245683,-0.13859361584254243,0.006173381635720723,0.13033739325213495,MONTE_CARLO_CLUSTER_SIGN_FLIP_50000,ADEQUATE,0.3398012039759205,1.0,FAVORS_MTL,False,False,False,False
M00/S3_PARENT/MTL_FULL_minus_STL_FULL/NOEC_Reproduction,M00/S3_PARENT/MTL_FULL_minus_STL_FULL,M00,S3_PARENT,neg_log10_mol_kg,MTL_FULL_minus_STL_FULL,MTL_FULL,STL_FULL,NOEC_Reproduction,FORMAL_HOLM_SIGNIFICANT,-0.0668900899585222,150,45,-0.0807100396139173,-0.1495230149529677,-0.015319338803779612,0.020939581208375833,MONTE_CARLO_CLUSTER_SIGN_FLIP_50000,ADEQUATE,0.08375832483350333,1.0,FAVORS_MTL,True,False,False,False
W00/S1_CONDITION/MTL_FULL_minus_STL_FULL/ACx_Development,W00/S1_CONDITION/MTL_FULL_minus_STL_FULL,W00,S1_CONDITION,neg_log10_mol_l,MTL_FULL_minus_STL_FULL,MTL_FULL,STL_FULL,ACx_Development,FORMAL_MACRO_NA,-0.1371793875670287,60,29,-0.07083786966336479,-0.3747396439323842,0.2179419645088621,0.6744665106697866,MONTE_CARLO_CLUSTER_SIGN_FLIP_50000,ADEQUATE,0.756718524166102,1.0,FAVORS_MTL,False,False,False,False
W00/S1_CONDITION/MTL_FULL_minus_STL_FULL/ACx_Growth,W00/S1_CONDITION/MTL_FULL_minus_STL_FULL,W00,S1_CONDITION,neg_log10_mol_l,MTL_FULL_minus_STL_FULL,MTL_FULL,STL_FULL,ACx_Growth,FORMAL_MACRO_NA,-0.1371793875670287,1,1,-0.03993018883890098,,,,NOT_ESTIMABLE_LT2_PARENTS,LOW,,,FAVORS_MTL,False,False,False,False
W00/S1_CONDITION/MTL_FULL_minus_STL_FULL/ACx_Immobilization,W00/S1_CONDITION/MTL_FULL_minus_STL_FULL,W00,S1_CONDITION,neg_log10_mol_l,MTL_FULL_minus_STL_FULL,MTL_FULL,STL_FULL,ACx_Immobilization,FORMAL_MACRO_NA,-0.1371793875670287,32,24,-0.17115177769654571,-0.6159093366367122,0.26799006460689445,0.4477510449791004,MONTE_CARLO_CLUSTER_SIGN_FLIP_50000,ADEQUATE,0.6148223304190632,1.0,FAVORS_MTL,False,False,False,False
W00/S1_CONDITION/MTL_FULL_minus_STL_FULL/ACx_Injury,W00/S1_CONDITION/MTL_FULL_minus_STL_FULL,W00,S1_CONDITION,neg_log10_mol_l,MTL_FULL_minus_STL_FULL,MTL_FULL,STL_FULL,ACx_Injury,FORMAL_MACRO_NA,-0.1371793875670287,72,42,-0.07200980238602787,-0.16398228693209085,0.021176074775482535,0.1515769684606308,MONTE_CARLO_CLUSTER_SIGN_FLIP_50000,ADEQUATE,0.2535469290614188,1.0,FAVORS_MTL,False,False,False,False
W00/S1_CONDITION/MTL_FULL_minus_STL_FULL/ACx_Molting,W00/S1_CONDITION/MTL_FULL_minus_STL_FULL,W00,S1_CONDITION,neg_log10_mol_l,MTL_FULL_minus_STL_FULL,MTL_FULL,STL_FULL,ACx_Molting,FORMAL_MACRO_NA,-0.1371793875670287,104,39,-0.03366769979092629,-0.08914308548516439,0.019435675266319202,0.2385952280954381,MONTE_CARLO_CLUSTER_SIGN_FLIP_50000,ADEQUATE,0.3658460164130051,1.0,FAVORS_MTL,False,False,False,False
W00/S1_CONDITION/MTL_FULL_minus_STL_FULL/ACx_Mortality,W00/S1_CONDITION/MTL_FULL_minus_STL_FULL,W00,S1_CONDITION,neg_log10_mol_l,MTL_FULL_minus_STL_FULL,MTL_FULL,STL_FULL,ACx_Mortality,FORMAL_MACRO_NA,-0.1371793875670287,59,38,-0.10096328221245496,-0.1703393484794878,-0.04223120180185343,0.0026199476010479793,MONTE_CARLO_CLUSTER_SIGN_FLIP_50000,ADEQUATE,0.006180389212728567,0.5737685246295074,FAVORS_MTL,True,True,False,False
W00/S1_CONDITION/MTL_FULL_minus_STL_FULL/ACx_Physiology,W00/S1_CONDITION/MTL_FULL_minus_STL_FULL,W00,S1_CONDITION,neg_log10_mol_l,MTL_FULL_minus_STL_FULL,MTL_FULL,STL_FULL,ACx_Physiology,FORMAL_MACRO_NA,-0.1371793875670287,73,43,-0.013182139957461106,-0.0629433309322722,0.030964862183361985,0.5868282634347313,MONTE_CARLO_CLUSTER_SIGN_FLIP_50000,ADEQUATE,0.6833949396961427,1.0,FAVORS_MTL,False,False,False,False
W00/S1_CONDITION/MTL_FULL_minus_STL_FULL/BMCx_Behavior,W00/S1_CONDITION/MTL_FULL_minus_STL_FULL,W00,S1_CONDITION,neg_log10_mol_l,MTL_FULL_minus_STL_FULL,MTL_FULL,STL_FULL,BMCx_Behavior,FORMAL_MACRO_NA,-0.1371793875670287,1,1,0.20538231161011922,,,,NOT_ESTIMABLE_LT2_PARENTS,LOW,,,FAVORS_STL,False,False,False,False
W00/S1_CONDITION/MTL_FULL_minus_STL_FULL/BMCx_Biochemical,W00/S1_CONDITION/MTL_FULL_minus_STL_FULL,W00,S1_CONDITION,neg_log10_mol_l,MTL_FULL_minus_STL_FULL,MTL_FULL,STL_FULL,BMCx_Biochemical,FORMAL_MACRO_NA,-0.1371793875670287,2,1,0.17110834590866375,,,,NOT_ESTIMABLE_LT2_PARENTS,LOW,,,FAVORS_STL,False,False,False,False
W00/S1_CONDITION/MTL_FULL_minus_STL_FULL/BMCx_Development,W00/S1_CONDITION/MTL_FULL_minus_STL_FULL,W00,S1_CONDITION,neg_log10_mol_l,MTL_FULL_minus_STL_FULL,MTL_FULL,STL_FULL,BMCx_Development,FORMAL_MACRO_NA,-0.1371793875670287,8,5,-0.322556933249214,-0.7863015965184846,0.0008910073748076286,0.25,EXACT_CLUSTER_SIGN_FLIP,LOW,0.3770491803278688,1.0,FAVORS_MTL,False,False,False,False
W00/S1_CONDITION/MTL_FULL_minus_STL_FULL/BMCx_Immobilization,W00/S1_CONDITION/MTL_FULL_minus_STL_FULL,W00,S1_CONDITION,neg_log10_mol_l,MTL_FULL_minus_STL_FULL,MTL_FULL,STL_FULL,BMCx_Immobilization,FORMAL_MACRO_NA,-0.1371793875670287,3,3,-0.033310245081358346,-0.09070326180058608,0.0711861827258149,0.5,EXACT_CLUSTER_SIGN_FLIP,LOW,0.6216216216216216,1.0,FAVORS_MTL,False,False,False,False
W00/S1_CONDITION/MTL_FULL_minus_STL_FULL/BMCx_Injury,W00/S1_CONDITION/MTL_FULL_minus_STL_FULL,W00,S1_CONDITION,neg_log10_mol_l,MTL_FULL_minus_STL_FULL,MTL_FULL,STL_FULL,BMCx_Injury,FORMAL_MACRO_NA,-0.1371793875670287,10,8,-0.07126665993649617,-0.2491478691978375,0.0639083293943323,0.3828125,EXACT_CLUSTER_SIGN_FLIP,LOW,0.55029296875,1.0,FAVORS_MTL,False,False,False,False
W00/S1_CONDITION/MTL_FULL_minus_STL_FULL/BMCx_Molting,W00/S1_CONDITION/MTL_FULL_minus_STL_FULL,W00,S1_CONDITION,neg_log10_mol_l,MTL_FULL_minus_STL_FULL,MTL_FULL,STL_FULL,BMCx_Molting,FORMAL_MACRO_NA,-0.1371793875670287,19,10,-0.05415366962471658,-0.16352058345850012,0.08376568656797852,0.4375,EXACT_CLUSTER_SIGN_FLIP,LIMITED,0.6098484848484849,1.0,FAVORS_MTL,False,False,False,False
W00/S1_CONDITION/MTL_FULL_minus_STL_FULL/BMCx_Mortality,W00/S1_CONDITION/MTL_FULL_minus_STL_FULL,W00,S1_CONDITION,neg_log10_mol_l,MTL_FULL_minus_STL_FULL,MTL_FULL,STL_FULL,BMCx_Mortality,FORMAL_MACRO_NA,-0.1371793875670287,8,7,0.018089413953123912,-0.05818799102807137,0.07433929303134394,0.640625,EXACT_CLUSTER_SIGN_FLIP,LOW,0.73671875,1.0,FAVORS_STL,False,False,False,False
W00/S1_CONDITION/MTL_FULL_minus_STL_FULL/BMCx_Physiology,W00/S1_CONDITION/MTL_FULL_minus_STL_FULL,W00,S1_CONDITION,neg_log10_mol_l,MTL_FULL_minus_STL_FULL,MTL_FULL,STL_FULL,BMCx_Physiology,FORMAL_MACRO_NA,-0.1371793875670287,7,7,-0.10478580268772474,-0.19003568286528413,-0.007842811397730845,0.125,EXACT_CLUSTER_SIGN_FLIP,LOW,0.2169811320754717,1.0,FAVORS_MTL,True,False,False,False
W00/S1_CONDITION/MTL_FULL_minus_STL_FULL/BMDx_Behavior,W00/S1_CONDITION/MTL_FULL_minus_STL_FULL,W00,S1_CONDITION,neg_log10_mol_l,MTL_FULL_minus_STL_FULL,MTL_FULL,STL_FULL,BMDx_Behavior,FORMAL_MACRO_NA,-0.1371793875670287,34,13,-0.05411465087133741,-0.1270817799910283,0.006639743217263161,0.13037109375,EXACT_CLUSTER_SIGN_FLIP,LIMITED,0.2221137152777778,1.0,FAVORS_MTL,False,False,False,False
W00/S1_CONDITION/MTL_FULL_minus_STL_FULL/BMDx_Development,W00/S1_CONDITION/MTL_FULL_minus_STL_FULL,W00,S1_CONDITION,neg_log10_mol_l,MTL_FULL_minus_STL_FULL,MTL_FULL,STL_FULL,BMDx_Development,FORMAL_MACRO_NA,-0.1371793875670287,48,7,0.031021127169613666,-0.20844717281759595,0.1804867590723463,0.875,EXACT_CLUSTER_SIGN_FLIP,LOW,0.936046511627907,1.0,FAVORS_STL,False,False,False,False
W00/S1_CONDITION/MTL_FULL_minus_STL_FULL/BMDx_Immobilization,W00/S1_CONDITION/MTL_FULL_minus_STL_FULL,W00,S1_CONDITION,neg_log10_mol_l,MTL_FULL_minus_STL_FULL,MTL_FULL,STL_FULL,BMDx_Immobilization,FORMAL_MACRO_NA,-0.1371793875670287,8,8,0.009778002286477544,-0.027038766100637684,0.04663343623698542,0.671875,EXACT_CLUSTER_SIGN_FLIP,LOW,0.756718524166102,1.0,FAVORS_STL,False,False,False,False
W00/S1_CONDITION/MTL_FULL_minus_STL_FULL/BMDx_Injury,W00/S1_CONDITION/MTL_FULL_minus_STL_FULL,W00,S1_CONDITION,neg_log10_mol_l,MTL_FULL_minus_STL_FULL,MTL_FULL,STL_FULL,BMDx_Injury,FORMAL_MACRO_NA,-0.1371793875670287,13,7,-0.022844265009789002,-0.27042629348232927,0.21622954456792443,0.9375,EXACT_CLUSTER_SIGN_FLIP,LOW,0.9801136363636364,1.0,FAVORS_MTL,False,False,False,False
W00/S1_CONDITION/MTL_FULL_minus_STL_FULL/BMDx_Molting,W00/S1_CONDITION/MTL_FULL_minus_STL_FULL,W00,S1_CONDITION,neg_log10_mol_l,MTL_FULL_minus_STL_FULL,MTL_FULL,STL_FULL,BMDx_Molting,FORMAL_MACRO_NA,-0.1371793875670287,3,1,-0.25688332771734235,,,,NOT_ESTIMABLE_LT2_PARENTS,LOW,,,FAVORS_MTL,False,False,False,False
W00/S1_CONDITION/MTL_FULL_minus_STL_FULL/BMDx_Morphology,W00/S1_CONDITION/MTL_FULL_minus_STL_FULL,W00,S1_CONDITION,neg_log10_mol_l,MTL_FULL_minus_STL_FULL,MTL_FULL,STL_FULL,BMDx_Morphology,FORMAL_MACRO_NA,-0.1371793875670287,6,6,0.008061762865096522,-0.11293237075895594,0.12440402890685236,0.90625,EXACT_CLUSTER_SIGN_FLIP,LOW,0.9583333333333334,1.0,FAVORS_STL,False,False,False,False
W00/S1_CONDITION/MTL_FULL_minus_STL_FULL/BMDx_Mortality,W00/S1_CONDITION/MTL_FULL_minus_STL_FULL,W00,S1_CONDITION,neg_log10_mol_l,MTL_FULL_minus_STL_FULL,MTL_FULL,STL_FULL,BMDx_Mortality,FORMAL_MACRO_NA,-0.1371793875670287,17,7,0.20227419610720332,-0.04300538344911734,0.5968259783205749,0.5,EXACT_CLUSTER_SIGN_FLIP,LOW,0.6216216216216216,1.0,FAVORS_STL,False,False,False,False
W00/S1_CONDITION/MTL_FULL_minus_STL_FULL/BMDx_Physiology,W00/S1_CONDITION/MTL_FULL_minus_STL_FULL,W00,S1_CONDITION,neg_log10_mol_l,MTL_FULL_minus_STL_FULL,MTL_FULL,STL_FULL,BMDx_Physiology,FORMAL_MACRO_NA,-0.1371793875670287,10,9,-0.04008106223833776,-0.32444396634009826,0.2537539593908359,0.80078125,EXACT_CLUSTER_SIGN_FLIP,LOW,0.8770461309523809,1.0,FAVORS_MTL,False,False,False,False
W00/S1_CONDITION/MTL_FULL_minus_STL_FULL/ECx_Behavior,W00/S1_CONDITION/MTL_FULL_minus_STL_FULL,W00,S1_CONDITION,neg_log10_mol_l,MTL_FULL_minus_STL_FULL,MTL_FULL,STL_FULL,ECx_Behavior,FORMAL_MACRO_NA,-0.1371793875670287,492,229,-0.07130239915315231,-0.17924642835175783,0.04420300279032833,0.22789544209115817,MONTE_CARLO_CLUSTER_SIGN_FLIP_50000,HIGH,0.3553623842777382,1.0,FAVORS_MTL,False,False,False,False
W00/S1_CONDITION/MTL_FULL_minus_STL_FULL/ECx_Biochemical,W00/S1_CONDITION/MTL_FULL_minus_STL_FULL,W00,S1_CONDITION,neg_log10_mol_l,MTL_FULL_minus_STL_FULL,MTL_FULL,STL_FULL,ECx_Biochemical,FORMAL_MACRO_NA,-0.1371793875670287,240,98,-0.20382997691861088,-0.277320853192287,-0.12491718676256207,1.999960000799984e-05,MONTE_CARLO_CLUSTER_SIGN_FLIP_50000,HIGH,7.076781541292251e-05,0.00635987280254395,FAVORS_MTL,True,True,True,False
W00/S1_CONDITION/MTL_FULL_minus_STL_FULL/ECx_Development,W00/S1_CONDITION/MTL_FULL_minus_STL_FULL,W00,S1_CONDITION,neg_log10_mol_l,MTL_FULL_minus_STL_FULL,MTL_FULL,STL_FULL,ECx_Development,FORMAL_MACRO_NA,-0.1371793875670287,504,184,-0.11519265108905584,-0.18496483916970485,-0.056413928076714956,3.999920001599968e-05,MONTE_CARLO_CLUSTER_SIGN_FLIP_50000,HIGH,0.00013142594290971324,0.010559788804223915,FAVORS_MTL,True,True,True,False
W00/S1_CONDITION/MTL_FULL_minus_STL_FULL/ECx_Feeding,W00/S1_CONDITION/MTL_FULL_minus_STL_FULL,W00,S1_CONDITION,neg_log10_mol_l,MTL_FULL_minus_STL_FULL,MTL_FULL,STL_FULL,ECx_Feeding,FORMAL_MACRO_NA,-0.1371793875670287,40,22,-0.06238896123017388,-0.2688913790257954,0.1393045370136536,0.5776484470310593,MONTE_CARLO_CLUSTER_SIGN_FLIP_50000,ADEQUATE,0.6833949396961427,1.0,FAVORS_MTL,False,False,False,False
W00/S1_CONDITION/MTL_FULL_minus_STL_FULL/ECx_GeneticDamage,W00/S1_CONDITION/MTL_FULL_minus_STL_FULL,W00,S1_CONDITION,neg_log10_mol_l,MTL_FULL_minus_STL_FULL,MTL_FULL,STL_FULL,ECx_GeneticDamage,FORMAL_MACRO_NA,-0.1371793875670287,47,25,-0.33768955327830436,-0.602854728146708,-0.1502013550130231,0.001139977200455991,MONTE_CARLO_CLUSTER_SIGN_FLIP_50000,ADEQUATE,0.003084644189469152,0.2621947561048779,FAVORS_MTL,True,True,False,False
W00/S1_CONDITION/MTL_FULL_minus_STL_FULL/ECx_Growth,W00/S1_CONDITION/MTL_FULL_minus_STL_FULL,W00,S1_CONDITION,neg_log10_mol_l,MTL_FULL_minus_STL_FULL,MTL_FULL,STL_FULL,ECx_Growth,FORMAL_MACRO_NA,-0.1371793875670287,725,243,-0.10793472557804838,-0.16898868901126887,-0.055241666054800034,1.999960000799984e-05,MONTE_CARLO_CLUSTER_SIGN_FLIP_50000,HIGH,7.076781541292251e-05,0.00635987280254395,FAVORS_MTL,True,True,True,False
W00/S1_CONDITION/MTL_FULL_minus_STL_FULL/ECx_Immobilization,W00/S1_CONDITION/MTL_FULL_minus_STL_FULL,W00,S1_CONDITION,neg_log10_mol_l,MTL_FULL_minus_STL_FULL,MTL_FULL,STL_FULL,ECx_Immobilization,FORMAL_MACRO_NA,-0.1371793875670287,1566,527,-0.026572246504555423,-0.06187405801343029,0.007491607241708255,0.123797524049519,MONTE_CARLO_CLUSTER_SIGN_FLIP_50000,HIGH,0.2169811320754717,1.0,FAVORS_MTL,False,False,False,False
W00/S1_CONDITION/MTL_FULL_minus_STL_FULL/ECx_Injury,W00/S1_CONDITION/MTL_FULL_minus_STL_FULL,W00,S1_CONDITION,neg_log10_mol_l,MTL_FULL_minus_STL_FULL,MTL_FULL,STL_FULL,ECx_Injury,FORMAL_MACRO_NA,-0.1371793875670287,65,49,-0.2021872001533015,-0.29645149303924334,-0.10192693788090472,0.0010399792004159916,MONTE_CARLO_CLUSTER_SIGN_FLIP_50000,ADEQUATE,0.002899335952674886,0.24231515369692605,FAVORS_MTL,True,True,False,False
W00/S1_CONDITION/MTL_FULL_minus_STL_FULL/ECx_Molting,W00/S1_CONDITION/MTL_FULL_minus_STL_FULL,W00,S1_CONDITION,neg_log10_mol_l,MTL_FULL_minus_STL_FULL,MTL_FULL,STL_FULL,ECx_Molting,FORMAL_MACRO_NA,-0.1371793875670287,182,110,-0.10750578342684212,-0.18792258833223663,-0.029582556521943446,0.008379832403351934,MONTE_CARLO_CLUSTER_SIGN_FLIP_50000,HIGH,0.017928943746706463,1.0,FAVORS_MTL,True,True,False,False
W00/S1_CONDITION/MTL_FULL_minus_STL_FULL/ECx_Morphology,W00/S1_CONDITION/MTL_FULL_minus_STL_FULL,W00,S1_CONDITION,neg_log10_mol_l,MTL_FULL_minus_STL_FULL,MTL_FULL,STL_FULL,ECx_Morphology,FORMAL_MACRO_NA,-0.1371793875670287,49,22,-0.1447032412139621,-0.31920466849942997,0.011778727349160913,0.12247755044899102,MONTE_CARLO_CLUSTER_SIGN_FLIP_50000,ADEQUATE,0.2169811320754717,1.0,FAVORS_MTL,False,False,False,False
W00/S1_CONDITION/MTL_FULL_minus_STL_FULL/ECx_Mortality,W00/S1_CONDITION/MTL_FULL_minus_STL_FULL,W00,S1_CONDITION,neg_log10_mol_l,MTL_FULL_minus_STL_FULL,MTL_FULL,STL_FULL,ECx_Mortality,FORMAL_MACRO_NA,-0.1371793875670287,14822,1491,0.08911424787849243,0.0700689264852701,0.10905235138876118,1.999960000799984e-05,MONTE_CARLO_CLUSTER_SIGN_FLIP_50000,HIGH,7.076781541292251e-05,0.00635987280254395,FAVORS_STL,True,True,True,False
W00/S1_CONDITION/MTL_FULL_minus_STL_FULL/ECx_Physiology,W00/S1_CONDITION/MTL_FULL_minus_STL_FULL,W00,S1_CONDITION,neg_log10_mol_l,MTL_FULL_minus_STL_FULL,MTL_FULL,STL_FULL,ECx_Physiology,FORMAL_MACRO_NA,-0.1371793875670287,447,178,-0.09391755430473155,-0.1447176526877263,-0.051906025213557395,1.999960000799984e-05,MONTE_CARLO_CLUSTER_SIGN_FLIP_50000,HIGH,7.076781541292251e-05,0.00635987280254395,FAVORS_MTL,True,True,True,False
W00/S1_CONDITION/MTL_FULL_minus_STL_FULL/ECx_Population,W00/S1_CONDITION/MTL_FULL_minus_STL_FULL,W00,S1_CONDITION,neg_log10_mol_l,MTL_FULL_minus_STL_FULL,MTL_FULL,STL_FULL,ECx_Population,FORMAL_MACRO_NA,-0.1371793875670287,2104,668,-0.027044359151236326,-0.058863568591459615,0.005687393401719652,0.11025779484410311,MONTE_CARLO_CLUSTER_SIGN_FLIP_50000,HIGH,0.20701463521749974,1.0,FAVORS_MTL,False,False,False,False
W00/S1_CONDITION/MTL_FULL_minus_STL_FULL/ECx_Reproduction,W00/S1_CONDITION/MTL_FULL_minus_STL_FULL,W00,S1_CONDITION,neg_log10_mol_l,MTL_FULL_minus_STL_FULL,MTL_FULL,STL_FULL,ECx_Reproduction,FORMAL_MACRO_NA,-0.1371793875670287,208,102,-0.17355064360827369,-0.2726394974675832,-0.0957848116960253,1.999960000799984e-05,MONTE_CARLO_CLUSTER_SIGN_FLIP_50000,HIGH,7.076781541292251e-05,0.00635987280254395,FAVORS_MTL,True,True,True,False
W00/S1_CONDITION/MTL_FULL_minus_STL_FULL/EDx_Development,W00/S1_CONDITION/MTL_FULL_minus_STL_FULL,W00,S1_CONDITION,neg_log10_mol_l,MTL_FULL_minus_STL_FULL,MTL_FULL,STL_FULL,EDx_Development,FORMAL_MACRO_NA,-0.1371793875670287,5,5,-0.09819516249322682,-0.4525035042662733,0.1747244679712198,0.8125,EXACT_CLUSTER_SIGN_FLIP,LOW,0.8794117647058823,1.0,FAVORS_MTL,False,False,False,False
W00/S1_CONDITION/MTL_FULL_minus_STL_FULL/EDx_Growth,W00/S1_CONDITION/MTL_FULL_minus_STL_FULL,W00,S1_CONDITION,neg_log10_mol_l,MTL_FULL_minus_STL_FULL,MTL_FULL,STL_FULL,EDx_Growth,FORMAL_MACRO_NA,-0.1371793875670287,2,2,-0.5828771033860174,-0.5891644879898559,-0.5765897187821789,0.5,EXACT_CLUSTER_SIGN_FLIP,LOW,0.6216216216216216,1.0,FAVORS_MTL,True,False,False,False
W00/S1_CONDITION/MTL_FULL_minus_STL_FULL/EDx_Molting,W00/S1_CONDITION/MTL_FULL_minus_STL_FULL,W00,S1_CONDITION,neg_log10_mol_l,MTL_FULL_minus_STL_FULL,MTL_FULL,STL_FULL,EDx_Molting,FORMAL_MACRO_NA,-0.1371793875670287,3,3,0.19653107357506894,-0.2570840051975427,0.7990238972442398,0.75,EXACT_CLUSTER_SIGN_FLIP,LOW,0.8313253012048193,1.0,FAVORS_STL,False,False,False,False
W00/S1_CONDITION/MTL_FULL_minus_STL_FULL/EDx_Physiology,W00/S1_CONDITION/MTL_FULL_minus_STL_FULL,W00,S1_CONDITION,neg_log10_mol_l,MTL_FULL_minus_STL_FULL,MTL_FULL,STL_FULL,EDx_Physiology,FORMAL_MACRO_NA,-0.1371793875670287,2,2,0.02005170064292061,-0.10173022171649171,0.14183362300233293,1.0,EXACT_CLUSTER_SIGN_FLIP,LOW,1.0,1.0,FAVORS_STL,False,False,False,False
W00/S1_CONDITION/MTL_FULL_minus_STL_FULL/EDx_Population,W00/S1_CONDITION/MTL_FULL_minus_STL_FULL,W00,S1_CONDITION,neg_log10_mol_l,MTL_FULL_minus_STL_FULL,MTL_FULL,STL_FULL,EDx_Population,FORMAL_MACRO_NA,-0.1371793875670287,2,1,0.1193508049568015,,,,NOT_ESTIMABLE_LT2_PARENTS,LOW,,,FAVORS_STL,False,False,False,False
W00/S1_CONDITION/MTL_FULL_minus_STL_FULL/EDx_Reproduction,W00/S1_CONDITION/MTL_FULL_minus_STL_FULL,W00,S1_CONDITION,neg_log10_mol_l,MTL_FULL_minus_STL_FULL,MTL_FULL,STL_FULL,EDx_Reproduction,FORMAL_MACRO_NA,-0.1371793875670287,1,1,0.2454747831201889,,,,NOT_ESTIMABLE_LT2_PARENTS,LOW,,,FAVORS_STL,False,False,False,False
W00/S1_CONDITION/MTL_FULL_minus_STL_FULL/ICx_Behavior,W00/S1_CONDITION/MTL_FULL_minus_STL_FULL,W00,S1_CONDITION,neg_log10_mol_l,MTL_FULL_minus_STL_FULL,MTL_FULL,STL_FULL,ICx_Behavior,FORMAL_MACRO_NA,-0.1371793875670287,3,3,0.25529944183058334,-0.07347296770979383,0.47463999237634535,0.5,EXACT_CLUSTER_SIGN_FLIP,LOW,0.6216216216216216,1.0,FAVORS_STL,False,False,False,False
W00/S1_CONDITION/MTL_FULL_minus_STL_FULL/ICx_Biochemical,W00/S1_CONDITION/MTL_FULL_minus_STL_FULL,W00,S1_CONDITION,neg_log10_mol_l,MTL_FULL_minus_STL_FULL,MTL_FULL,STL_FULL,ICx_Biochemical,FORMAL_MACRO_NA,-0.1371793875670287,171,76,-0.074306563429827,-0.17840192690231185,0.04446715313459151,0.22199556008879823,MONTE_CARLO_CLUSTER_SIGN_FLIP_50000,HIGH,0.3521308884167144,1.0,FAVORS_MTL,False,False,False,False
W00/S1_CONDITION/MTL_FULL_minus_STL_FULL/ICx_Development,W00/S1_CONDITION/MTL_FULL_minus_STL_FULL,W00,S1_CONDITION,neg_log10_mol_l,MTL_FULL_minus_STL_FULL,MTL_FULL,STL_FULL,ICx_Development,FORMAL_MACRO_NA,-0.1371793875670287,29,13,0.04076986175050785,-0.061612275102592665,0.18143714720933685,0.510498046875,EXACT_CLUSTER_SIGN_FLIP,LIMITED,0.6262109375,1.0,FAVORS_STL,False,False,False,False
W00/S1_CONDITION/MTL_FULL_minus_STL_FULL/ICx_Feeding,W00/S1_CONDITION/MTL_FULL_minus_STL_FULL,W00,S1_CONDITION,neg_log10_mol_l,MTL_FULL_minus_STL_FULL,MTL_FULL,STL_FULL,ICx_Feeding,FORMAL_MACRO_NA,-0.1371793875670287,3,2,0.03409859500770818,-0.1070811142946484,0.10468844965888646,1.0,EXACT_CLUSTER_SIGN_FLIP,LOW,1.0,1.0,FAVORS_STL,False,False,False,False
W00/S1_CONDITION/MTL_FULL_minus_STL_FULL/ICx_GeneticDamage,W00/S1_CONDITION/MTL_FULL_minus_STL_FULL,W00,S1_CONDITION,neg_log10_mol_l,MTL_FULL_minus_STL_FULL,MTL_FULL,STL_FULL,ICx_GeneticDamage,FORMAL_MACRO_NA,-0.1371793875670287,5,4,-0.22630399721404587,-0.46817660183004417,0.16625380409628043,0.375,EXACT_CLUSTER_SIGN_FLIP,LOW,0.5476190476190477,1.0,FAVORS_MTL,False,False,False,False
W00/S1_CONDITION/MTL_FULL_minus_STL_FULL/ICx_Growth,W00/S1_CONDITION/MTL_FULL_minus_STL_FULL,W00,S1_CONDITION,neg_log10_mol_l,MTL_FULL_minus_STL_FULL,MTL_FULL,STL_FULL,ICx_Growth,FORMAL_MACRO_NA,-0.1371793875670287,110,33,-0.11356430921393704,-0.21398659051977198,-0.04417140395897948,0.006079878402431951,MONTE_CARLO_CLUSTER_SIGN_FLIP_50000,ADEQUATE,0.013642653976188768,1.0,FAVORS_MTL,True,True,False,False
W00/S1_CONDITION/MTL_FULL_minus_STL_FULL/ICx_Immobilization,W00/S1_CONDITION/MTL_FULL_minus_STL_FULL,W00,S1_CONDITION,neg_log10_mol_l,MTL_FULL_minus_STL_FULL,MTL_FULL,STL_FULL,ICx_Immobilization,FORMAL_MACRO_NA,-0.1371793875670287,62,7,-0.046462176558669056,-0.7393111984922973,-0.0035894509175896814,0.046875,EXACT_CLUSTER_SIGN_FLIP,LOW,0.09175531914893617,1.0,FAVORS_MTL,True,False,False,False
W00/S1_CONDITION/MTL_FULL_minus_STL_FULL/ICx_Morphology,W00/S1_CONDITION/MTL_FULL_minus_STL_FULL,W00,S1_CONDITION,neg_log10_mol_l,MTL_FULL_minus_STL_FULL,MTL_FULL,STL_FULL,ICx_Morphology,FORMAL_MACRO_NA,-0.1371793875670287,2,2,-0.61318753051895,-0.720690422526574,-0.5056846385113261,0.5,EXACT_CLUSTER_SIGN_FLIP,LOW,0.6216216216216216,1.0,FAVORS_MTL,True,False,False,False
W00/S1_CONDITION/MTL_FULL_minus_STL_FULL/ICx_Mortality,W00/S1_CONDITION/MTL_FULL_minus_STL_FULL,W00,S1_CONDITION,neg_log10_mol_l,MTL_FULL_minus_STL_FULL,MTL_FULL,STL_FULL,ICx_Mortality,FORMAL_MACRO_NA,-0.1371793875670287,23,14,-0.1758438920816006,-0.5018976748473237,0.05196700515993675,0.1778564453125,EXACT_CLUSTER_SIGN_FLIP,LIMITED,0.2870665433114035,1.0,FAVORS_MTL,False,False,False,False
W00/S1_CONDITION/MTL_FULL_minus_STL_FULL/ICx_Physiology,W00/S1_CONDITION/MTL_FULL_minus_STL_FULL,W00,S1_CONDITION,neg_log10_mol_l,MTL_FULL_minus_STL_FULL,MTL_FULL,STL_FULL,ICx_Physiology,FORMAL_MACRO_NA,-0.1371793875670287,164,60,-0.1546469554387358,-0.24843945294999845,-0.05881413262923092,0.005419891602167957,MONTE_CARLO_CLUSTER_SIGN_FLIP_50000,HIGH,0.0124657506849863,1.0,FAVORS_MTL,True,True,False,False
W00/S1_CONDITION/MTL_FULL_minus_STL_FULL/ICx_Population,W00/S1_CONDITION/MTL_FULL_minus_STL_FULL,W00,S1_CONDITION,neg_log10_mol_l,MTL_FULL_minus_STL_FULL,MTL_FULL,STL_FULL,ICx_Population,FORMAL_MACRO_NA,-0.1371793875670287,289,155,-0.10613045614909827,-0.1725657528927072,-0.044807062123424175,0.0011999760004799903,MONTE_CARLO_CLUSTER_SIGN_FLIP_50000,HIGH,0.0031542226298331174,0.2747945041099178,FAVORS_MTL,True,True,False,False
W00/S1_CONDITION/MTL_FULL_minus_STL_FULL/ICx_Reproduction,W00/S1_CONDITION/MTL_FULL_minus_STL_FULL,W00,S1_CONDITION,neg_log10_mol_l,MTL_FULL_minus_STL_FULL,MTL_FULL,STL_FULL,ICx_Reproduction,FORMAL_MACRO_NA,-0.1371793875670287,66,32,-0.32642433204454324,-0.5746413909162508,-0.07871869721471689,0.008179836403271934,MONTE_CARLO_CLUSTER_SIGN_FLIP_50000,ADEQUATE,0.01791773688335757,1.0,FAVORS_MTL,True,True,False,False
W00/S1_CONDITION/MTL_FULL_minus_STL_FULL/LDx_Injury,W00/S1_CONDITION/MTL_FULL_minus_STL_FULL,W00,S1_CONDITION,neg_log10_mol_l,MTL_FULL_minus_STL_FULL,MTL_FULL,STL_FULL,LDx_Injury,FORMAL_MACRO_NA,-0.1371793875670287,5,5,0.17166371233329514,0.0479468337312519,0.2958724413811309,0.0625,EXACT_CLUSTER_SIGN_FLIP,LOW,0.11979166666666667,1.0,FAVORS_STL,True,False,False,False
W00/S1_CONDITION/MTL_FULL_minus_STL_FULL/LDx_Mortality,W00/S1_CONDITION/MTL_FULL_minus_STL_FULL,W00,S1_CONDITION,neg_log10_mol_l,MTL_FULL_minus_STL_FULL,MTL_FULL,STL_FULL,LDx_Mortality,FORMAL_MACRO_NA,-0.1371793875670287,239,96,-0.026021658023273275,-0.08570789654795685,0.03559012922622325,0.40837183256334875,MONTE_CARLO_CLUSTER_SIGN_FLIP_50000,HIGH,0.5780032091665859,1.0,FAVORS_MTL,False,False,False,False
W00/S1_CONDITION/MTL_FULL_minus_STL_FULL/LDx_Physiology,W00/S1_CONDITION/MTL_FULL_minus_STL_FULL,W00,S1_CONDITION,neg_log10_mol_l,MTL_FULL_minus_STL_FULL,MTL_FULL,STL_FULL,LDx_Physiology,FORMAL_MACRO_NA,-0.1371793875670287,8,6,-0.07231798102467679,-0.3326271199875713,0.1259847860681408,0.5625,EXACT_CLUSTER_SIGN_FLIP,LOW,0.680921052631579,1.0,FAVORS_MTL,False,False,False,False
W00/S1_CONDITION/MTL_FULL_minus_STL_FULL/LDx_Reproduction,W00/S1_CONDITION/MTL_FULL_minus_STL_FULL,W00,S1_CONDITION,neg_log10_mol_l,MTL_FULL_minus_STL_FULL,MTL_FULL,STL_FULL,LDx_Reproduction,FORMAL_MACRO_NA,-0.1371793875670287,1,1,-0.06646858301615843,,,,NOT_ESTIMABLE_LT2_PARENTS,LOW,,,FAVORS_MTL,False,False,False,False
W00/S1_CONDITION/MTL_FULL_minus_STL_FULL/LOEC_Accumulation,W00/S1_CONDITION/MTL_FULL_minus_STL_FULL,W00,S1_CONDITION,neg_log10_mol_l,MTL_FULL_minus_STL_FULL,MTL_FULL,STL_FULL,LOEC_Accumulation,FORMAL_MACRO_NA,-0.1371793875670287,45,27,-0.5194210672134959,-0.733231504696712,-0.3480200957546792,9.99980000399992e-05,MONTE_CARLO_CLUSTER_SIGN_FLIP_50000,ADEQUATE,0.00029676825818322343,0.025399492010159796,FAVORS_MTL,True,True,True,False
W00/S1_CONDITION/MTL_FULL_minus_STL_FULL/LOEC_Behavior,W00/S1_CONDITION/MTL_FULL_minus_STL_FULL,W00,S1_CONDITION,neg_log10_mol_l,MTL_FULL_minus_STL_FULL,MTL_FULL,STL_FULL,LOEC_Behavior,FORMAL_MACRO_NA,-0.1371793875670287,332,148,-0.26578048048714337,-0.3589901896943914,-0.1831520859417625,1.999960000799984e-05,MONTE_CARLO_CLUSTER_SIGN_FLIP_50000,HIGH,7.076781541292251e-05,0.00635987280254395,FAVORS_MTL,True,True,True,False
W00/S1_CONDITION/MTL_FULL_minus_STL_FULL/LOEC_Biochemical,W00/S1_CONDITION/MTL_FULL_minus_STL_FULL,W00,S1_CONDITION,neg_log10_mol_l,MTL_FULL_minus_STL_FULL,MTL_FULL,STL_FULL,LOEC_Biochemical,FORMAL_MACRO_NA,-0.1371793875670287,1314,309,-0.26282604698240436,-0.31298704237770153,-0.2149046195330844,1.999960000799984e-05,MONTE_CARLO_CLUSTER_SIGN_FLIP_50000,HIGH,7.076781541292251e-05,0.00635987280254395,FAVORS_MTL,True,True,True,False
W00/S1_CONDITION/MTL_FULL_minus_STL_FULL/LOEC_Development,W00/S1_CONDITION/MTL_FULL_minus_STL_FULL,W00,S1_CONDITION,neg_log10_mol_l,MTL_FULL_minus_STL_FULL,MTL_FULL,STL_FULL,LOEC_Development,FORMAL_MACRO_NA,-0.1371793875670287,422,186,-0.3738857044981145,-0.45884118670725205,-0.29769272237602373,1.999960000799984e-05,MONTE_CARLO_CLUSTER_SIGN_FLIP_50000,HIGH,7.076781541292251e-05,0.00635987280254395,FAVORS_MTL,True,True,True,False
W00/S1_CONDITION/MTL_FULL_minus_STL_FULL/LOEC_Feeding,W00/S1_CONDITION/MTL_FULL_minus_STL_FULL,W00,S1_CONDITION,neg_log10_mol_l,MTL_FULL_minus_STL_FULL,MTL_FULL,STL_FULL,LOEC_Feeding,FORMAL_MACRO_NA,-0.1371793875670287,30,21,-0.04165316864788918,-0.13781452692967808,0.04660604833984635,0.372912541749165,MONTE_CARLO_CLUSTER_SIGN_FLIP_50000,ADEQUATE,0.5476190476190477,1.0,FAVORS_MTL,False,False,False,False
W00/S1_CONDITION/MTL_FULL_minus_STL_FULL/LOEC_GeneticDamage,W00/S1_CONDITION/MTL_FULL_minus_STL_FULL,W00,S1_CONDITION,neg_log10_mol_l,MTL_FULL_minus_STL_FULL,MTL_FULL,STL_FULL,LOEC_GeneticDamage,FORMAL_MACRO_NA,-0.1371793875670287,857,234,-0.21887320138655916,-0.2815629013172655,-0.1635651907313427,1.999960000799984e-05,MONTE_CARLO_CLUSTER_SIGN_FLIP_50000,HIGH,7.076781541292251e-05,0.00635987280254395,FAVORS_MTL,True,True,True,False
W00/S1_CONDITION/MTL_FULL_minus_STL_FULL/LOEC_Growth,W00/S1_CONDITION/MTL_FULL_minus_STL_FULL,W00,S1_CONDITION,neg_log10_mol_l,MTL_FULL_minus_STL_FULL,MTL_FULL,STL_FULL,LOEC_Growth,FORMAL_MACRO_NA,-0.1371793875670287,853,316,-0.30183494096286195,-0.35684310162137983,-0.2505137509704346,1.999960000799984e-05,MONTE_CARLO_CLUSTER_SIGN_FLIP_50000,HIGH,7.076781541292251e-05,0.00635987280254395,FAVORS_MTL,True,True,True,False
W00/S1_CONDITION/MTL_FULL_minus_STL_FULL/LOEC_Immobilization,W00/S1_CONDITION/MTL_FULL_minus_STL_FULL,W00,S1_CONDITION,neg_log10_mol_l,MTL_FULL_minus_STL_FULL,MTL_FULL,STL_FULL,LOEC_Immobilization,FORMAL_MACRO_NA,-0.1371793875670287,61,32,-0.16345843498681445,-0.2971617915018873,-0.020310023889580104,0.04501909961800764,MONTE_CARLO_CLUSTER_SIGN_FLIP_50000,ADEQUATE,0.09003819923601528,1.0,FAVORS_MTL,True,False,False,False
W00/S1_CONDITION/MTL_FULL_minus_STL_FULL/LOEC_Injury,W00/S1_CONDITION/MTL_FULL_minus_STL_FULL,W00,S1_CONDITION,neg_log10_mol_l,MTL_FULL_minus_STL_FULL,MTL_FULL,STL_FULL,LOEC_Injury,FORMAL_MACRO_NA,-0.1371793875670287,113,65,-0.27050312345201594,-0.4001398904394562,-0.14324553348580815,0.0001399972000559989,MONTE_CARLO_CLUSTER_SIGN_FLIP_50000,HIGH,0.0004024919501609968,0.03499930001399972,FAVORS_MTL,True,True,True,False
W00/S1_CONDITION/MTL_FULL_minus_STL_FULL/LOEC_Molting,W00/S1_CONDITION/MTL_FULL_minus_STL_FULL,W00,S1_CONDITION,neg_log10_mol_l,MTL_FULL_minus_STL_FULL,MTL_FULL,STL_FULL,LOEC_Molting,FORMAL_MACRO_NA,-0.1371793875670287,24,20,-0.3760939286280225,-0.6132526949569026,-0.17069504308105576,0.001619967600647987,MONTE_CARLO_CLUSTER_SIGN_FLIP_50000,ADEQUATE,0.004139917201655966,0.3644927101457971,FAVORS_MTL,True,True,False,False
W00/S1_CONDITION/MTL_FULL_minus_STL_FULL/LOEC_Morphology,W00/S1_CONDITION/MTL_FULL_minus_STL_FULL,W00,S1_CONDITION,neg_log10_mol_l,MTL_FULL_minus_STL_FULL,MTL_FULL,STL_FULL,LOEC_Morphology,FORMAL_MACRO_NA,-0.1371793875670287,168,78,-0.32789941462263755,-0.4832224199424868,-0.21338098972947925,1.999960000799984e-05,MONTE_CARLO_CLUSTER_SIGN_FLIP_50000,HIGH,7.076781541292251e-05,0.00635987280254395,FAVORS_MTL,True,True,True,False
W00/S1_CONDITION/MTL_FULL_minus_STL_FULL/LOEC_Mortality,W00/S1_CONDITION/MTL_FULL_minus_STL_FULL,W00,S1_CONDITION,neg_log10_mol_l,MTL_FULL_minus_STL_FULL,MTL_FULL,STL_FULL,LOEC_Mortality,FORMAL_MACRO_NA,-0.1371793875670287,831,335,-0.2473227929199099,-0.3011328889754379,-0.1924301388114604,1.999960000799984e-05,MONTE_CARLO_CLUSTER_SIGN_FLIP_50000,HIGH,7.076781541292251e-05,0.00635987280254395,FAVORS_MTL,True,True,True,False
W00/S1_CONDITION/MTL_FULL_minus_STL_FULL/LOEC_Physiology,W00/S1_CONDITION/MTL_FULL_minus_STL_FULL,W00,S1_CONDITION,neg_log10_mol_l,MTL_FULL_minus_STL_FULL,MTL_FULL,STL_FULL,LOEC_Physiology,FORMAL_MACRO_NA,-0.1371793875670287,721,270,-0.2867498679432113,-0.35270283908684213,-0.22472095259666813,1.999960000799984e-05,MONTE_CARLO_CLUSTER_SIGN_FLIP_50000,HIGH,7.076781541292251e-05,0.00635987280254395,FAVORS_MTL,True,True,True,False
W00/S1_CONDITION/MTL_FULL_minus_STL_FULL/LOEC_Population,W00/S1_CONDITION/MTL_FULL_minus_STL_FULL,W00,S1_CONDITION,neg_log10_mol_l,MTL_FULL_minus_STL_FULL,MTL_FULL,STL_FULL,LOEC_Population,FORMAL_MACRO_NA,-0.1371793875670287,936,293,-0.18124121696257942,-0.22624690021242325,-0.14006058950325753,1.999960000799984e-05,MONTE_CARLO_CLUSTER_SIGN_FLIP_50000,HIGH,7.076781541292251e-05,0.00635987280254395,FAVORS_MTL,True,True,True,False
W00/S1_CONDITION/MTL_FULL_minus_STL_FULL/LOEC_Reproduction,W00/S1_CONDITION/MTL_FULL_minus_STL_FULL,W00,S1_CONDITION,neg_log10_mol_l,MTL_FULL_minus_STL_FULL,MTL_FULL,STL_FULL,LOEC_Reproduction,FORMAL_MACRO_NA,-0.1371793875670287,495,227,-0.33333365493024925,-0.41799730581277333,-0.2615891797734717,1.999960000799984e-05,MONTE_CARLO_CLUSTER_SIGN_FLIP_50000,HIGH,7.076781541292251e-05,0.00635987280254395,FAVORS_MTL,True,True,True,False
W00/S1_CONDITION/MTL_FULL_minus_STL_FULL/MATC_Behavior,W00/S1_CONDITION/MTL_FULL_minus_STL_FULL,W00,S1_CONDITION,neg_log10_mol_l,MTL_FULL_minus_STL_FULL,MTL_FULL,STL_FULL,MATC_Behavior,FORMAL_MACRO_NA,-0.1371793875670287,2,2,0.07970691980412825,-0.204620412936392,0.3640342525446485,1.0,EXACT_CLUSTER_SIGN_FLIP,LOW,1.0,1.0,FAVORS_STL,False,False,False,False
W00/S1_CONDITION/MTL_FULL_minus_STL_FULL/MATC_Biochemical,W00/S1_CONDITION/MTL_FULL_minus_STL_FULL,W00,S1_CONDITION,neg_log10_mol_l,MTL_FULL_minus_STL_FULL,MTL_FULL,STL_FULL,MATC_Biochemical,FORMAL_MACRO_NA,-0.1371793875670287,6,3,-0.327175094721958,-0.5347787025281456,0.6501393976730814,0.5,EXACT_CLUSTER_SIGN_FLIP,LOW,0.6216216216216216,1.0,FAVORS_MTL,False,False,False,False
W00/S1_CONDITION/MTL_FULL_minus_STL_FULL/MATC_Development,W00/S1_CONDITION/MTL_FULL_minus_STL_FULL,W00,S1_CONDITION,neg_log10_mol_l,MTL_FULL_minus_STL_FULL,MTL_FULL,STL_FULL,MATC_Development,FORMAL_MACRO_NA,-0.1371793875670287,17,10,-0.03275809582199711,-0.1860408564561995,0.047318968834105794,0.5859375,EXACT_CLUSTER_SIGN_FLIP,LIMITED,0.6833949396961427,1.0,FAVORS_MTL,False,False,False,False
W00/S1_CONDITION/MTL_FULL_minus_STL_FULL/MATC_Growth,W00/S1_CONDITION/MTL_FULL_minus_STL_FULL,W00,S1_CONDITION,neg_log10_mol_l,MTL_FULL_minus_STL_FULL,MTL_FULL,STL_FULL,MATC_Growth,FORMAL_MACRO_NA,-0.1371793875670287,56,31,-0.6115891678331543,-0.8494408153234506,-0.29739443839230983,1.999960000799984e-05,MONTE_CARLO_CLUSTER_SIGN_FLIP_50000,ADEQUATE,7.076781541292251e-05,0.00635987280254395,FAVORS_MTL,True,True,True,False
W00/S1_CONDITION/MTL_FULL_minus_STL_FULL/MATC_Immobilization,W00/S1_CONDITION/MTL_FULL_minus_STL_FULL,W00,S1_CONDITION,neg_log10_mol_l,MTL_FULL_minus_STL_FULL,MTL_FULL,STL_FULL,MATC_Immobilization,FORMAL_MACRO_NA,-0.1371793875670287,3,2,0.25687125817036266,0.11333377778740295,0.32863999836184254,0.5,EXACT_CLUSTER_SIGN_FLIP,LOW,0.6216216216216216,1.0,FAVORS_STL,True,False,False,False
W00/S1_CONDITION/MTL_FULL_minus_STL_FULL/MATC_Molting,W00/S1_CONDITION/MTL_FULL_minus_STL_FULL,W00,S1_CONDITION,neg_log10_mol_l,MTL_FULL_minus_STL_FULL,MTL_FULL,STL_FULL,MATC_Molting,FORMAL_MACRO_NA,-0.1371793875670287,7,7,-0.2090696575820457,-0.34312826165123667,-0.09925571160860715,0.015625,EXACT_CLUSTER_SIGN_FLIP,LOW,0.032670454545454544,1.0,FAVORS_MTL,True,True,False,False
W00/S1_CONDITION/MTL_FULL_minus_STL_FULL/MATC_Mortality,W00/S1_CONDITION/MTL_FULL_minus_STL_FULL,W00,S1_CONDITION,neg_log10_mol_l,MTL_FULL_minus_STL_FULL,MTL_FULL,STL_FULL,MATC_Mortality,FORMAL_MACRO_NA,-0.1371793875670287,92,51,-0.29956503895102715,-0.4364905134304839,-0.17307648135380782,3.999920001599968e-05,MONTE_CARLO_CLUSTER_SIGN_FLIP_50000,HIGH,0.00013142594290971324,0.010559788804223915,FAVORS_MTL,True,True,True,False
W00/S1_CONDITION/MTL_FULL_minus_STL_FULL/MATC_Physiology,W00/S1_CONDITION/MTL_FULL_minus_STL_FULL,W00,S1_CONDITION,neg_log10_mol_l,MTL_FULL_minus_STL_FULL,MTL_FULL,STL_FULL,MATC_Physiology,FORMAL_MACRO_NA,-0.1371793875670287,3,2,-0.002920385956094821,-0.22789203783213008,0.10956543998192281,1.0,EXACT_CLUSTER_SIGN_FLIP,LOW,1.0,1.0,FAVORS_MTL,False,False,False,False
W00/S1_CONDITION/MTL_FULL_minus_STL_FULL/MATC_Population,W00/S1_CONDITION/MTL_FULL_minus_STL_FULL,W00,S1_CONDITION,neg_log10_mol_l,MTL_FULL_minus_STL_FULL,MTL_FULL,STL_FULL,MATC_Population,FORMAL_MACRO_NA,-0.1371793875670287,22,12,-0.06293373066154616,-0.1399696101779186,0.0024597954072608026,0.11572265625,EXACT_CLUSTER_SIGN_FLIP,LIMITED,0.2129296875,1.0,FAVORS_MTL,False,False,False,False
W00/S1_CONDITION/MTL_FULL_minus_STL_FULL/MATC_Reproduction,W00/S1_CONDITION/MTL_FULL_minus_STL_FULL,W00,S1_CONDITION,neg_log10_mol_l,MTL_FULL_minus_STL_FULL,MTL_FULL,STL_FULL,MATC_Reproduction,FORMAL_MACRO_NA,-0.1371793875670287,37,26,-0.32660423811877326,-0.5203267696488381,-0.14450022015227384,0.002239955200895982,MONTE_CARLO_CLUSTER_SIGN_FLIP_50000,ADEQUATE,0.005423049433748168,0.49503009939801207,FAVORS_MTL,True,True,False,False
W00/S1_CONDITION/MTL_FULL_minus_STL_FULL/NOEC_Accumulation,W00/S1_CONDITION/MTL_FULL_minus_STL_FULL,W00,S1_CONDITION,neg_log10_mol_l,MTL_FULL_minus_STL_FULL,MTL_FULL,STL_FULL,NOEC_Accumulation,FORMAL_MACRO_NA,-0.1371793875670287,30,18,-0.2631564237126873,-0.5260759383812688,0.053166443970394085,0.1563873291015625,EXACT_CLUSTER_SIGN_FLIP,LIMITED,0.2569220406668527,1.0,FAVORS_MTL,False,False,False,False
W00/S1_CONDITION/MTL_FULL_minus_STL_FULL/NOEC_Behavior,W00/S1_CONDITION/MTL_FULL_minus_STL_FULL,W00,S1_CONDITION,neg_log10_mol_l,MTL_FULL_minus_STL_FULL,MTL_FULL,STL_FULL,NOEC_Behavior,FORMAL_MACRO_NA,-0.1371793875670287,434,188,-0.22706464889068242,-0.3021916671612057,-0.1572231253028027,1.999960000799984e-05,MONTE_CARLO_CLUSTER_SIGN_FLIP_50000,HIGH,7.076781541292251e-05,0.00635987280254395,FAVORS_MTL,True,True,True,False
W00/S1_CONDITION/MTL_FULL_minus_STL_FULL/NOEC_Biochemical,W00/S1_CONDITION/MTL_FULL_minus_STL_FULL,W00,S1_CONDITION,neg_log10_mol_l,MTL_FULL_minus_STL_FULL,MTL_FULL,STL_FULL,NOEC_Biochemical,FORMAL_MACRO_NA,-0.1371793875670287,1258,336,-0.32462508578463684,-0.3767972059294262,-0.2742285442935746,1.999960000799984e-05,MONTE_CARLO_CLUSTER_SIGN_FLIP_50000,HIGH,7.076781541292251e-05,0.00635987280254395,FAVORS_MTL,True,True,True,False
W00/S1_CONDITION/MTL_FULL_minus_STL_FULL/NOEC_Development,W00/S1_CONDITION/MTL_FULL_minus_STL_FULL,W00,S1_CONDITION,neg_log10_mol_l,MTL_FULL_minus_STL_FULL,MTL_FULL,STL_FULL,NOEC_Development,FORMAL_MACRO_NA,-0.1371793875670287,593,256,-0.3529587390509831,-0.4345599868331464,-0.28160393444557263,1.999960000799984e-05,MONTE_CARLO_CLUSTER_SIGN_FLIP_50000,HIGH,7.076781541292251e-05,0.00635987280254395,FAVORS_MTL,True,True,True,False
W00/S1_CONDITION/MTL_FULL_minus_STL_FULL/NOEC_Feeding,W00/S1_CONDITION/MTL_FULL_minus_STL_FULL,W00,S1_CONDITION,neg_log10_mol_l,MTL_FULL_minus_STL_FULL,MTL_FULL,STL_FULL,NOEC_Feeding,FORMAL_MACRO_NA,-0.1371793875670287,71,44,-0.15619659821932652,-0.2942232050318751,-0.007204618726045871,0.04371912561748765,MONTE_CARLO_CLUSTER_SIGN_FLIP_50000,ADEQUATE,0.08938132348464141,1.0,FAVORS_MTL,True,False,False,False
W00/S1_CONDITION/MTL_FULL_minus_STL_FULL/NOEC_GeneticDamage,W00/S1_CONDITION/MTL_FULL_minus_STL_FULL,W00,S1_CONDITION,neg_log10_mol_l,MTL_FULL_minus_STL_FULL,MTL_FULL,STL_FULL,NOEC_GeneticDamage,FORMAL_MACRO_NA,-0.1371793875670287,838,240,-0.27371075828069463,-0.3422783317826026,-0.2093193714936086,1.999960000799984e-05,MONTE_CARLO_CLUSTER_SIGN_FLIP_50000,HIGH,7.076781541292251e-05,0.00635987280254395,FAVORS_MTL,True,True,True,False
W00/S1_CONDITION/MTL_FULL_minus_STL_FULL/NOEC_Growth,W00/S1_CONDITION/MTL_FULL_minus_STL_FULL,W00,S1_CONDITION,neg_log10_mol_l,MTL_FULL_minus_STL_FULL,MTL_FULL,STL_FULL,NOEC_Growth,FORMAL_MACRO_NA,-0.1371793875670287,1168,392,-0.31762473276366654,-0.3686903125877639,-0.26873040765807954,1.999960000799984e-05,MONTE_CARLO_CLUSTER_SIGN_FLIP_50000,HIGH,7.076781541292251e-05,0.00635987280254395,FAVORS_MTL,True,True,True,False
W00/S1_CONDITION/MTL_FULL_minus_STL_FULL/NOEC_Immobilization,W00/S1_CONDITION/MTL_FULL_minus_STL_FULL,W00,S1_CONDITION,neg_log10_mol_l,MTL_FULL_minus_STL_FULL,MTL_FULL,STL_FULL,NOEC_Immobilization,FORMAL_MACRO_NA,-0.1371793875670287,275,178,-0.18469418410540145,-0.267469727672433,-0.09915972561339045,5.999880002399952e-05,MONTE_CARLO_CLUSTER_SIGN_FLIP_50000,HIGH,0.0001839963200735985,0.015479690406191876,FAVORS_MTL,True,True,True,False
W00/S1_CONDITION/MTL_FULL_minus_STL_FULL/NOEC_Injury,W00/S1_CONDITION/MTL_FULL_minus_STL_FULL,W00,S1_CONDITION,neg_log10_mol_l,MTL_FULL_minus_STL_FULL,MTL_FULL,STL_FULL,NOEC_Injury,FORMAL_MACRO_NA,-0.1371793875670287,155,97,-0.279205840985215,-0.4134894335912604,-0.15041102038757506,5.999880002399952e-05,MONTE_CARLO_CLUSTER_SIGN_FLIP_50000,HIGH,0.0001839963200735985,0.015479690406191876,FAVORS_MTL,True,True,True,False
W00/S1_CONDITION/MTL_FULL_minus_STL_FULL/NOEC_Molting,W00/S1_CONDITION/MTL_FULL_minus_STL_FULL,W00,S1_CONDITION,neg_log10_mol_l,MTL_FULL_minus_STL_FULL,MTL_FULL,STL_FULL,NOEC_Molting,FORMAL_MACRO_NA,-0.1371793875670287,47,34,-0.2981107752906229,-0.4652561347640414,-0.12302599854609524,0.0017199656006879863,MONTE_CARLO_CLUSTER_SIGN_FLIP_50000,ADEQUATE,0.00427667122333229,0.38355232895342095,FAVORS_MTL,True,True,False,False
W00/S1_CONDITION/MTL_FULL_minus_STL_FULL/NOEC_Morphology,W00/S1_CONDITION/MTL_FULL_minus_STL_FULL,W00,S1_CONDITION,neg_log10_mol_l,MTL_FULL_minus_STL_FULL,MTL_FULL,STL_FULL,NOEC_Morphology,FORMAL_MACRO_NA,-0.1371793875670287,281,116,-0.3016946630739385,-0.37843371048287994,-0.22340843095007548,1.999960000799984e-05,MONTE_CARLO_CLUSTER_SIGN_FLIP_50000,HIGH,7.076781541292251e-05,0.00635987280254395,FAVORS_MTL,True,True,True,False
W00/S1_CONDITION/MTL_FULL_minus_STL_FULL/NOEC_Mortality,W00/S1_CONDITION/MTL_FULL_minus_STL_FULL,W00,S1_CONDITION,neg_log10_mol_l,MTL_FULL_minus_STL_FULL,MTL_FULL,STL_FULL,NOEC_Mortality,FORMAL_MACRO_NA,-0.1371793875670287,1793,625,-0.19218793250481614,-0.2238199410634384,-0.16110458132462815,1.999960000799984e-05,MONTE_CARLO_CLUSTER_SIGN_FLIP_50000,HIGH,7.076781541292251e-05,0.00635987280254395,FAVORS_MTL,True,True,True,False
W00/S1_CONDITION/MTL_FULL_minus_STL_FULL/NOEC_Physiology,W00/S1_CONDITION/MTL_FULL_minus_STL_FULL,W00,S1_CONDITION,neg_log10_mol_l,MTL_FULL_minus_STL_FULL,MTL_FULL,STL_FULL,NOEC_Physiology,FORMAL_MACRO_NA,-0.1371793875670287,798,282,-0.2747034581119833,-0.33789491613987527,-0.22019461215279285,1.999960000799984e-05,MONTE_CARLO_CLUSTER_SIGN_FLIP_50000,HIGH,7.076781541292251e-05,0.00635987280254395,FAVORS_MTL,True,True,True,False
W00/S1_CONDITION/MTL_FULL_minus_STL_FULL/NOEC_Population,W00/S1_CONDITION/MTL_FULL_minus_STL_FULL,W00,S1_CONDITION,neg_log10_mol_l,MTL_FULL_minus_STL_FULL,MTL_FULL,STL_FULL,NOEC_Population,FORMAL_MACRO_NA,-0.1371793875670287,1386,402,-0.11091660436087074,-0.14400838014040632,-0.08034467703689457,1.999960000799984e-05,MONTE_CARLO_CLUSTER_SIGN_FLIP_50000,HIGH,7.076781541292251e-05,0.00635987280254395,FAVORS_MTL,True,True,True,False
W00/S1_CONDITION/MTL_FULL_minus_STL_FULL/NOEC_Reproduction,W00/S1_CONDITION/MTL_FULL_minus_STL_FULL,W00,S1_CONDITION,neg_log10_mol_l,MTL_FULL_minus_STL_FULL,MTL_FULL,STL_FULL,NOEC_Reproduction,FORMAL_MACRO_NA,-0.1371793875670287,620,265,-0.3167546555351675,-0.386809407933757,-0.24941041881745488,1.999960000799984e-05,MONTE_CARLO_CLUSTER_SIGN_FLIP_50000,HIGH,7.076781541292251e-05,0.00635987280254395,FAVORS_MTL,True,True,True,False
W00/S2_COMBINATION/MTL_FULL_minus_STL_FULL/ACx_Development,W00/S2_COMBINATION/MTL_FULL_minus_STL_FULL,W00,S2_COMBINATION,neg_log10_mol_l,MTL_FULL_minus_STL_FULL,MTL_FULL,STL_FULL,ACx_Development,FORMAL_MACRO_NA,-0.1187218153062976,60,20,-0.1064444502437088,-0.36613374090620954,0.08421822946860588,0.35281294374112515,MONTE_CARLO_CLUSTER_SIGN_FLIP_50000,ADEQUATE,0.49614320213595725,1.0,FAVORS_MTL,False,False,False,False
W00/S2_COMBINATION/MTL_FULL_minus_STL_FULL/ACx_Growth,W00/S2_COMBINATION/MTL_FULL_minus_STL_FULL,W00,S2_COMBINATION,neg_log10_mol_l,MTL_FULL_minus_STL_FULL,MTL_FULL,STL_FULL,ACx_Growth,FORMAL_MACRO_NA,-0.1187218153062976,1,1,-0.09765789748432319,,,,NOT_ESTIMABLE_LT2_PARENTS,LOW,,,FAVORS_MTL,False,False,False,False
W00/S2_COMBINATION/MTL_FULL_minus_STL_FULL/ACx_Immobilization,W00/S2_COMBINATION/MTL_FULL_minus_STL_FULL,W00,S2_COMBINATION,neg_log10_mol_l,MTL_FULL_minus_STL_FULL,MTL_FULL,STL_FULL,ACx_Immobilization,FORMAL_MACRO_NA,-0.1187218153062976,32,18,0.7489329897052046,-0.31165791519467445,1.8297217626829518,0.46555328369140625,EXACT_CLUSTER_SIGN_FLIP,LIMITED,0.6164383561643836,1.0,FAVORS_STL,False,False,False,False
W00/S2_COMBINATION/MTL_FULL_minus_STL_FULL/ACx_Injury,W00/S2_COMBINATION/MTL_FULL_minus_STL_FULL,W00,S2_COMBINATION,neg_log10_mol_l,MTL_FULL_minus_STL_FULL,MTL_FULL,STL_FULL,ACx_Injury,FORMAL_MACRO_NA,-0.1187218153062976,72,19,0.1956245957997696,-0.16040986163660942,0.4758158568432357,0.31833363332733344,MONTE_CARLO_CLUSTER_SIGN_FLIP_50000,LIMITED,0.45476233332476207,1.0,FAVORS_STL,False,False,False,False
W00/S2_COMBINATION/MTL_FULL_minus_STL_FULL/ACx_Molting,W00/S2_COMBINATION/MTL_FULL_minus_STL_FULL,W00,S2_COMBINATION,neg_log10_mol_l,MTL_FULL_minus_STL_FULL,MTL_FULL,STL_FULL,ACx_Molting,FORMAL_MACRO_NA,-0.1187218153062976,104,18,0.09908796586816632,-0.07615137200207056,0.3266260933882901,0.40341949462890625,EXACT_CLUSTER_SIGN_FLIP,LIMITED,0.554498000949072,1.0,FAVORS_STL,False,False,False,False
W00/S2_COMBINATION/MTL_FULL_minus_STL_FULL/ACx_Mortality,W00/S2_COMBINATION/MTL_FULL_minus_STL_FULL,W00,S2_COMBINATION,neg_log10_mol_l,MTL_FULL_minus_STL_FULL,MTL_FULL,STL_FULL,ACx_Mortality,FORMAL_MACRO_NA,-0.1187218153062976,59,19,-0.018397029197615287,-0.06759049375430468,0.03309460793677877,0.47881042379152416,MONTE_CARLO_CLUSTER_SIGN_FLIP_50000,LIMITED,0.6164383561643836,1.0,FAVORS_MTL,False,False,False,False
W00/S2_COMBINATION/MTL_FULL_minus_STL_FULL/ACx_Physiology,W00/S2_COMBINATION/MTL_FULL_minus_STL_FULL,W00,S2_COMBINATION,neg_log10_mol_l,MTL_FULL_minus_STL_FULL,MTL_FULL,STL_FULL,ACx_Physiology,FORMAL_MACRO_NA,-0.1187218153062976,73,21,0.031515715980221785,-0.07459039658189641,0.15129578589259493,0.6108677826443472,MONTE_CARLO_CLUSTER_SIGN_FLIP_50000,ADEQUATE,0.7401315789473685,1.0,FAVORS_STL,False,False,False,False
W00/S2_COMBINATION/MTL_FULL_minus_STL_FULL/BMCx_Development,W00/S2_COMBINATION/MTL_FULL_minus_STL_FULL,W00,S2_COMBINATION,neg_log10_mol_l,MTL_FULL_minus_STL_FULL,MTL_FULL,STL_FULL,BMCx_Development,FORMAL_MACRO_NA,-0.1187218153062976,8,5,-0.018045652794154377,-0.27909034097968943,0.10913446679475425,0.625,EXACT_CLUSTER_SIGN_FLIP,LOW,0.7401315789473685,1.0,FAVORS_MTL,False,False,False,False
W00/S2_COMBINATION/MTL_FULL_minus_STL_FULL/BMCx_Immobilization,W00/S2_COMBINATION/MTL_FULL_minus_STL_FULL,W00,S2_COMBINATION,neg_log10_mol_l,MTL_FULL_minus_STL_FULL,MTL_FULL,STL_FULL,BMCx_Immobilization,FORMAL_MACRO_NA,-0.1187218153062976,3,3,0.09835630802665385,0.010353735164074784,0.25509823810172083,0.25,EXACT_CLUSTER_SIGN_FLIP,LOW,0.375,1.0,FAVORS_STL,True,False,False,False
W00/S2_COMBINATION/MTL_FULL_minus_STL_FULL/BMCx_Injury,W00/S2_COMBINATION/MTL_FULL_minus_STL_FULL,W00,S2_COMBINATION,neg_log10_mol_l,MTL_FULL_minus_STL_FULL,MTL_FULL,STL_FULL,BMCx_Injury,FORMAL_MACRO_NA,-0.1187218153062976,10,8,0.009453417475834013,-0.05739890477941838,0.11111416031693117,0.84375,EXACT_CLUSTER_SIGN_FLIP,LOW,0.9375,1.0,FAVORS_STL,False,False,False,False
W00/S2_COMBINATION/MTL_FULL_minus_STL_FULL/BMCx_Molting,W00/S2_COMBINATION/MTL_FULL_minus_STL_FULL,W00,S2_COMBINATION,neg_log10_mol_l,MTL_FULL_minus_STL_FULL,MTL_FULL,STL_FULL,BMCx_Molting,FORMAL_MACRO_NA,-0.1187218153062976,19,10,-0.17311591751181782,-0.3057722882345623,-0.050232747455492145,0.04296875,EXACT_CLUSTER_SIGN_FLIP,LIMITED,0.08228058510638298,1.0,FAVORS_MTL,True,False,False,False
W00/S2_COMBINATION/MTL_FULL_minus_STL_FULL/BMCx_Mortality,W00/S2_COMBINATION/MTL_FULL_minus_STL_FULL,W00,S2_COMBINATION,neg_log10_mol_l,MTL_FULL_minus_STL_FULL,MTL_FULL,STL_FULL,BMCx_Mortality,FORMAL_MACRO_NA,-0.1187218153062976,8,8,0.1222840062356082,0.06799332762422813,0.1710137948986856,0.015625,EXACT_CLUSTER_SIGN_FLIP,LOW,0.03196022727272727,1.0,FAVORS_STL,True,True,False,False
W00/S2_COMBINATION/MTL_FULL_minus_STL_FULL/BMCx_Physiology,W00/S2_COMBINATION/MTL_FULL_minus_STL_FULL,W00,S2_COMBINATION,neg_log10_mol_l,MTL_FULL_minus_STL_FULL,MTL_FULL,STL_FULL,BMCx_Physiology,FORMAL_MACRO_NA,-0.1187218153062976,7,7,-0.03938547598114133,-0.2203534392721096,0.130202341976166,0.71875,EXACT_CLUSTER_SIGN_FLIP,LOW,0.8293269230769231,1.0,FAVORS_MTL,False,False,False,False
W00/S2_COMBINATION/MTL_FULL_minus_STL_FULL/BMDx_Behavior,W00/S2_COMBINATION/MTL_FULL_minus_STL_FULL,W00,S2_COMBINATION,neg_log10_mol_l,MTL_FULL_minus_STL_FULL,MTL_FULL,STL_FULL,BMDx_Behavior,FORMAL_MACRO_NA,-0.1187218153062976,34,13,0.08541604427077226,-0.0017966076270834654,0.22046861846600502,0.097412109375,EXACT_CLUSTER_SIGN_FLIP,LIMITED,0.1719037224264706,1.0,FAVORS_STL,False,False,False,False
W00/S2_COMBINATION/MTL_FULL_minus_STL_FULL/BMDx_Development,W00/S2_COMBINATION/MTL_FULL_minus_STL_FULL,W00,S2_COMBINATION,neg_log10_mol_l,MTL_FULL_minus_STL_FULL,MTL_FULL,STL_FULL,BMDx_Development,FORMAL_MACRO_NA,-0.1187218153062976,48,7,0.19347962914462338,-0.05065243129979905,0.3323044798932073,0.5,EXACT_CLUSTER_SIGN_FLIP,LOW,0.6164383561643836,1.0,FAVORS_STL,False,False,False,False
W00/S2_COMBINATION/MTL_FULL_minus_STL_FULL/BMDx_Immobilization,W00/S2_COMBINATION/MTL_FULL_minus_STL_FULL,W00,S2_COMBINATION,neg_log10_mol_l,MTL_FULL_minus_STL_FULL,MTL_FULL,STL_FULL,BMDx_Immobilization,FORMAL_MACRO_NA,-0.1187218153062976,8,8,0.2242217911002317,0.13391196780142114,0.3039941315377489,0.0078125,EXACT_CLUSTER_SIGN_FLIP,LOW,0.016351744186046513,1.0,FAVORS_STL,True,True,False,False
W00/S2_COMBINATION/MTL_FULL_minus_STL_FULL/BMDx_Injury,W00/S2_COMBINATION/MTL_FULL_minus_STL_FULL,W00,S2_COMBINATION,neg_log10_mol_l,MTL_FULL_minus_STL_FULL,MTL_FULL,STL_FULL,BMDx_Injury,FORMAL_MACRO_NA,-0.1187218153062976,13,7,0.020434053618708255,-0.1656686854072949,0.1679676049532915,0.875,EXACT_CLUSTER_SIGN_FLIP,LOW,0.9603658536585366,1.0,FAVORS_STL,False,False,False,False
W00/S2_COMBINATION/MTL_FULL_minus_STL_FULL/BMDx_Molting,W00/S2_COMBINATION/MTL_FULL_minus_STL_FULL,W00,S2_COMBINATION,neg_log10_mol_l,MTL_FULL_minus_STL_FULL,MTL_FULL,STL_FULL,BMDx_Molting,FORMAL_MACRO_NA,-0.1187218153062976,3,1,0.03537694820815673,,,,NOT_ESTIMABLE_LT2_PARENTS,LOW,,,FAVORS_STL,False,False,False,False
W00/S2_COMBINATION/MTL_FULL_minus_STL_FULL/BMDx_Morphology,W00/S2_COMBINATION/MTL_FULL_minus_STL_FULL,W00,S2_COMBINATION,neg_log10_mol_l,MTL_FULL_minus_STL_FULL,MTL_FULL,STL_FULL,BMDx_Morphology,FORMAL_MACRO_NA,-0.1187218153062976,6,6,0.1300872395352554,-0.03191202555623448,0.2853127808414599,0.21875,EXACT_CLUSTER_SIGN_FLIP,LOW,0.34539473684210525,1.0,FAVORS_STL,False,False,False,False
W00/S2_COMBINATION/MTL_FULL_minus_STL_FULL/BMDx_Mortality,W00/S2_COMBINATION/MTL_FULL_minus_STL_FULL,W00,S2_COMBINATION,neg_log10_mol_l,MTL_FULL_minus_STL_FULL,MTL_FULL,STL_FULL,BMDx_Mortality,FORMAL_MACRO_NA,-0.1187218153062976,17,7,-0.014781774410995693,-0.026095496622119484,-0.0008366360182467629,0.25,EXACT_CLUSTER_SIGN_FLIP,LOW,0.375,1.0,FAVORS_MTL,True,False,False,False
W00/S2_COMBINATION/MTL_FULL_minus_STL_FULL/BMDx_Physiology,W00/S2_COMBINATION/MTL_FULL_minus_STL_FULL,W00,S2_COMBINATION,neg_log10_mol_l,MTL_FULL_minus_STL_FULL,MTL_FULL,STL_FULL,BMDx_Physiology,FORMAL_MACRO_NA,-0.1187218153062976,10,9,0.38034132238708124,0.06293882757893923,0.7535111169731832,0.1171875,EXACT_CLUSTER_SIGN_FLIP,LOW,0.20282451923076922,1.0,FAVORS_STL,True,False,False,False
W00/S2_COMBINATION/MTL_FULL_minus_STL_FULL/ECx_Behavior,W00/S2_COMBINATION/MTL_FULL_minus_STL_FULL,W00,S2_COMBINATION,neg_log10_mol_l,MTL_FULL_minus_STL_FULL,MTL_FULL,STL_FULL,ECx_Behavior,FORMAL_MACRO_NA,-0.1187218153062976,492,166,-0.11505888217660837,-0.1777326300548153,-0.05647241946512798,0.00021999560008799824,MONTE_CARLO_CLUSTER_SIGN_FLIP_50000,HIGH,0.0006386969034812851,0.05433891322173556,FAVORS_MTL,True,True,False,False
W00/S2_COMBINATION/MTL_FULL_minus_STL_FULL/ECx_Biochemical,W00/S2_COMBINATION/MTL_FULL_minus_STL_FULL,W00,S2_COMBINATION,neg_log10_mol_l,MTL_FULL_minus_STL_FULL,MTL_FULL,STL_FULL,ECx_Biochemical,FORMAL_MACRO_NA,-0.1187218153062976,240,86,-0.131199901187138,-0.27003060766124026,-0.0038420495275631487,0.05585888282234355,MONTE_CARLO_CLUSTER_SIGN_FLIP_50000,HIGH,0.10355303098019672,1.0,FAVORS_MTL,True,False,False,False
W00/S2_COMBINATION/MTL_FULL_minus_STL_FULL/ECx_Development,W00/S2_COMBINATION/MTL_FULL_minus_STL_FULL,W00,S2_COMBINATION,neg_log10_mol_l,MTL_FULL_minus_STL_FULL,MTL_FULL,STL_FULL,ECx_Development,FORMAL_MACRO_NA,-0.1187218153062976,504,154,-0.21796342823710851,-0.3057341311453558,-0.10842682677656007,3.999920001599968e-05,MONTE_CARLO_CLUSTER_SIGN_FLIP_50000,HIGH,0.00013333066671999895,0.010559788804223915,FAVORS_MTL,True,True,True,False
W00/S2_COMBINATION/MTL_FULL_minus_STL_FULL/ECx_Feeding,W00/S2_COMBINATION/MTL_FULL_minus_STL_FULL,W00,S2_COMBINATION,neg_log10_mol_l,MTL_FULL_minus_STL_FULL,MTL_FULL,STL_FULL,ECx_Feeding,FORMAL_MACRO_NA,-0.1187218153062976,40,22,-0.010032351423324681,-0.2705666239232528,0.16456343714466865,0.9319013619727605,MONTE_CARLO_CLUSTER_SIGN_FLIP_50000,ADEQUATE,1.0,1.0,FAVORS_MTL,False,False,False,False
W00/S2_COMBINATION/MTL_FULL_minus_STL_FULL/ECx_GeneticDamage,W00/S2_COMBINATION/MTL_FULL_minus_STL_FULL,W00,S2_COMBINATION,neg_log10_mol_l,MTL_FULL_minus_STL_FULL,MTL_FULL,STL_FULL,ECx_GeneticDamage,FORMAL_MACRO_NA,-0.1187218153062976,47,21,-0.6580557716465076,-0.9847469690005348,-0.14888029090762706,0.030499390012199756,MONTE_CARLO_CLUSTER_SIGN_FLIP_50000,ADEQUATE,0.06099878002439951,1.0,FAVORS_MTL,True,False,False,False
W00/S2_COMBINATION/MTL_FULL_minus_STL_FULL/ECx_Growth,W00/S2_COMBINATION/MTL_FULL_minus_STL_FULL,W00,S2_COMBINATION,neg_log10_mol_l,MTL_FULL_minus_STL_FULL,MTL_FULL,STL_FULL,ECx_Growth,FORMAL_MACRO_NA,-0.1187218153062976,725,193,-0.12944188354435301,-0.19689494327848486,-0.07247761280631092,1.999960000799984e-05,MONTE_CARLO_CLUSTER_SIGN_FLIP_50000,HIGH,7.199856002879943e-05,0.00635987280254395,FAVORS_MTL,True,True,True,False
W00/S2_COMBINATION/MTL_FULL_minus_STL_FULL/ECx_Immobilization,W00/S2_COMBINATION/MTL_FULL_minus_STL_FULL,W00,S2_COMBINATION,neg_log10_mol_l,MTL_FULL_minus_STL_FULL,MTL_FULL,STL_FULL,ECx_Immobilization,FORMAL_MACRO_NA,-0.1187218153062976,1566,411,-0.0624203374648147,-0.10856278912197202,-0.020420590555627144,0.002719945601087978,MONTE_CARLO_CLUSTER_SIGN_FLIP_50000,HIGH,0.00611987760244795,0.5929481410371792,FAVORS_MTL,True,True,False,False
W00/S2_COMBINATION/MTL_FULL_minus_STL_FULL/ECx_Injury,W00/S2_COMBINATION/MTL_FULL_minus_STL_FULL,W00,S2_COMBINATION,neg_log10_mol_l,MTL_FULL_minus_STL_FULL,MTL_FULL,STL_FULL,ECx_Injury,FORMAL_MACRO_NA,-0.1187218153062976,65,39,-0.08913457708931505,-0.19899700986795643,0.0231889151663367,0.14253714925701486,MONTE_CARLO_CLUSTER_SIGN_FLIP_50000,ADEQUATE,0.2375619154283581,1.0,FAVORS_MTL,False,False,False,False
W00/S2_COMBINATION/MTL_FULL_minus_STL_FULL/ECx_Molting,W00/S2_COMBINATION/MTL_FULL_minus_STL_FULL,W00,S2_COMBINATION,neg_log10_mol_l,MTL_FULL_minus_STL_FULL,MTL_FULL,STL_FULL,ECx_Molting,FORMAL_MACRO_NA,-0.1187218153062976,182,77,-0.04929275737696201,-0.13321108803451503,0.03382241982394194,0.25487490250194994,MONTE_CARLO_CLUSTER_SIGN_FLIP_50000,HIGH,0.37604493811763107,1.0,FAVORS_MTL,False,False,False,False
W00/S2_COMBINATION/MTL_FULL_minus_STL_FULL/ECx_Morphology,W00/S2_COMBINATION/MTL_FULL_minus_STL_FULL,W00,S2_COMBINATION,neg_log10_mol_l,MTL_FULL_minus_STL_FULL,MTL_FULL,STL_FULL,ECx_Morphology,FORMAL_MACRO_NA,-0.1187218153062976,49,21,-0.2621565794602164,-0.4127423621570378,-0.11626083514468975,0.00015999680006399873,MONTE_CARLO_CLUSTER_SIGN_FLIP_50000,ADEQUATE,0.0004799904001919962,0.039679206415871686,FAVORS_MTL,True,True,True,False
W00/S2_COMBINATION/MTL_FULL_minus_STL_FULL/ECx_Mortality,W00/S2_COMBINATION/MTL_FULL_minus_STL_FULL,W00,S2_COMBINATION,neg_log10_mol_l,MTL_FULL_minus_STL_FULL,MTL_FULL,STL_FULL,ECx_Mortality,FORMAL_MACRO_NA,-0.1187218153062976,14822,1399,0.037954434835095426,0.019535461239524425,0.056587230587996064,1.999960000799984e-05,MONTE_CARLO_CLUSTER_SIGN_FLIP_50000,HIGH,7.199856002879943e-05,0.00635987280254395,FAVORS_STL,True,True,True,False
W00/S2_COMBINATION/MTL_FULL_minus_STL_FULL/ECx_Physiology,W00/S2_COMBINATION/MTL_FULL_minus_STL_FULL,W00,S2_COMBINATION,neg_log10_mol_l,MTL_FULL_minus_STL_FULL,MTL_FULL,STL_FULL,ECx_Physiology,FORMAL_MACRO_NA,-0.1187218153062976,447,149,-0.11698654854718626,-0.18823890956750433,-0.04250339288284317,0.001999960000799984,MONTE_CARLO_CLUSTER_SIGN_FLIP_50000,HIGH,0.004615292309538425,0.44399112017759645,FAVORS_MTL,True,True,False,False
W00/S2_COMBINATION/MTL_FULL_minus_STL_FULL/ECx_Population,W00/S2_COMBINATION/MTL_FULL_minus_STL_FULL,W00,S2_COMBINATION,neg_log10_mol_l,MTL_FULL_minus_STL_FULL,MTL_FULL,STL_FULL,ECx_Population,FORMAL_MACRO_NA,-0.1187218153062976,2104,548,-0.07385123707621676,-0.10550233713212943,-0.04182615155204666,1.999960000799984e-05,MONTE_CARLO_CLUSTER_SIGN_FLIP_50000,HIGH,7.199856002879943e-05,0.00635987280254395,FAVORS_MTL,True,True,True,False
W00/S2_COMBINATION/MTL_FULL_minus_STL_FULL/ECx_Reproduction,W00/S2_COMBINATION/MTL_FULL_minus_STL_FULL,W00,S2_COMBINATION,neg_log10_mol_l,MTL_FULL_minus_STL_FULL,MTL_FULL,STL_FULL,ECx_Reproduction,FORMAL_MACRO_NA,-0.1187218153062976,208,77,-0.1766151289413254,-0.26937629372703376,-0.07878826236742188,0.0013799724005519889,MONTE_CARLO_CLUSTER_SIGN_FLIP_50000,HIGH,0.003356689622964297,0.31463370732585344,FAVORS_MTL,True,True,False,False
W00/S2_COMBINATION/MTL_FULL_minus_STL_FULL/EDx_Development,W00/S2_COMBINATION/MTL_FULL_minus_STL_FULL,W00,S2_COMBINATION,neg_log10_mol_l,MTL_FULL_minus_STL_FULL,MTL_FULL,STL_FULL,EDx_Development,FORMAL_MACRO_NA,-0.1187218153062976,5,5,0.023853492987059077,-0.44812841108047097,0.4958353970545891,1.0,EXACT_CLUSTER_SIGN_FLIP,LOW,1.0,1.0,FAVORS_STL,False,False,False,False
W00/S2_COMBINATION/MTL_FULL_minus_STL_FULL/EDx_Growth,W00/S2_COMBINATION/MTL_FULL_minus_STL_FULL,W00,S2_COMBINATION,neg_log10_mol_l,MTL_FULL_minus_STL_FULL,MTL_FULL,STL_FULL,EDx_Growth,FORMAL_MACRO_NA,-0.1187218153062976,2,2,0.13394666133326627,0.04792001805403423,0.2199733046124983,0.5,EXACT_CLUSTER_SIGN_FLIP,LOW,0.6164383561643836,1.0,FAVORS_STL,True,False,False,False
W00/S2_COMBINATION/MTL_FULL_minus_STL_FULL/EDx_Molting,W00/S2_COMBINATION/MTL_FULL_minus_STL_FULL,W00,S2_COMBINATION,neg_log10_mol_l,MTL_FULL_minus_STL_FULL,MTL_FULL,STL_FULL,EDx_Molting,FORMAL_MACRO_NA,-0.1187218153062976,3,3,0.24567396406977338,-0.04648342392910898,0.4636831179412386,0.5,EXACT_CLUSTER_SIGN_FLIP,LOW,0.6164383561643836,1.0,FAVORS_STL,False,False,False,False
W00/S2_COMBINATION/MTL_FULL_minus_STL_FULL/EDx_Physiology,W00/S2_COMBINATION/MTL_FULL_minus_STL_FULL,W00,S2_COMBINATION,neg_log10_mol_l,MTL_FULL_minus_STL_FULL,MTL_FULL,STL_FULL,EDx_Physiology,FORMAL_MACRO_NA,-0.1187218153062976,2,2,0.019839282110268863,-0.0019292937606705252,0.04160785798120825,1.0,EXACT_CLUSTER_SIGN_FLIP,LOW,1.0,1.0,FAVORS_STL,False,False,False,False
W00/S2_COMBINATION/MTL_FULL_minus_STL_FULL/EDx_Population,W00/S2_COMBINATION/MTL_FULL_minus_STL_FULL,W00,S2_COMBINATION,neg_log10_mol_l,MTL_FULL_minus_STL_FULL,MTL_FULL,STL_FULL,EDx_Population,FORMAL_MACRO_NA,-0.1187218153062976,2,1,0.009880511896789734,,,,NOT_ESTIMABLE_LT2_PARENTS,LOW,,,FAVORS_STL,False,False,False,False
W00/S2_COMBINATION/MTL_FULL_minus_STL_FULL/ICx_Behavior,W00/S2_COMBINATION/MTL_FULL_minus_STL_FULL,W00,S2_COMBINATION,neg_log10_mol_l,MTL_FULL_minus_STL_FULL,MTL_FULL,STL_FULL,ICx_Behavior,FORMAL_MACRO_NA,-0.1187218153062976,3,3,0.4418574833348625,0.07903936699094061,0.9697465441054192,0.25,EXACT_CLUSTER_SIGN_FLIP,LOW,0.375,1.0,FAVORS_STL,True,False,False,False
W00/S2_COMBINATION/MTL_FULL_minus_STL_FULL/ICx_Biochemical,W00/S2_COMBINATION/MTL_FULL_minus_STL_FULL,W00,S2_COMBINATION,neg_log10_mol_l,MTL_FULL_minus_STL_FULL,MTL_FULL,STL_FULL,ICx_Biochemical,FORMAL_MACRO_NA,-0.1187218153062976,171,69,-0.22057348305686328,-0.4070716473591825,-0.059720182225461035,0.007299854002919942,MONTE_CARLO_CLUSTER_SIGN_FLIP_50000,HIGH,0.015642544291971303,1.0,FAVORS_MTL,True,True,False,False
W00/S2_COMBINATION/MTL_FULL_minus_STL_FULL/ICx_Development,W00/S2_COMBINATION/MTL_FULL_minus_STL_FULL,W00,S2_COMBINATION,neg_log10_mol_l,MTL_FULL_minus_STL_FULL,MTL_FULL,STL_FULL,ICx_Development,FORMAL_MACRO_NA,-0.1187218153062976,29,7,0.1048189149238052,-0.1651457528359238,0.3482607180031371,0.984375,EXACT_CLUSTER_SIGN_FLIP,LOW,1.0,1.0,FAVORS_STL,False,False,False,False
W00/S2_COMBINATION/MTL_FULL_minus_STL_FULL/ICx_Feeding,W00/S2_COMBINATION/MTL_FULL_minus_STL_FULL,W00,S2_COMBINATION,neg_log10_mol_l,MTL_FULL_minus_STL_FULL,MTL_FULL,STL_FULL,ICx_Feeding,FORMAL_MACRO_NA,-0.1187218153062976,3,2,0.1916242521736473,-0.01969954682206687,0.2972861516715044,1.0,EXACT_CLUSTER_SIGN_FLIP,LOW,1.0,1.0,FAVORS_STL,False,False,False,False
W00/S2_COMBINATION/MTL_FULL_minus_STL_FULL/ICx_GeneticDamage,W00/S2_COMBINATION/MTL_FULL_minus_STL_FULL,W00,S2_COMBINATION,neg_log10_mol_l,MTL_FULL_minus_STL_FULL,MTL_FULL,STL_FULL,ICx_GeneticDamage,FORMAL_MACRO_NA,-0.1187218153062976,5,4,-0.6588051282036665,-0.9352303038012152,-0.35281508701627096,0.125,EXACT_CLUSTER_SIGN_FLIP,LOW,0.21226415094339623,1.0,FAVORS_MTL,True,False,False,False
W00/S2_COMBINATION/MTL_FULL_minus_STL_FULL/ICx_Growth,W00/S2_COMBINATION/MTL_FULL_minus_STL_FULL,W00,S2_COMBINATION,neg_log10_mol_l,MTL_FULL_minus_STL_FULL,MTL_FULL,STL_FULL,ICx_Growth,FORMAL_MACRO_NA,-0.1187218153062976,110,22,-0.08823166430590035,-0.5176383297950232,0.042564264975015274,0.3001739965200696,MONTE_CARLO_CLUSTER_SIGN_FLIP_50000,ADEQUATE,0.4357364465613913,1.0,FAVORS_MTL,False,False,False,False
W00/S2_COMBINATION/MTL_FULL_minus_STL_FULL/ICx_Immobilization,W00/S2_COMBINATION/MTL_FULL_minus_STL_FULL,W00,S2_COMBINATION,neg_log10_mol_l,MTL_FULL_minus_STL_FULL,MTL_FULL,STL_FULL,ICx_Immobilization,FORMAL_MACRO_NA,-0.1187218153062976,77,1,0.10704709541207219,,,,NOT_ESTIMABLE_LT2_PARENTS,LOW,,,FAVORS_STL,False,False,False,False
W00/S2_COMBINATION/MTL_FULL_minus_STL_FULL/ICx_Morphology,W00/S2_COMBINATION/MTL_FULL_minus_STL_FULL,W00,S2_COMBINATION,neg_log10_mol_l,MTL_FULL_minus_STL_FULL,MTL_FULL,STL_FULL,ICx_Morphology,FORMAL_MACRO_NA,-0.1187218153062976,2,1,-0.044103663346384714,,,,NOT_ESTIMABLE_LT2_PARENTS,LOW,,,FAVORS_MTL,False,False,False,False
W00/S2_COMBINATION/MTL_FULL_minus_STL_FULL/ICx_Mortality,W00/S2_COMBINATION/MTL_FULL_minus_STL_FULL,W00,S2_COMBINATION,neg_log10_mol_l,MTL_FULL_minus_STL_FULL,MTL_FULL,STL_FULL,ICx_Mortality,FORMAL_MACRO_NA,-0.1187218153062976,23,10,-0.2095512138010054,-0.7426253859934756,0.049542355455955416,0.197265625,EXACT_CLUSTER_SIGN_FLIP,LIMITED,0.31703404017857145,1.0,FAVORS_MTL,False,False,False,False
W00/S2_COMBINATION/MTL_FULL_minus_STL_FULL/ICx_Physiology,W00/S2_COMBINATION/MTL_FULL_minus_STL_FULL,W00,S2_COMBINATION,neg_log10_mol_l,MTL_FULL_minus_STL_FULL,MTL_FULL,STL_FULL,ICx_Physiology,FORMAL_MACRO_NA,-0.1187218153062976,164,54,-0.13836101531753897,-0.2800684085310681,-0.049484605888877965,0.002999940001199976,MONTE_CARLO_CLUSTER_SIGN_FLIP_50000,HIGH,0.006585234148975556,0.6479870402591947,FAVORS_MTL,True,True,False,False
W00/S2_COMBINATION/MTL_FULL_minus_STL_FULL/ICx_Population,W00/S2_COMBINATION/MTL_FULL_minus_STL_FULL,W00,S2_COMBINATION,neg_log10_mol_l,MTL_FULL_minus_STL_FULL,MTL_FULL,STL_FULL,ICx_Population,FORMAL_MACRO_NA,-0.1187218153062976,289,137,-0.16092034532152036,-0.2657991632634636,-0.06577435813047311,0.0009399812003759925,MONTE_CARLO_CLUSTER_SIGN_FLIP_50000,HIGH,0.002349953000939981,0.22089558208835824,FAVORS_MTL,True,True,False,False
W00/S2_COMBINATION/MTL_FULL_minus_STL_FULL/ICx_Reproduction,W00/S2_COMBINATION/MTL_FULL_minus_STL_FULL,W00,S2_COMBINATION,neg_log10_mol_l,MTL_FULL_minus_STL_FULL,MTL_FULL,STL_FULL,ICx_Reproduction,FORMAL_MACRO_NA,-0.1187218153062976,66,24,-0.3121869226932348,-0.6064773927561388,0.01947316861468639,0.14771704565908683,MONTE_CARLO_CLUSTER_SIGN_FLIP_50000,ADEQUATE,0.24171880198759665,1.0,FAVORS_MTL,False,False,False,False
W00/S2_COMBINATION/MTL_FULL_minus_STL_FULL/LDx_Injury,W00/S2_COMBINATION/MTL_FULL_minus_STL_FULL,W00,S2_COMBINATION,neg_log10_mol_l,MTL_FULL_minus_STL_FULL,MTL_FULL,STL_FULL,LDx_Injury,FORMAL_MACRO_NA,-0.1187218153062976,5,5,0.0800204597309592,-0.0979537898553426,0.2591221166856788,0.5,EXACT_CLUSTER_SIGN_FLIP,LOW,0.6164383561643836,1.0,FAVORS_STL,False,False,False,False
W00/S2_COMBINATION/MTL_FULL_minus_STL_FULL/LDx_Mortality,W00/S2_COMBINATION/MTL_FULL_minus_STL_FULL,W00,S2_COMBINATION,neg_log10_mol_l,MTL_FULL_minus_STL_FULL,MTL_FULL,STL_FULL,LDx_Mortality,FORMAL_MACRO_NA,-0.1187218153062976,239,79,-0.03235629798615021,-0.1576283131559085,0.09532387235274307,0.7105657886842263,MONTE_CARLO_CLUSTER_SIGN_FLIP_50000,HIGH,0.8293269230769231,1.0,FAVORS_MTL,False,False,False,False
W00/S2_COMBINATION/MTL_FULL_minus_STL_FULL/LDx_Physiology,W00/S2_COMBINATION/MTL_FULL_minus_STL_FULL,W00,S2_COMBINATION,neg_log10_mol_l,MTL_FULL_minus_STL_FULL,MTL_FULL,STL_FULL,LDx_Physiology,FORMAL_MACRO_NA,-0.1187218153062976,8,2,-0.2309246287106269,-0.48408897532673567,-0.14653651317192398,0.5,EXACT_CLUSTER_SIGN_FLIP,LOW,0.6164383561643836,1.0,FAVORS_MTL,True,False,False,False
W00/S2_COMBINATION/MTL_FULL_minus_STL_FULL/LDx_Reproduction,W00/S2_COMBINATION/MTL_FULL_minus_STL_FULL,W00,S2_COMBINATION,neg_log10_mol_l,MTL_FULL_minus_STL_FULL,MTL_FULL,STL_FULL,LDx_Reproduction,FORMAL_MACRO_NA,-0.1187218153062976,1,1,0.19121511342396058,,,,NOT_ESTIMABLE_LT2_PARENTS,LOW,,,FAVORS_STL,False,False,False,False
W00/S2_COMBINATION/MTL_FULL_minus_STL_FULL/LOEC_Accumulation,W00/S2_COMBINATION/MTL_FULL_minus_STL_FULL,W00,S2_COMBINATION,neg_log10_mol_l,MTL_FULL_minus_STL_FULL,MTL_FULL,STL_FULL,LOEC_Accumulation,FORMAL_MACRO_NA,-0.1187218153062976,45,24,-0.4755137479728537,-0.7468521072607919,-0.25962663745263775,0.0005999880002399952,MONTE_CARLO_CLUSTER_SIGN_FLIP_50000,ADEQUATE,0.0016363309097454414,0.14399712005759885,FAVORS_MTL,True,True,False,False
W00/S2_COMBINATION/MTL_FULL_minus_STL_FULL/LOEC_Behavior,W00/S2_COMBINATION/MTL_FULL_minus_STL_FULL,W00,S2_COMBINATION,neg_log10_mol_l,MTL_FULL_minus_STL_FULL,MTL_FULL,STL_FULL,LOEC_Behavior,FORMAL_MACRO_NA,-0.1187218153062976,332,136,-0.34876407179214003,-0.44382388060771555,-0.25918899901005094,1.999960000799984e-05,MONTE_CARLO_CLUSTER_SIGN_FLIP_50000,HIGH,7.199856002879943e-05,0.00635987280254395,FAVORS_MTL,True,True,True,False
W00/S2_COMBINATION/MTL_FULL_minus_STL_FULL/LOEC_Biochemical,W00/S2_COMBINATION/MTL_FULL_minus_STL_FULL,W00,S2_COMBINATION,neg_log10_mol_l,MTL_FULL_minus_STL_FULL,MTL_FULL,STL_FULL,LOEC_Biochemical,FORMAL_MACRO_NA,-0.1187218153062976,1314,290,-0.3504847749394186,-0.4131187480458787,-0.2941954018900476,1.999960000799984e-05,MONTE_CARLO_CLUSTER_SIGN_FLIP_50000,HIGH,7.199856002879943e-05,0.00635987280254395,FAVORS_MTL,True,True,True,False
W00/S2_COMBINATION/MTL_FULL_minus_STL_FULL/LOEC_Development,W00/S2_COMBINATION/MTL_FULL_minus_STL_FULL,W00,S2_COMBINATION,neg_log10_mol_l,MTL_FULL_minus_STL_FULL,MTL_FULL,STL_FULL,LOEC_Development,FORMAL_MACRO_NA,-0.1187218153062976,422,171,-0.41882733873767763,-0.547347353154956,-0.30291666097592584,1.999960000799984e-05,MONTE_CARLO_CLUSTER_SIGN_FLIP_50000,HIGH,7.199856002879943e-05,0.00635987280254395,FAVORS_MTL,True,True,True,False
W00/S2_COMBINATION/MTL_FULL_minus_STL_FULL/LOEC_Feeding,W00/S2_COMBINATION/MTL_FULL_minus_STL_FULL,W00,S2_COMBINATION,neg_log10_mol_l,MTL_FULL_minus_STL_FULL,MTL_FULL,STL_FULL,LOEC_Feeding,FORMAL_MACRO_NA,-0.1187218153062976,30,21,-0.05374546182813304,-0.1823134748470785,0.07165899145670658,0.4066318673626527,MONTE_CARLO_CLUSTER_SIGN_FLIP_50000,ADEQUATE,0.554498000949072,1.0,FAVORS_MTL,False,False,False,False
W00/S2_COMBINATION/MTL_FULL_minus_STL_FULL/LOEC_GeneticDamage,W00/S2_COMBINATION/MTL_FULL_minus_STL_FULL,W00,S2_COMBINATION,neg_log10_mol_l,MTL_FULL_minus_STL_FULL,MTL_FULL,STL_FULL,LOEC_GeneticDamage,FORMAL_MACRO_NA,-0.1187218153062976,857,210,-0.3472321032019498,-0.43952509421826297,-0.2681277145263187,1.999960000799984e-05,MONTE_CARLO_CLUSTER_SIGN_FLIP_50000,HIGH,7.199856002879943e-05,0.00635987280254395,FAVORS_MTL,True,True,True,False
W00/S2_COMBINATION/MTL_FULL_minus_STL_FULL/LOEC_Growth,W00/S2_COMBINATION/MTL_FULL_minus_STL_FULL,W00,S2_COMBINATION,neg_log10_mol_l,MTL_FULL_minus_STL_FULL,MTL_FULL,STL_FULL,LOEC_Growth,FORMAL_MACRO_NA,-0.1187218153062976,853,322,-0.3984342527343826,-0.4898976520222221,-0.31516223554192124,1.999960000799984e-05,MONTE_CARLO_CLUSTER_SIGN_FLIP_50000,HIGH,7.199856002879943e-05,0.00635987280254395,FAVORS_MTL,True,True,True,False
W00/S2_COMBINATION/MTL_FULL_minus_STL_FULL/LOEC_Immobilization,W00/S2_COMBINATION/MTL_FULL_minus_STL_FULL,W00,S2_COMBINATION,neg_log10_mol_l,MTL_FULL_minus_STL_FULL,MTL_FULL,STL_FULL,LOEC_Immobilization,FORMAL_MACRO_NA,-0.1187218153062976,61,32,-0.18101782560104066,-0.35487800872403563,-0.015475411318818933,0.056378872422551546,MONTE_CARLO_CLUSTER_SIGN_FLIP_50000,ADEQUATE,0.10355303098019672,1.0,FAVORS_MTL,True,False,False,False
W00/S2_COMBINATION/MTL_FULL_minus_STL_FULL/LOEC_Injury,W00/S2_COMBINATION/MTL_FULL_minus_STL_FULL,W00,S2_COMBINATION,neg_log10_mol_l,MTL_FULL_minus_STL_FULL,MTL_FULL,STL_FULL,LOEC_Injury,FORMAL_MACRO_NA,-0.1187218153062976,113,58,-0.34240490494241127,-0.5036023628812676,-0.21280836350296778,1.999960000799984e-05,MONTE_CARLO_CLUSTER_SIGN_FLIP_50000,HIGH,7.199856002879943e-05,0.00635987280254395,FAVORS_MTL,True,True,True,False
W00/S2_COMBINATION/MTL_FULL_minus_STL_FULL/LOEC_Molting,W00/S2_COMBINATION/MTL_FULL_minus_STL_FULL,W00,S2_COMBINATION,neg_log10_mol_l,MTL_FULL_minus_STL_FULL,MTL_FULL,STL_FULL,LOEC_Molting,FORMAL_MACRO_NA,-0.1187218153062976,24,18,-0.7028116922767733,-1.0209051373404374,-0.3756418850093372,0.0003204345703125,EXACT_CLUSTER_SIGN_FLIP,LIMITED,0.0009012222290039062,0.0785064697265625,FAVORS_MTL,True,True,False,False
W00/S2_COMBINATION/MTL_FULL_minus_STL_FULL/LOEC_Morphology,W00/S2_COMBINATION/MTL_FULL_minus_STL_FULL,W00,S2_COMBINATION,neg_log10_mol_l,MTL_FULL_minus_STL_FULL,MTL_FULL,STL_FULL,LOEC_Morphology,FORMAL_MACRO_NA,-0.1187218153062976,168,74,-0.319952214574387,-0.4750781411530794,-0.19709761681807342,1.999960000799984e-05,MONTE_CARLO_CLUSTER_SIGN_FLIP_50000,HIGH,7.199856002879943e-05,0.00635987280254395,FAVORS_MTL,True,True,True,False
W00/S2_COMBINATION/MTL_FULL_minus_STL_FULL/LOEC_Mortality,W00/S2_COMBINATION/MTL_FULL_minus_STL_FULL,W00,S2_COMBINATION,neg_log10_mol_l,MTL_FULL_minus_STL_FULL,MTL_FULL,STL_FULL,LOEC_Mortality,FORMAL_MACRO_NA,-0.1187218153062976,831,300,-0.31252642720041873,-0.38723777772960677,-0.24378158626126012,1.999960000799984e-05,MONTE_CARLO_CLUSTER_SIGN_FLIP_50000,HIGH,7.199856002879943e-05,0.00635987280254395,FAVORS_MTL,True,True,True,False
W00/S2_COMBINATION/MTL_FULL_minus_STL_FULL/LOEC_Physiology,W00/S2_COMBINATION/MTL_FULL_minus_STL_FULL,W00,S2_COMBINATION,neg_log10_mol_l,MTL_FULL_minus_STL_FULL,MTL_FULL,STL_FULL,LOEC_Physiology,FORMAL_MACRO_NA,-0.1187218153062976,721,235,-0.35426917407047465,-0.4392185388698265,-0.2788309307632735,1.999960000799984e-05,MONTE_CARLO_CLUSTER_SIGN_FLIP_50000,HIGH,7.199856002879943e-05,0.00635987280254395,FAVORS_MTL,True,True,True,False
W00/S2_COMBINATION/MTL_FULL_minus_STL_FULL/LOEC_Population,W00/S2_COMBINATION/MTL_FULL_minus_STL_FULL,W00,S2_COMBINATION,neg_log10_mol_l,MTL_FULL_minus_STL_FULL,MTL_FULL,STL_FULL,LOEC_Population,FORMAL_MACRO_NA,-0.1187218153062976,936,296,-0.15455640376414115,-0.19940873787458355,-0.1133810577395502,1.999960000799984e-05,MONTE_CARLO_CLUSTER_SIGN_FLIP_50000,HIGH,7.199856002879943e-05,0.00635987280254395,FAVORS_MTL,True,True,True,False
W00/S2_COMBINATION/MTL_FULL_minus_STL_FULL/LOEC_Reproduction,W00/S2_COMBINATION/MTL_FULL_minus_STL_FULL,W00,S2_COMBINATION,neg_log10_mol_l,MTL_FULL_minus_STL_FULL,MTL_FULL,STL_FULL,LOEC_Reproduction,FORMAL_MACRO_NA,-0.1187218153062976,495,221,-0.37837307219414235,-0.4420574912336297,-0.315103335148759,1.999960000799984e-05,MONTE_CARLO_CLUSTER_SIGN_FLIP_50000,HIGH,7.199856002879943e-05,0.00635987280254395,FAVORS_MTL,True,True,True,False
W00/S2_COMBINATION/MTL_FULL_minus_STL_FULL/MATC_Behavior,W00/S2_COMBINATION/MTL_FULL_minus_STL_FULL,W00,S2_COMBINATION,neg_log10_mol_l,MTL_FULL_minus_STL_FULL,MTL_FULL,STL_FULL,MATC_Behavior,FORMAL_MACRO_NA,-0.1187218153062976,2,2,0.03925540935979566,-0.022007475738051063,0.10051829445764238,1.0,EXACT_CLUSTER_SIGN_FLIP,LOW,1.0,1.0,FAVORS_STL,False,False,False,False
W00/S2_COMBINATION/MTL_FULL_minus_STL_FULL/MATC_Biochemical,W00/S2_COMBINATION/MTL_FULL_minus_STL_FULL,W00,S2_COMBINATION,neg_log10_mol_l,MTL_FULL_minus_STL_FULL,MTL_FULL,STL_FULL,MATC_Biochemical,FORMAL_MACRO_NA,-0.1187218153062976,6,4,-0.07066519425125224,-0.255778747863493,0.2995619129732292,0.75,EXACT_CLUSTER_SIGN_FLIP,LOW,0.8544303797468354,1.0,FAVORS_MTL,False,False,False,False
W00/S2_COMBINATION/MTL_FULL_minus_STL_FULL/MATC_Development,W00/S2_COMBINATION/MTL_FULL_minus_STL_FULL,W00,S2_COMBINATION,neg_log10_mol_l,MTL_FULL_minus_STL_FULL,MTL_FULL,STL_FULL,MATC_Development,FORMAL_MACRO_NA,-0.1187218153062976,17,11,-0.14945413509385813,-0.4278106663436174,-0.00468865782705381,0.080078125,EXACT_CLUSTER_SIGN_FLIP,LIMITED,0.144140625,1.0,FAVORS_MTL,True,False,False,False
W00/S2_COMBINATION/MTL_FULL_minus_STL_FULL/MATC_Growth,W00/S2_COMBINATION/MTL_FULL_minus_STL_FULL,W00,S2_COMBINATION,neg_log10_mol_l,MTL_FULL_minus_STL_FULL,MTL_FULL,STL_FULL,MATC_Growth,FORMAL_MACRO_NA,-0.1187218153062976,56,30,-0.4200318064467298,-0.5961333893217184,-0.21347361395451597,0.0015999680006399872,MONTE_CARLO_CLUSTER_SIGN_FLIP_50000,ADEQUATE,0.003789397896252601,0.3631927361452771,FAVORS_MTL,True,True,False,False
W00/S2_COMBINATION/MTL_FULL_minus_STL_FULL/MATC_Immobilization,W00/S2_COMBINATION/MTL_FULL_minus_STL_FULL,W00,S2_COMBINATION,neg_log10_mol_l,MTL_FULL_minus_STL_FULL,MTL_FULL,STL_FULL,MATC_Immobilization,FORMAL_MACRO_NA,-0.1187218153062976,3,2,-0.046830554134068926,-0.09718108125837488,0.053870500114542974,1.0,EXACT_CLUSTER_SIGN_FLIP,LOW,1.0,1.0,FAVORS_MTL,False,False,False,False
W00/S2_COMBINATION/MTL_FULL_minus_STL_FULL/MATC_Molting,W00/S2_COMBINATION/MTL_FULL_minus_STL_FULL,W00,S2_COMBINATION,neg_log10_mol_l,MTL_FULL_minus_STL_FULL,MTL_FULL,STL_FULL,MATC_Molting,FORMAL_MACRO_NA,-0.1187218153062976,7,6,0.19776646843626697,-0.33444643565718807,0.6773109883498546,0.8125,EXACT_CLUSTER_SIGN_FLIP,LOW,0.9140625,1.0,FAVORS_STL,False,False,False,False
W00/S2_COMBINATION/MTL_FULL_minus_STL_FULL/MATC_Mortality,W00/S2_COMBINATION/MTL_FULL_minus_STL_FULL,W00,S2_COMBINATION,neg_log10_mol_l,MTL_FULL_minus_STL_FULL,MTL_FULL,STL_FULL,MATC_Mortality,FORMAL_MACRO_NA,-0.1187218153062976,92,49,-0.38686418396432526,-0.5652991891365747,-0.22291268684719798,1.999960000799984e-05,MONTE_CARLO_CLUSTER_SIGN_FLIP_50000,ADEQUATE,7.199856002879943e-05,0.00635987280254395,FAVORS_MTL,True,True,True,False
W00/S2_COMBINATION/MTL_FULL_minus_STL_FULL/MATC_Physiology,W00/S2_COMBINATION/MTL_FULL_minus_STL_FULL,W00,S2_COMBINATION,neg_log10_mol_l,MTL_FULL_minus_STL_FULL,MTL_FULL,STL_FULL,MATC_Physiology,FORMAL_MACRO_NA,-0.1187218153062976,3,2,-0.04055446839622719,-0.370608368666848,0.12447248173908321,1.0,EXACT_CLUSTER_SIGN_FLIP,LOW,1.0,1.0,FAVORS_MTL,False,False,False,False
W00/S2_COMBINATION/MTL_FULL_minus_STL_FULL/MATC_Population,W00/S2_COMBINATION/MTL_FULL_minus_STL_FULL,W00,S2_COMBINATION,neg_log10_mol_l,MTL_FULL_minus_STL_FULL,MTL_FULL,STL_FULL,MATC_Population,FORMAL_MACRO_NA,-0.1187218153062976,22,12,-0.17849241702338106,-0.32081608799198963,-0.04622041956420093,0.03173828125,EXACT_CLUSTER_SIGN_FLIP,LIMITED,0.06209663722826087,1.0,FAVORS_MTL,True,False,False,False
W00/S2_COMBINATION/MTL_FULL_minus_STL_FULL/MATC_Reproduction,W00/S2_COMBINATION/MTL_FULL_minus_STL_FULL,W00,S2_COMBINATION,neg_log10_mol_l,MTL_FULL_minus_STL_FULL,MTL_FULL,STL_FULL,MATC_Reproduction,FORMAL_MACRO_NA,-0.1187218153062976,37,24,-0.4545656109772138,-0.6653777432474083,-0.2440012862472972,0.0006399872002559949,MONTE_CARLO_CLUSTER_SIGN_FLIP_50000,ADEQUATE,0.001694083765383516,0.1523169536609268,FAVORS_MTL,True,True,False,False
W00/S2_COMBINATION/MTL_FULL_minus_STL_FULL/NOEC_Accumulation,W00/S2_COMBINATION/MTL_FULL_minus_STL_FULL,W00,S2_COMBINATION,neg_log10_mol_l,MTL_FULL_minus_STL_FULL,MTL_FULL,STL_FULL,NOEC_Accumulation,FORMAL_MACRO_NA,-0.1187218153062976,30,16,-0.10657592160442479,-0.37378146885983704,0.22895676495828896,0.61798095703125,EXACT_CLUSTER_SIGN_FLIP,LIMITED,0.7401315789473685,1.0,FAVORS_MTL,False,False,False,False
W00/S2_COMBINATION/MTL_FULL_minus_STL_FULL/NOEC_Behavior,W00/S2_COMBINATION/MTL_FULL_minus_STL_FULL,W00,S2_COMBINATION,neg_log10_mol_l,MTL_FULL_minus_STL_FULL,MTL_FULL,STL_FULL,NOEC_Behavior,FORMAL_MACRO_NA,-0.1187218153062976,434,172,-0.1979117629221321,-0.2702159703669528,-0.12326653826959282,3.999920001599968e-05,MONTE_CARLO_CLUSTER_SIGN_FLIP_50000,HIGH,0.00013333066671999895,0.010559788804223915,FAVORS_MTL,True,True,True,False
W00/S2_COMBINATION/MTL_FULL_minus_STL_FULL/NOEC_Biochemical,W00/S2_COMBINATION/MTL_FULL_minus_STL_FULL,W00,S2_COMBINATION,neg_log10_mol_l,MTL_FULL_minus_STL_FULL,MTL_FULL,STL_FULL,NOEC_Biochemical,FORMAL_MACRO_NA,-0.1187218153062976,1258,329,-0.33673624188140844,-0.3978990022467933,-0.2795979118829662,1.999960000799984e-05,MONTE_CARLO_CLUSTER_SIGN_FLIP_50000,HIGH,7.199856002879943e-05,0.00635987280254395,FAVORS_MTL,True,True,True,False
W00/S2_COMBINATION/MTL_FULL_minus_STL_FULL/NOEC_Development,W00/S2_COMBINATION/MTL_FULL_minus_STL_FULL,W00,S2_COMBINATION,neg_log10_mol_l,MTL_FULL_minus_STL_FULL,MTL_FULL,STL_FULL,NOEC_Development,FORMAL_MACRO_NA,-0.1187218153062976,593,223,-0.3166321034232653,-0.38891349708786443,-0.2531831170492732,1.999960000799984e-05,MONTE_CARLO_CLUSTER_SIGN_FLIP_50000,HIGH,7.199856002879943e-05,0.00635987280254395,FAVORS_MTL,True,True,True,False
W00/S2_COMBINATION/MTL_FULL_minus_STL_FULL/NOEC_Feeding,W00/S2_COMBINATION/MTL_FULL_minus_STL_FULL,W00,S2_COMBINATION,neg_log10_mol_l,MTL_FULL_minus_STL_FULL,MTL_FULL,STL_FULL,NOEC_Feeding,FORMAL_MACRO_NA,-0.1187218153062976,71,41,-0.369926999659297,-0.5711157851582549,-0.19114818017201257,9.99980000399992e-05,MONTE_CARLO_CLUSTER_SIGN_FLIP_50000,ADEQUATE,0.00032142214298571173,0.025399492010159796,FAVORS_MTL,True,True,True,False
W00/S2_COMBINATION/MTL_FULL_minus_STL_FULL/NOEC_GeneticDamage,W00/S2_COMBINATION/MTL_FULL_minus_STL_FULL,W00,S2_COMBINATION,neg_log10_mol_l,MTL_FULL_minus_STL_FULL,MTL_FULL,STL_FULL,NOEC_GeneticDamage,FORMAL_MACRO_NA,-0.1187218153062976,838,199,-0.3607502523456638,-0.4555859129479014,-0.2826347745230743,1.999960000799984e-05,MONTE_CARLO_CLUSTER_SIGN_FLIP_50000,HIGH,7.199856002879943e-05,0.00635987280254395,FAVORS_MTL,True,True,True,False
W00/S2_COMBINATION/MTL_FULL_minus_STL_FULL/NOEC_Growth,W00/S2_COMBINATION/MTL_FULL_minus_STL_FULL,W00,S2_COMBINATION,neg_log10_mol_l,MTL_FULL_minus_STL_FULL,MTL_FULL,STL_FULL,NOEC_Growth,FORMAL_MACRO_NA,-0.1187218153062976,1168,370,-0.35432719543740426,-0.40715981161672604,-0.30613941939259426,1.999960000799984e-05,MONTE_CARLO_CLUSTER_SIGN_FLIP_50000,HIGH,7.199856002879943e-05,0.00635987280254395,FAVORS_MTL,True,True,True,False
W00/S2_COMBINATION/MTL_FULL_minus_STL_FULL/NOEC_Immobilization,W00/S2_COMBINATION/MTL_FULL_minus_STL_FULL,W00,S2_COMBINATION,neg_log10_mol_l,MTL_FULL_minus_STL_FULL,MTL_FULL,STL_FULL,NOEC_Immobilization,FORMAL_MACRO_NA,-0.1187218153062976,275,169,-0.20429156630571507,-0.29746848247134394,-0.109028561981866,0.00011999760004799904,MONTE_CARLO_CLUSTER_SIGN_FLIP_50000,HIGH,0.0003724063449765488,0.030239395212095756,FAVORS_MTL,True,True,True,False
W00/S2_COMBINATION/MTL_FULL_minus_STL_FULL/NOEC_Injury,W00/S2_COMBINATION/MTL_FULL_minus_STL_FULL,W00,S2_COMBINATION,neg_log10_mol_l,MTL_FULL_minus_STL_FULL,MTL_FULL,STL_FULL,NOEC_Injury,FORMAL_MACRO_NA,-0.1187218153062976,155,84,-0.3718241205637113,-0.49979110437401186,-0.2501189777703629,1.999960000799984e-05,MONTE_CARLO_CLUSTER_SIGN_FLIP_50000,HIGH,7.199856002879943e-05,0.00635987280254395,FAVORS_MTL,True,True,True,False
W00/S2_COMBINATION/MTL_FULL_minus_STL_FULL/NOEC_Molting,W00/S2_COMBINATION/MTL_FULL_minus_STL_FULL,W00,S2_COMBINATION,neg_log10_mol_l,MTL_FULL_minus_STL_FULL,MTL_FULL,STL_FULL,NOEC_Molting,FORMAL_MACRO_NA,-0.1187218153062976,47,32,-0.26426036358618243,-0.4202655573295495,-0.11172874395679301,0.0009399812003759925,MONTE_CARLO_CLUSTER_SIGN_FLIP_50000,ADEQUATE,0.002349953000939981,0.22089558208835824,FAVORS_MTL,True,True,False,False
W00/S2_COMBINATION/MTL_FULL_minus_STL_FULL/NOEC_Morphology,W00/S2_COMBINATION/MTL_FULL_minus_STL_FULL,W00,S2_COMBINATION,neg_log10_mol_l,MTL_FULL_minus_STL_FULL,MTL_FULL,STL_FULL,NOEC_Morphology,FORMAL_MACRO_NA,-0.1187218153062976,281,100,-0.25410517232256896,-0.3407499843890029,-0.18254366092420046,1.999960000799984e-05,MONTE_CARLO_CLUSTER_SIGN_FLIP_50000,HIGH,7.199856002879943e-05,0.00635987280254395,FAVORS_MTL,True,True,True,False
W00/S2_COMBINATION/MTL_FULL_minus_STL_FULL/NOEC_Mortality,W00/S2_COMBINATION/MTL_FULL_minus_STL_FULL,W00,S2_COMBINATION,neg_log10_mol_l,MTL_FULL_minus_STL_FULL,MTL_FULL,STL_FULL,NOEC_Mortality,FORMAL_MACRO_NA,-0.1187218153062976,1793,597,-0.17066562102007796,-0.21316398039092593,-0.1302288998154389,1.999960000799984e-05,MONTE_CARLO_CLUSTER_SIGN_FLIP_50000,HIGH,7.199856002879943e-05,0.00635987280254395,FAVORS_MTL,True,True,True,False
W00/S2_COMBINATION/MTL_FULL_minus_STL_FULL/NOEC_Physiology,W00/S2_COMBINATION/MTL_FULL_minus_STL_FULL,W00,S2_COMBINATION,neg_log10_mol_l,MTL_FULL_minus_STL_FULL,MTL_FULL,STL_FULL,NOEC_Physiology,FORMAL_MACRO_NA,-0.1187218153062976,798,250,-0.26780517671085863,-0.3309886681897636,-0.20719523250490351,1.999960000799984e-05,MONTE_CARLO_CLUSTER_SIGN_FLIP_50000,HIGH,7.199856002879943e-05,0.00635987280254395,FAVORS_MTL,True,True,True,False
W00/S2_COMBINATION/MTL_FULL_minus_STL_FULL/NOEC_Population,W00/S2_COMBINATION/MTL_FULL_minus_STL_FULL,W00,S2_COMBINATION,neg_log10_mol_l,MTL_FULL_minus_STL_FULL,MTL_FULL,STL_FULL,NOEC_Population,FORMAL_MACRO_NA,-0.1187218153062976,1386,417,-0.1354084786359186,-0.1739057336815627,-0.10090658328288338,1.999960000799984e-05,MONTE_CARLO_CLUSTER_SIGN_FLIP_50000,HIGH,7.199856002879943e-05,0.00635987280254395,FAVORS_MTL,True,True,True,False
W00/S2_COMBINATION/MTL_FULL_minus_STL_FULL/NOEC_Reproduction,W00/S2_COMBINATION/MTL_FULL_minus_STL_FULL,W00,S2_COMBINATION,neg_log10_mol_l,MTL_FULL_minus_STL_FULL,MTL_FULL,STL_FULL,NOEC_Reproduction,FORMAL_MACRO_NA,-0.1187218153062976,620,260,-0.34301508371473194,-0.4145217318374986,-0.27525779508518583,1.999960000799984e-05,MONTE_CARLO_CLUSTER_SIGN_FLIP_50000,HIGH,7.199856002879943e-05,0.00635987280254395,FAVORS_MTL,True,True,True,False
W00/S3_PARENT/MTL_FULL_minus_STL_FULL/ACx_Development,W00/S3_PARENT/MTL_FULL_minus_STL_FULL,W00,S3_PARENT,neg_log10_mol_l,MTL_FULL_minus_STL_FULL,MTL_FULL,STL_FULL,ACx_Development,FORMAL_MACRO_NA,-0.0518296574077591,61,21,0.07401370336341201,0.01642004828451881,0.11964191226005952,0.02735945281094378,MONTE_CARLO_CLUSTER_SIGN_FLIP_50000,ADEQUATE,0.12671746565068698,1.0,FAVORS_STL,True,False,False,False
W00/S3_PARENT/MTL_FULL_minus_STL_FULL/ACx_Immobilization,W00/S3_PARENT/MTL_FULL_minus_STL_FULL,W00,S3_PARENT,neg_log10_mol_l,MTL_FULL_minus_STL_FULL,MTL_FULL,STL_FULL,ACx_Immobilization,FORMAL_MACRO_NA,-0.0518296574077591,33,19,0.06478361375541893,-0.03329695698049354,0.15317738135342743,0.2358752824943501,MONTE_CARLO_CLUSTER_SIGN_FLIP_50000,LIMITED,0.5116279069767442,1.0,FAVORS_STL,False,False,False,False
W00/S3_PARENT/MTL_FULL_minus_STL_FULL/ACx_Injury,W00/S3_PARENT/MTL_FULL_minus_STL_FULL,W00,S3_PARENT,neg_log10_mol_l,MTL_FULL_minus_STL_FULL,MTL_FULL,STL_FULL,ACx_Injury,FORMAL_MACRO_NA,-0.0518296574077591,70,19,-0.050544573956427676,-0.14338301065693512,0.03290609674718789,0.30669386612267757,MONTE_CARLO_CLUSTER_SIGN_FLIP_50000,LIMITED,0.5851063829787234,1.0,FAVORS_MTL,False,False,False,False
W00/S3_PARENT/MTL_FULL_minus_STL_FULL/ACx_Molting,W00/S3_PARENT/MTL_FULL_minus_STL_FULL,W00,S3_PARENT,neg_log10_mol_l,MTL_FULL_minus_STL_FULL,MTL_FULL,STL_FULL,ACx_Molting,FORMAL_MACRO_NA,-0.0518296574077591,104,18,-0.04285889103167179,-0.12341975652380702,0.03169362868038298,0.3399810791015625,EXACT_CLUSTER_SIGN_FLIP,LIMITED,0.5866340188419118,1.0,FAVORS_MTL,False,False,False,False
W00/S3_PARENT/MTL_FULL_minus_STL_FULL/ACx_Mortality,W00/S3_PARENT/MTL_FULL_minus_STL_FULL,W00,S3_PARENT,neg_log10_mol_l,MTL_FULL_minus_STL_FULL,MTL_FULL,STL_FULL,ACx_Mortality,FORMAL_MACRO_NA,-0.0518296574077591,59,19,0.0009467216003805529,-0.04193806642486407,0.04819196244326732,0.9679006419871603,MONTE_CARLO_CLUSTER_SIGN_FLIP_50000,LIMITED,1.0,1.0,FAVORS_STL,False,False,False,False
W00/S3_PARENT/MTL_FULL_minus_STL_FULL/ACx_Physiology,W00/S3_PARENT/MTL_FULL_minus_STL_FULL,W00,S3_PARENT,neg_log10_mol_l,MTL_FULL_minus_STL_FULL,MTL_FULL,STL_FULL,ACx_Physiology,FORMAL_MACRO_NA,-0.0518296574077591,71,21,0.01237986387622633,-0.061135836463165956,0.08529989918849604,0.750184996300074,MONTE_CARLO_CLUSTER_SIGN_FLIP_50000,ADEQUATE,0.8802170623254201,1.0,FAVORS_STL,False,False,False,False
W00/S3_PARENT/MTL_FULL_minus_STL_FULL/BMCx_Development,W00/S3_PARENT/MTL_FULL_minus_STL_FULL,W00,S3_PARENT,neg_log10_mol_l,MTL_FULL_minus_STL_FULL,MTL_FULL,STL_FULL,BMCx_Development,FORMAL_MACRO_NA,-0.0518296574077591,9,6,-0.09457300152325221,-0.42477564098057624,0.1582897728994933,0.875,EXACT_CLUSTER_SIGN_FLIP,LOW,0.9871794871794872,1.0,FAVORS_MTL,False,False,False,False
W00/S3_PARENT/MTL_FULL_minus_STL_FULL/BMCx_Immobilization,W00/S3_PARENT/MTL_FULL_minus_STL_FULL,W00,S3_PARENT,neg_log10_mol_l,MTL_FULL_minus_STL_FULL,MTL_FULL,STL_FULL,BMCx_Immobilization,FORMAL_MACRO_NA,-0.0518296574077591,3,3,0.07457859576595667,-0.005292195066500582,0.16519627181738006,0.5,EXACT_CLUSTER_SIGN_FLIP,LOW,0.7325819672131147,1.0,FAVORS_STL,False,False,False,False
W00/S3_PARENT/MTL_FULL_minus_STL_FULL/BMCx_Injury,W00/S3_PARENT/MTL_FULL_minus_STL_FULL,W00,S3_PARENT,neg_log10_mol_l,MTL_FULL_minus_STL_FULL,MTL_FULL,STL_FULL,BMCx_Injury,FORMAL_MACRO_NA,-0.0518296574077591,10,9,0.027989227107668314,-0.01762308183975723,0.07631261690042986,0.27734375,EXACT_CLUSTER_SIGN_FLIP,LOW,0.5546875,1.0,FAVORS_STL,False,False,False,False
W00/S3_PARENT/MTL_FULL_minus_STL_FULL/BMCx_Molting,W00/S3_PARENT/MTL_FULL_minus_STL_FULL,W00,S3_PARENT,neg_log10_mol_l,MTL_FULL_minus_STL_FULL,MTL_FULL,STL_FULL,BMCx_Molting,FORMAL_MACRO_NA,-0.0518296574077591,18,9,-0.027712743393641444,-0.1106526951960183,0.04674284447958654,0.578125,EXACT_CLUSTER_SIGN_FLIP,LOW,0.7708333333333334,1.0,FAVORS_MTL,False,False,False,False
W00/S3_PARENT/MTL_FULL_minus_STL_FULL/BMCx_Mortality,W00/S3_PARENT/MTL_FULL_minus_STL_FULL,W00,S3_PARENT,neg_log10_mol_l,MTL_FULL_minus_STL_FULL,MTL_FULL,STL_FULL,BMCx_Mortality,FORMAL_MACRO_NA,-0.0518296574077591,9,8,-0.001795599379815253,-0.046410110786978556,0.04827297961062702,0.9765625,EXACT_CLUSTER_SIGN_FLIP,LOW,1.0,1.0,FAVORS_MTL,False,False,False,False
W00/S3_PARENT/MTL_FULL_minus_STL_FULL/BMCx_Physiology,W00/S3_PARENT/MTL_FULL_minus_STL_FULL,W00,S3_PARENT,neg_log10_mol_l,MTL_FULL_minus_STL_FULL,MTL_FULL,STL_FULL,BMCx_Physiology,FORMAL_MACRO_NA,-0.0518296574077591,6,6,0.10366531222449726,-0.0202518372723756,0.2494148430786763,0.25,EXACT_CLUSTER_SIGN_FLIP,LOW,0.5116279069767442,1.0,FAVORS_STL,False,False,False,False
W00/S3_PARENT/MTL_FULL_minus_STL_FULL/BMDx_Behavior,W00/S3_PARENT/MTL_FULL_minus_STL_FULL,W00,S3_PARENT,neg_log10_mol_l,MTL_FULL_minus_STL_FULL,MTL_FULL,STL_FULL,BMDx_Behavior,FORMAL_MACRO_NA,-0.0518296574077591,34,12,-0.07322285191273857,-0.17206449412579705,-0.00254962889172154,0.111328125,EXACT_CLUSTER_SIGN_FLIP,LIMITED,0.27792777477783775,1.0,FAVORS_MTL,True,False,False,False
W00/S3_PARENT/MTL_FULL_minus_STL_FULL/BMDx_Development,W00/S3_PARENT/MTL_FULL_minus_STL_FULL,W00,S3_PARENT,neg_log10_mol_l,MTL_FULL_minus_STL_FULL,MTL_FULL,STL_FULL,BMDx_Development,FORMAL_MACRO_NA,-0.0518296574077591,47,8,-0.04920093841104834,-0.1300741775680497,0.03264624528513702,0.5078125,EXACT_CLUSTER_SIGN_FLIP,LOW,0.7325819672131147,1.0,FAVORS_MTL,False,False,False,False
W00/S3_PARENT/MTL_FULL_minus_STL_FULL/BMDx_Immobilization,W00/S3_PARENT/MTL_FULL_minus_STL_FULL,W00,S3_PARENT,neg_log10_mol_l,MTL_FULL_minus_STL_FULL,MTL_FULL,STL_FULL,BMDx_Immobilization,FORMAL_MACRO_NA,-0.0518296574077591,9,8,-0.04585308597322821,-0.09939477586399464,-0.007400604116673899,0.0546875,EXACT_CLUSTER_SIGN_FLIP,LOW,0.20923913043478262,1.0,FAVORS_MTL,True,False,False,False
W00/S3_PARENT/MTL_FULL_minus_STL_FULL/BMDx_Injury,W00/S3_PARENT/MTL_FULL_minus_STL_FULL,W00,S3_PARENT,neg_log10_mol_l,MTL_FULL_minus_STL_FULL,MTL_FULL,STL_FULL,BMDx_Injury,FORMAL_MACRO_NA,-0.0518296574077591,14,8,0.03232505026811865,-0.04107245566190338,0.11564186910628893,0.421875,EXACT_CLUSTER_SIGN_FLIP,LOW,0.675,1.0,FAVORS_STL,False,False,False,False
W00/S3_PARENT/MTL_FULL_minus_STL_FULL/BMDx_Morphology,W00/S3_PARENT/MTL_FULL_minus_STL_FULL,W00,S3_PARENT,neg_log10_mol_l,MTL_FULL_minus_STL_FULL,MTL_FULL,STL_FULL,BMDx_Morphology,FORMAL_MACRO_NA,-0.0518296574077591,6,6,0.003314581888126463,-0.09645489702479597,0.08005034757412455,0.96875,EXACT_CLUSTER_SIGN_FLIP,LOW,1.0,1.0,FAVORS_STL,False,False,False,False
W00/S3_PARENT/MTL_FULL_minus_STL_FULL/BMDx_Mortality,W00/S3_PARENT/MTL_FULL_minus_STL_FULL,W00,S3_PARENT,neg_log10_mol_l,MTL_FULL_minus_STL_FULL,MTL_FULL,STL_FULL,BMDx_Mortality,FORMAL_MACRO_NA,-0.0518296574077591,17,8,0.008643948943849507,-0.22008094391668567,0.22772359334245207,1.0,EXACT_CLUSTER_SIGN_FLIP,LOW,1.0,1.0,FAVORS_STL,False,False,False,False
W00/S3_PARENT/MTL_FULL_minus_STL_FULL/BMDx_Physiology,W00/S3_PARENT/MTL_FULL_minus_STL_FULL,W00,S3_PARENT,neg_log10_mol_l,MTL_FULL_minus_STL_FULL,MTL_FULL,STL_FULL,BMDx_Physiology,FORMAL_MACRO_NA,-0.0518296574077591,12,9,0.002312089796818554,-0.02887923336330885,0.04914634774343716,0.890625,EXACT_CLUSTER_SIGN_FLIP,LOW,0.98828125,1.0,FAVORS_STL,False,False,False,False
W00/S3_PARENT/MTL_FULL_minus_STL_FULL/ECx_Behavior,W00/S3_PARENT/MTL_FULL_minus_STL_FULL,W00,S3_PARENT,neg_log10_mol_l,MTL_FULL_minus_STL_FULL,MTL_FULL,STL_FULL,ECx_Behavior,FORMAL_MACRO_NA,-0.0518296574077591,492,127,-0.11312489098328242,-0.16271378546341456,-0.05570270215897853,0.00047999040019199615,MONTE_CARLO_CLUSTER_SIGN_FLIP_50000,HIGH,0.014079718405631887,0.11567768644627108,FAVORS_MTL,True,True,False,False
W00/S3_PARENT/MTL_FULL_minus_STL_FULL/ECx_Biochemical,W00/S3_PARENT/MTL_FULL_minus_STL_FULL,W00,S3_PARENT,neg_log10_mol_l,MTL_FULL_minus_STL_FULL,MTL_FULL,STL_FULL,ECx_Biochemical,FORMAL_MACRO_NA,-0.0518296574077591,240,67,-0.042870805719463924,-0.18961912885757626,0.09737165169297797,0.5667886642267155,MONTE_CARLO_CLUSTER_SIGN_FLIP_50000,HIGH,0.7708333333333334,1.0,FAVORS_MTL,False,False,False,False
W00/S3_PARENT/MTL_FULL_minus_STL_FULL/ECx_Development,W00/S3_PARENT/MTL_FULL_minus_STL_FULL,W00,S3_PARENT,neg_log10_mol_l,MTL_FULL_minus_STL_FULL,MTL_FULL,STL_FULL,ECx_Development,FORMAL_MACRO_NA,-0.0518296574077591,504,105,0.10774329440785518,-0.051053445150815634,0.2475234401775598,0.3929721405571889,MONTE_CARLO_CLUSTER_SIGN_FLIP_50000,HIGH,0.6524820446987286,1.0,FAVORS_STL,False,False,False,False
W00/S3_PARENT/MTL_FULL_minus_STL_FULL/ECx_Feeding,W00/S3_PARENT/MTL_FULL_minus_STL_FULL,W00,S3_PARENT,neg_log10_mol_l,MTL_FULL_minus_STL_FULL,MTL_FULL,STL_FULL,ECx_Feeding,FORMAL_MACRO_NA,-0.0518296574077591,39,20,-0.08564332838150673,-0.2788145280447359,0.055199966573758155,0.33451330973380533,MONTE_CARLO_CLUSTER_SIGN_FLIP_50000,ADEQUATE,0.5866340188419118,1.0,FAVORS_MTL,False,False,False,False
W00/S3_PARENT/MTL_FULL_minus_STL_FULL/ECx_GeneticDamage,W00/S3_PARENT/MTL_FULL_minus_STL_FULL,W00,S3_PARENT,neg_log10_mol_l,MTL_FULL_minus_STL_FULL,MTL_FULL,STL_FULL,ECx_GeneticDamage,FORMAL_MACRO_NA,-0.0518296574077591,47,19,-0.715143980984129,-0.9923531977957908,-0.11834521607670896,0.02363952720945581,MONTE_CARLO_CLUSTER_SIGN_FLIP_50000,LIMITED,0.12671746565068698,1.0,FAVORS_MTL,True,False,False,False
W00/S3_PARENT/MTL_FULL_minus_STL_FULL/ECx_Growth,W00/S3_PARENT/MTL_FULL_minus_STL_FULL,W00,S3_PARENT,neg_log10_mol_l,MTL_FULL_minus_STL_FULL,MTL_FULL,STL_FULL,ECx_Growth,FORMAL_MACRO_NA,-0.0518296574077591,725,116,-0.031001472855567182,-0.11329265513531163,0.037064517316554406,0.42003159936801265,MONTE_CARLO_CLUSTER_SIGN_FLIP_50000,HIGH,0.675,1.0,FAVORS_MTL,False,False,False,False
W00/S3_PARENT/MTL_FULL_minus_STL_FULL/ECx_Immobilization,W00/S3_PARENT/MTL_FULL_minus_STL_FULL,W00,S3_PARENT,neg_log10_mol_l,MTL_FULL_minus_STL_FULL,MTL_FULL,STL_FULL,ECx_Immobilization,FORMAL_MACRO_NA,-0.0518296574077591,1566,296,0.01514268823532412,-0.04446861392567311,0.0711695040252486,0.6172076558468831,MONTE_CARLO_CLUSTER_SIGN_FLIP_50000,HIGH,0.7818266491813021,1.0,FAVORS_STL,False,False,False,False
W00/S3_PARENT/MTL_FULL_minus_STL_FULL/ECx_Injury,W00/S3_PARENT/MTL_FULL_minus_STL_FULL,W00,S3_PARENT,neg_log10_mol_l,MTL_FULL_minus_STL_FULL,MTL_FULL,STL_FULL,ECx_Injury,FORMAL_MACRO_NA,-0.0518296574077591,65,41,-0.18668463924444872,-0.3049092611100927,-0.07305227054443418,0.0029399412011759767,MONTE_CARLO_CLUSTER_SIGN_FLIP_50000,ADEQUATE,0.0369592608147837,0.637967240655187,FAVORS_MTL,True,True,False,False
W00/S3_PARENT/MTL_FULL_minus_STL_FULL/ECx_Molting,W00/S3_PARENT/MTL_FULL_minus_STL_FULL,W00,S3_PARENT,neg_log10_mol_l,MTL_FULL_minus_STL_FULL,MTL_FULL,STL_FULL,ECx_Molting,FORMAL_MACRO_NA,-0.0518296574077591,182,58,0.016941974699645177,-0.058772906502651615,0.09151638697758804,0.6483270334593308,MONTE_CARLO_CLUSTER_SIGN_FLIP_50000,HIGH,0.8035602668228325,1.0,FAVORS_STL,False,False,False,False
W00/S3_PARENT/MTL_FULL_minus_STL_FULL/ECx_Morphology,W00/S3_PARENT/MTL_FULL_minus_STL_FULL,W00,S3_PARENT,neg_log10_mol_l,MTL_FULL_minus_STL_FULL,MTL_FULL,STL_FULL,ECx_Morphology,FORMAL_MACRO_NA,-0.0518296574077591,48,16,-0.3069020853658974,-0.4866588209293,-0.11368519635286502,0.01885986328125,EXACT_CLUSTER_SIGN_FLIP,LIMITED,0.11064453125,1.0,FAVORS_MTL,True,False,False,False
W00/S3_PARENT/MTL_FULL_minus_STL_FULL/ECx_Mortality,W00/S3_PARENT/MTL_FULL_minus_STL_FULL,W00,S3_PARENT,neg_log10_mol_l,MTL_FULL_minus_STL_FULL,MTL_FULL,STL_FULL,ECx_Mortality,FORMAL_MACRO_NA,-0.0518296574077591,14822,671,0.02334342655806639,-0.004560037542032431,0.04807429672593289,0.10761784764304715,MONTE_CARLO_CLUSTER_SIGN_FLIP_50000,HIGH,0.27792777477783775,1.0,FAVORS_STL,False,False,False,False
W00/S3_PARENT/MTL_FULL_minus_STL_FULL/ECx_Physiology,W00/S3_PARENT/MTL_FULL_minus_STL_FULL,W00,S3_PARENT,neg_log10_mol_l,MTL_FULL_minus_STL_FULL,MTL_FULL,STL_FULL,ECx_Physiology,FORMAL_MACRO_NA,-0.0518296574077591,447,107,0.008643720292329602,-0.061629509457506074,0.06717845104222456,0.7899842003159937,MONTE_CARLO_CLUSTER_SIGN_FLIP_50000,HIGH,0.9028390860754214,1.0,FAVORS_STL,False,False,False,False
W00/S3_PARENT/MTL_FULL_minus_STL_FULL/ECx_Population,W00/S3_PARENT/MTL_FULL_minus_STL_FULL,W00,S3_PARENT,neg_log10_mol_l,MTL_FULL_minus_STL_FULL,MTL_FULL,STL_FULL,ECx_Population,FORMAL_MACRO_NA,-0.0518296574077591,2104,310,-0.0148154449601865,-0.07414127778662812,0.04132595246894897,0.6058078838423232,MONTE_CARLO_CLUSTER_SIGN_FLIP_50000,HIGH,0.7818266491813021,1.0,FAVORS_MTL,False,False,False,False
W00/S3_PARENT/MTL_FULL_minus_STL_FULL/ECx_Reproduction,W00/S3_PARENT/MTL_FULL_minus_STL_FULL,W00,S3_PARENT,neg_log10_mol_l,MTL_FULL_minus_STL_FULL,MTL_FULL,STL_FULL,ECx_Reproduction,FORMAL_MACRO_NA,-0.0518296574077591,208,55,-0.13796935531584553,-0.27085927749473393,0.0017731681639240574,0.09209815803683927,MONTE_CARLO_CLUSTER_SIGN_FLIP_50000,HIGH,0.253269934601308,1.0,FAVORS_MTL,False,False,False,False
W00/S3_PARENT/MTL_FULL_minus_STL_FULL/EDx_Development,W00/S3_PARENT/MTL_FULL_minus_STL_FULL,W00,S3_PARENT,neg_log10_mol_l,MTL_FULL_minus_STL_FULL,MTL_FULL,STL_FULL,EDx_Development,FORMAL_MACRO_NA,-0.0518296574077591,5,5,0.001710866119827692,-0.12047171380640531,0.11852014408746178,1.0,EXACT_CLUSTER_SIGN_FLIP,LOW,1.0,1.0,FAVORS_STL,False,False,False,False
W00/S3_PARENT/MTL_FULL_minus_STL_FULL/EDx_Growth,W00/S3_PARENT/MTL_FULL_minus_STL_FULL,W00,S3_PARENT,neg_log10_mol_l,MTL_FULL_minus_STL_FULL,MTL_FULL,STL_FULL,EDx_Growth,FORMAL_MACRO_NA,-0.0518296574077591,1,1,0.26165415478014253,,,,NOT_ESTIMABLE_LT2_PARENTS,LOW,,,FAVORS_STL,False,False,False,False
W00/S3_PARENT/MTL_FULL_minus_STL_FULL/EDx_Molting,W00/S3_PARENT/MTL_FULL_minus_STL_FULL,W00,S3_PARENT,neg_log10_mol_l,MTL_FULL_minus_STL_FULL,MTL_FULL,STL_FULL,EDx_Molting,FORMAL_MACRO_NA,-0.0518296574077591,3,3,0.2435240466198921,0.10645488202175102,0.3652453833727076,0.25,EXACT_CLUSTER_SIGN_FLIP,LOW,0.5116279069767442,1.0,FAVORS_STL,True,False,False,False
W00/S3_PARENT/MTL_FULL_minus_STL_FULL/EDx_Physiology,W00/S3_PARENT/MTL_FULL_minus_STL_FULL,W00,S3_PARENT,neg_log10_mol_l,MTL_FULL_minus_STL_FULL,MTL_FULL,STL_FULL,EDx_Physiology,FORMAL_MACRO_NA,-0.0518296574077591,2,2,0.37998253585168007,0.16479240949610863,0.5951726622072515,0.5,EXACT_CLUSTER_SIGN_FLIP,LOW,0.7325819672131147,1.0,FAVORS_STL,True,False,False,False
W00/S3_PARENT/MTL_FULL_minus_STL_FULL/EDx_Population,W00/S3_PARENT/MTL_FULL_minus_STL_FULL,W00,S3_PARENT,neg_log10_mol_l,MTL_FULL_minus_STL_FULL,MTL_FULL,STL_FULL,EDx_Population,FORMAL_MACRO_NA,-0.0518296574077591,2,1,-0.12928151295114443,,,,NOT_ESTIMABLE_LT2_PARENTS,LOW,,,FAVORS_MTL,False,False,False,False
W00/S3_PARENT/MTL_FULL_minus_STL_FULL/ICx_Behavior,W00/S3_PARENT/MTL_FULL_minus_STL_FULL,W00,S3_PARENT,neg_log10_mol_l,MTL_FULL_minus_STL_FULL,MTL_FULL,STL_FULL,ICx_Behavior,FORMAL_MACRO_NA,-0.0518296574077591,3,3,0.18196143222332348,-0.5301665718438793,0.7441435274360204,0.75,EXACT_CLUSTER_SIGN_FLIP,LOW,0.8802170623254201,1.0,FAVORS_STL,False,False,False,False
W00/S3_PARENT/MTL_FULL_minus_STL_FULL/ICx_Biochemical,W00/S3_PARENT/MTL_FULL_minus_STL_FULL,W00,S3_PARENT,neg_log10_mol_l,MTL_FULL_minus_STL_FULL,MTL_FULL,STL_FULL,ICx_Biochemical,FORMAL_MACRO_NA,-0.0518296574077591,171,52,-0.09947638692313811,-0.24237932717333713,0.054338425893195486,0.31987360252794944,MONTE_CARLO_CLUSTER_SIGN_FLIP_50000,HIGH,0.5864349379679074,1.0,FAVORS_MTL,False,False,False,False
W00/S3_PARENT/MTL_FULL_minus_STL_FULL/ICx_Development,W00/S3_PARENT/MTL_FULL_minus_STL_FULL,W00,S3_PARENT,neg_log10_mol_l,MTL_FULL_minus_STL_FULL,MTL_FULL,STL_FULL,ICx_Development,FORMAL_MACRO_NA,-0.0518296574077591,29,4,-0.0483968331049234,-1.2392632136293626,0.20466930829210994,0.75,EXACT_CLUSTER_SIGN_FLIP,LOW,0.8802170623254201,1.0,FAVORS_MTL,False,False,False,False
W00/S3_PARENT/MTL_FULL_minus_STL_FULL/ICx_Feeding,W00/S3_PARENT/MTL_FULL_minus_STL_FULL,W00,S3_PARENT,neg_log10_mol_l,MTL_FULL_minus_STL_FULL,MTL_FULL,STL_FULL,ICx_Feeding,FORMAL_MACRO_NA,-0.0518296574077591,3,3,-0.22038513760194225,-0.3574712183312485,-0.0040053423733255045,0.25,EXACT_CLUSTER_SIGN_FLIP,LOW,0.5116279069767442,1.0,FAVORS_MTL,True,False,False,False
W00/S3_PARENT/MTL_FULL_minus_STL_FULL/ICx_GeneticDamage,W00/S3_PARENT/MTL_FULL_minus_STL_FULL,W00,S3_PARENT,neg_log10_mol_l,MTL_FULL_minus_STL_FULL,MTL_FULL,STL_FULL,ICx_GeneticDamage,FORMAL_MACRO_NA,-0.0518296574077591,6,6,-0.03303178637314419,-0.4704750941377325,0.3715564349118415,0.9375,EXACT_CLUSTER_SIGN_FLIP,LOW,1.0,1.0,FAVORS_MTL,False,False,False,False
W00/S3_PARENT/MTL_FULL_minus_STL_FULL/ICx_Growth,W00/S3_PARENT/MTL_FULL_minus_STL_FULL,W00,S3_PARENT,neg_log10_mol_l,MTL_FULL_minus_STL_FULL,MTL_FULL,STL_FULL,ICx_Growth,FORMAL_MACRO_NA,-0.0518296574077591,108,27,-0.04100756824958206,-0.24672545819569563,0.20740051874633691,0.7643247135057298,MONTE_CARLO_CLUSTER_SIGN_FLIP_50000,ADEQUATE,0.8850075630066346,1.0,FAVORS_MTL,False,False,False,False
W00/S3_PARENT/MTL_FULL_minus_STL_FULL/ICx_Immobilization,W00/S3_PARENT/MTL_FULL_minus_STL_FULL,W00,S3_PARENT,neg_log10_mol_l,MTL_FULL_minus_STL_FULL,MTL_FULL,STL_FULL,ICx_Immobilization,FORMAL_MACRO_NA,-0.0518296574077591,17,11,0.41969701574802126,-0.022771285116113284,0.7361114096877984,0.0771484375,EXACT_CLUSTER_SIGN_FLIP,LIMITED,0.22970377604166667,1.0,FAVORS_STL,False,False,False,False
W00/S3_PARENT/MTL_FULL_minus_STL_FULL/ICx_Mortality,W00/S3_PARENT/MTL_FULL_minus_STL_FULL,W00,S3_PARENT,neg_log10_mol_l,MTL_FULL_minus_STL_FULL,MTL_FULL,STL_FULL,ICx_Mortality,FORMAL_MACRO_NA,-0.0518296574077591,23,8,0.06820173559363286,-0.7178676186826723,1.0473120753439238,0.8984375,EXACT_CLUSTER_SIGN_FLIP,LOW,0.98828125,1.0,FAVORS_STL,False,False,False,False
W00/S3_PARENT/MTL_FULL_minus_STL_FULL/ICx_Physiology,W00/S3_PARENT/MTL_FULL_minus_STL_FULL,W00,S3_PARENT,neg_log10_mol_l,MTL_FULL_minus_STL_FULL,MTL_FULL,STL_FULL,ICx_Physiology,FORMAL_MACRO_NA,-0.0518296574077591,164,43,-0.10687628432535351,-0.21185594022918977,-0.008941877960296296,0.05983880322393552,MONTE_CARLO_CLUSTER_SIGN_FLIP_50000,ADEQUATE,0.21940894515443024,1.0,FAVORS_MTL,True,False,False,False
W00/S3_PARENT/MTL_FULL_minus_STL_FULL/ICx_Population,W00/S3_PARENT/MTL_FULL_minus_STL_FULL,W00,S3_PARENT,neg_log10_mol_l,MTL_FULL_minus_STL_FULL,MTL_FULL,STL_FULL,ICx_Population,FORMAL_MACRO_NA,-0.0518296574077591,289,105,-0.0014537588811419978,-0.05221394967644375,0.04790865655075985,0.9551208975820483,MONTE_CARLO_CLUSTER_SIGN_FLIP_50000,HIGH,1.0,1.0,FAVORS_MTL,False,False,False,False
W00/S3_PARENT/MTL_FULL_minus_STL_FULL/ICx_Reproduction,W00/S3_PARENT/MTL_FULL_minus_STL_FULL,W00,S3_PARENT,neg_log10_mol_l,MTL_FULL_minus_STL_FULL,MTL_FULL,STL_FULL,ICx_Reproduction,FORMAL_MACRO_NA,-0.0518296574077591,66,12,-0.08683055899158462,-0.2412089165263001,0.2119358734174427,0.57666015625,EXACT_CLUSTER_SIGN_FLIP,LIMITED,0.7708333333333334,1.0,FAVORS_MTL,False,False,False,False
W00/S3_PARENT/MTL_FULL_minus_STL_FULL/LDx_Injury,W00/S3_PARENT/MTL_FULL_minus_STL_FULL,W00,S3_PARENT,neg_log10_mol_l,MTL_FULL_minus_STL_FULL,MTL_FULL,STL_FULL,LDx_Injury,FORMAL_MACRO_NA,-0.0518296574077591,5,5,0.12375722917029286,-0.03430760900315706,0.28678080034964165,0.3125,EXACT_CLUSTER_SIGN_FLIP,LOW,0.5851063829787234,1.0,FAVORS_STL,False,False,False,False
W00/S3_PARENT/MTL_FULL_minus_STL_FULL/LDx_Mortality,W00/S3_PARENT/MTL_FULL_minus_STL_FULL,W00,S3_PARENT,neg_log10_mol_l,MTL_FULL_minus_STL_FULL,MTL_FULL,STL_FULL,LDx_Mortality,FORMAL_MACRO_NA,-0.0518296574077591,239,55,-0.0495475603808676,-0.09482933568841201,8.019080062873543e-05,0.0752384952300954,MONTE_CARLO_CLUSTER_SIGN_FLIP_50000,HIGH,0.22970377604166667,1.0,FAVORS_MTL,False,False,False,False
W00/S3_PARENT/MTL_FULL_minus_STL_FULL/LDx_Physiology,W00/S3_PARENT/MTL_FULL_minus_STL_FULL,W00,S3_PARENT,neg_log10_mol_l,MTL_FULL_minus_STL_FULL,MTL_FULL,STL_FULL,LDx_Physiology,FORMAL_MACRO_NA,-0.0518296574077591,6,1,-0.03835725950527724,,,,NOT_ESTIMABLE_LT2_PARENTS,LOW,,,FAVORS_MTL,False,False,False,False
W00/S3_PARENT/MTL_FULL_minus_STL_FULL/LOEC_Accumulation,W00/S3_PARENT/MTL_FULL_minus_STL_FULL,W00,S3_PARENT,neg_log10_mol_l,MTL_FULL_minus_STL_FULL,MTL_FULL,STL_FULL,LOEC_Accumulation,FORMAL_MACRO_NA,-0.0518296574077591,43,22,-0.16671973423630665,-0.4010773532239311,0.01761756015045234,0.11369772604547909,MONTE_CARLO_CLUSTER_SIGN_FLIP_50000,ADEQUATE,0.27792777477783775,1.0,FAVORS_MTL,False,False,False,False
W00/S3_PARENT/MTL_FULL_minus_STL_FULL/LOEC_Behavior,W00/S3_PARENT/MTL_FULL_minus_STL_FULL,W00,S3_PARENT,neg_log10_mol_l,MTL_FULL_minus_STL_FULL,MTL_FULL,STL_FULL,LOEC_Behavior,FORMAL_MACRO_NA,-0.0518296574077591,332,79,-0.07888682697444924,-0.1290774267441167,-0.028860544570683593,0.00493990120197596,MONTE_CARLO_CLUSTER_SIGN_FLIP_50000,HIGH,0.048301256197098276,1.0,FAVORS_MTL,True,True,False,False
W00/S3_PARENT/MTL_FULL_minus_STL_FULL/LOEC_Biochemical,W00/S3_PARENT/MTL_FULL_minus_STL_FULL,W00,S3_PARENT,neg_log10_mol_l,MTL_FULL_minus_STL_FULL,MTL_FULL,STL_FULL,LOEC_Biochemical,FORMAL_MACRO_NA,-0.0518296574077591,1314,142,-0.07978079685571089,-0.12520287965966848,-0.04111842023773129,0.0010399792004159916,MONTE_CARLO_CLUSTER_SIGN_FLIP_50000,HIGH,0.01935961280774385,0.24231515369692605,FAVORS_MTL,True,True,False,False
W00/S3_PARENT/MTL_FULL_minus_STL_FULL/LOEC_Development,W00/S3_PARENT/MTL_FULL_minus_STL_FULL,W00,S3_PARENT,neg_log10_mol_l,MTL_FULL_minus_STL_FULL,MTL_FULL,STL_FULL,LOEC_Development,FORMAL_MACRO_NA,-0.0518296574077591,422,120,-0.06860640913208553,-0.13849117032053612,-0.006819098902471579,0.04031919361612768,MONTE_CARLO_CLUSTER_SIGN_FLIP_50000,HIGH,0.16127677446451072,1.0,FAVORS_MTL,True,False,False,False
W00/S3_PARENT/MTL_FULL_minus_STL_FULL/LOEC_Feeding,W00/S3_PARENT/MTL_FULL_minus_STL_FULL,W00,S3_PARENT,neg_log10_mol_l,MTL_FULL_minus_STL_FULL,MTL_FULL,STL_FULL,LOEC_Feeding,FORMAL_MACRO_NA,-0.0518296574077591,29,20,-0.024693873819760778,-0.10715411058921043,0.05243101673604878,0.5500289994200116,MONTE_CARLO_CLUSTER_SIGN_FLIP_50000,ADEQUATE,0.7682944753803337,1.0,FAVORS_MTL,False,False,False,False
W00/S3_PARENT/MTL_FULL_minus_STL_FULL/LOEC_GeneticDamage,W00/S3_PARENT/MTL_FULL_minus_STL_FULL,W00,S3_PARENT,neg_log10_mol_l,MTL_FULL_minus_STL_FULL,MTL_FULL,STL_FULL,LOEC_GeneticDamage,FORMAL_MACRO_NA,-0.0518296574077591,857,123,-0.03291354816613194,-0.08642075174458833,0.016433615012457513,0.20591588168236635,MONTE_CARLO_CLUSTER_SIGN_FLIP_50000,HIGH,0.46463070738585227,1.0,FAVORS_MTL,False,False,False,False
W00/S3_PARENT/MTL_FULL_minus_STL_FULL/LOEC_Growth,W00/S3_PARENT/MTL_FULL_minus_STL_FULL,W00,S3_PARENT,neg_log10_mol_l,MTL_FULL_minus_STL_FULL,MTL_FULL,STL_FULL,LOEC_Growth,FORMAL_MACRO_NA,-0.0518296574077591,853,166,-0.13317012560127622,-0.20036104703655533,-0.07016886430153972,0.00023999520009599807,MONTE_CARLO_CLUSTER_SIGN_FLIP_50000,HIGH,0.010559788804223915,0.05903881922361553,FAVORS_MTL,True,True,False,False
W00/S3_PARENT/MTL_FULL_minus_STL_FULL/LOEC_Immobilization,W00/S3_PARENT/MTL_FULL_minus_STL_FULL,W00,S3_PARENT,neg_log10_mol_l,MTL_FULL_minus_STL_FULL,MTL_FULL,STL_FULL,LOEC_Immobilization,FORMAL_MACRO_NA,-0.0518296574077591,61,27,-0.09525675792,-0.3721269062721136,0.1304849024751113,0.47025059498810023,MONTE_CARLO_CLUSTER_SIGN_FLIP_50000,ADEQUATE,0.7325819672131147,1.0,FAVORS_MTL,False,False,False,False
W00/S3_PARENT/MTL_FULL_minus_STL_FULL/LOEC_Injury,W00/S3_PARENT/MTL_FULL_minus_STL_FULL,W00,S3_PARENT,neg_log10_mol_l,MTL_FULL_minus_STL_FULL,MTL_FULL,STL_FULL,LOEC_Injury,FORMAL_MACRO_NA,-0.0518296574077591,113,48,-0.13006957253562318,-0.2806616305889456,-0.0015650424672928385,0.0634387312253755,MONTE_CARLO_CLUSTER_SIGN_FLIP_50000,ADEQUATE,0.22330433391332175,1.0,FAVORS_MTL,True,False,False,False
W00/S3_PARENT/MTL_FULL_minus_STL_FULL/LOEC_Molting,W00/S3_PARENT/MTL_FULL_minus_STL_FULL,W00,S3_PARENT,neg_log10_mol_l,MTL_FULL_minus_STL_FULL,MTL_FULL,STL_FULL,LOEC_Molting,FORMAL_MACRO_NA,-0.0518296574077591,24,17,-0.6277827134450503,-1.1258843815167876,-0.23823195600809882,0.00225830078125,EXACT_CLUSTER_SIGN_FLIP,LIMITED,0.033121744791666664,0.496826171875,FAVORS_MTL,True,True,False,False
W00/S3_PARENT/MTL_FULL_minus_STL_FULL/LOEC_Morphology,W00/S3_PARENT/MTL_FULL_minus_STL_FULL,W00,S3_PARENT,neg_log10_mol_l,MTL_FULL_minus_STL_FULL,MTL_FULL,STL_FULL,LOEC_Morphology,FORMAL_MACRO_NA,-0.0518296574077591,168,44,-0.12007553961251496,-0.2789036710656291,0.01227575414699646,0.0880182396352073,MONTE_CARLO_CLUSTER_SIGN_FLIP_50000,ADEQUATE,0.2498582286418788,1.0,FAVORS_MTL,False,False,False,False
W00/S3_PARENT/MTL_FULL_minus_STL_FULL/LOEC_Mortality,W00/S3_PARENT/MTL_FULL_minus_STL_FULL,W00,S3_PARENT,neg_log10_mol_l,MTL_FULL_minus_STL_FULL,MTL_FULL,STL_FULL,LOEC_Mortality,FORMAL_MACRO_NA,-0.0518296574077591,831,175,-0.11981256224172827,-0.20275798933729802,-0.02933678124709359,0.016439671206575867,MONTE_CARLO_CLUSTER_SIGN_FLIP_50000,HIGH,0.10333507615561974,1.0,FAVORS_MTL,True,False,False,False
W00/S3_PARENT/MTL_FULL_minus_STL_FULL/LOEC_Physiology,W00/S3_PARENT/MTL_FULL_minus_STL_FULL,W00,S3_PARENT,neg_log10_mol_l,MTL_FULL_minus_STL_FULL,MTL_FULL,STL_FULL,LOEC_Physiology,FORMAL_MACRO_NA,-0.0518296574077591,721,123,-0.029067621270540352,-0.10428605309933014,0.02937605212809206,0.38379232415351694,MONTE_CARLO_CLUSTER_SIGN_FLIP_50000,HIGH,0.6494947024136442,1.0,FAVORS_MTL,False,False,False,False
W00/S3_PARENT/MTL_FULL_minus_STL_FULL/LOEC_Population,W00/S3_PARENT/MTL_FULL_minus_STL_FULL,W00,S3_PARENT,neg_log10_mol_l,MTL_FULL_minus_STL_FULL,MTL_FULL,STL_FULL,LOEC_Population,FORMAL_MACRO_NA,-0.0518296574077591,936,145,-0.11228013480027432,-0.2006962415402949,-0.012003738513068917,0.026079478410431792,MONTE_CARLO_CLUSTER_SIGN_FLIP_50000,HIGH,0.12671746565068698,1.0,FAVORS_MTL,True,False,False,False
W00/S3_PARENT/MTL_FULL_minus_STL_FULL/LOEC_Reproduction,W00/S3_PARENT/MTL_FULL_minus_STL_FULL,W00,S3_PARENT,neg_log10_mol_l,MTL_FULL_minus_STL_FULL,MTL_FULL,STL_FULL,LOEC_Reproduction,FORMAL_MACRO_NA,-0.0518296574077591,495,138,-0.13937389987965196,-0.24630305162126057,-0.0399315993670071,0.004799904001919961,MONTE_CARLO_CLUSTER_SIGN_FLIP_50000,HIGH,0.048301256197098276,1.0,FAVORS_MTL,True,True,False,False
W00/S3_PARENT/MTL_FULL_minus_STL_FULL/MATC_Behavior,W00/S3_PARENT/MTL_FULL_minus_STL_FULL,W00,S3_PARENT,neg_log10_mol_l,MTL_FULL_minus_STL_FULL,MTL_FULL,STL_FULL,MATC_Behavior,FORMAL_MACRO_NA,-0.0518296574077591,2,2,0.1084822504160119,0.035082802452921946,0.18188169837910184,0.5,EXACT_CLUSTER_SIGN_FLIP,LOW,0.7325819672131147,1.0,FAVORS_STL,True,False,False,False
W00/S3_PARENT/MTL_FULL_minus_STL_FULL/MATC_Biochemical,W00/S3_PARENT/MTL_FULL_minus_STL_FULL,W00,S3_PARENT,neg_log10_mol_l,MTL_FULL_minus_STL_FULL,MTL_FULL,STL_FULL,MATC_Biochemical,FORMAL_MACRO_NA,-0.0518296574077591,6,3,-0.032445659709192665,-0.07859433639327928,0.16615340056267325,0.75,EXACT_CLUSTER_SIGN_FLIP,LOW,0.8802170623254201,1.0,FAVORS_MTL,False,False,False,False
W00/S3_PARENT/MTL_FULL_minus_STL_FULL/MATC_Development,W00/S3_PARENT/MTL_FULL_minus_STL_FULL,W00,S3_PARENT,neg_log10_mol_l,MTL_FULL_minus_STL_FULL,MTL_FULL,STL_FULL,MATC_Development,FORMAL_MACRO_NA,-0.0518296574077591,15,11,0.004068365626525979,-0.24655828567027127,0.28166635948464047,0.978515625,EXACT_CLUSTER_SIGN_FLIP,LIMITED,1.0,1.0,FAVORS_STL,False,False,False,False
W00/S3_PARENT/MTL_FULL_minus_STL_FULL/MATC_Growth,W00/S3_PARENT/MTL_FULL_minus_STL_FULL,W00,S3_PARENT,neg_log10_mol_l,MTL_FULL_minus_STL_FULL,MTL_FULL,STL_FULL,MATC_Growth,FORMAL_MACRO_NA,-0.0518296574077591,56,24,-0.18494736825678354,-0.3218505362998435,-0.07548551181950254,0.007339853202935941,MONTE_CARLO_CLUSTER_SIGN_FLIP_50000,ADEQUATE,0.05871882562348752,1.0,FAVORS_MTL,True,False,False,False
W00/S3_PARENT/MTL_FULL_minus_STL_FULL/MATC_Immobilization,W00/S3_PARENT/MTL_FULL_minus_STL_FULL,W00,S3_PARENT,neg_log10_mol_l,MTL_FULL_minus_STL_FULL,MTL_FULL,STL_FULL,MATC_Immobilization,FORMAL_MACRO_NA,-0.0518296574077591,3,1,-0.06152170657127528,,,,NOT_ESTIMABLE_LT2_PARENTS,LOW,,,FAVORS_MTL,False,False,False,False
W00/S3_PARENT/MTL_FULL_minus_STL_FULL/MATC_Molting,W00/S3_PARENT/MTL_FULL_minus_STL_FULL,W00,S3_PARENT,neg_log10_mol_l,MTL_FULL_minus_STL_FULL,MTL_FULL,STL_FULL,MATC_Molting,FORMAL_MACRO_NA,-0.0518296574077591,4,4,-0.35071346233248235,-0.5035970102395422,-0.19782991442542253,0.125,EXACT_CLUSTER_SIGN_FLIP,LOW,0.2972972972972973,1.0,FAVORS_MTL,True,False,False,False
W00/S3_PARENT/MTL_FULL_minus_STL_FULL/MATC_Mortality,W00/S3_PARENT/MTL_FULL_minus_STL_FULL,W00,S3_PARENT,neg_log10_mol_l,MTL_FULL_minus_STL_FULL,MTL_FULL,STL_FULL,MATC_Mortality,FORMAL_MACRO_NA,-0.0518296574077591,94,34,-0.2108610820781334,-0.30100693210942014,-0.13168427930459836,5.999880002399952e-05,MONTE_CARLO_CLUSTER_SIGN_FLIP_50000,ADEQUATE,0.005279894402111958,0.015479690406191876,FAVORS_MTL,True,True,True,False
W00/S3_PARENT/MTL_FULL_minus_STL_FULL/MATC_Physiology,W00/S3_PARENT/MTL_FULL_minus_STL_FULL,W00,S3_PARENT,neg_log10_mol_l,MTL_FULL_minus_STL_FULL,MTL_FULL,STL_FULL,MATC_Physiology,FORMAL_MACRO_NA,-0.0518296574077591,3,2,0.3629594853212552,0.23553303407823378,0.42667271094276593,0.5,EXACT_CLUSTER_SIGN_FLIP,LOW,0.7325819672131147,1.0,FAVORS_STL,True,False,False,False
W00/S3_PARENT/MTL_FULL_minus_STL_FULL/MATC_Population,W00/S3_PARENT/MTL_FULL_minus_STL_FULL,W00,S3_PARENT,neg_log10_mol_l,MTL_FULL_minus_STL_FULL,MTL_FULL,STL_FULL,MATC_Population,FORMAL_MACRO_NA,-0.0518296574077591,20,9,-0.04391169829148529,-0.18143280201799267,0.1299590651080721,0.60546875,EXACT_CLUSTER_SIGN_FLIP,LOW,0.7818266491813021,1.0,FAVORS_MTL,False,False,False,False
W00/S3_PARENT/MTL_FULL_minus_STL_FULL/MATC_Reproduction,W00/S3_PARENT/MTL_FULL_minus_STL_FULL,W00,S3_PARENT,neg_log10_mol_l,MTL_FULL_minus_STL_FULL,MTL_FULL,STL_FULL,MATC_Reproduction,FORMAL_MACRO_NA,-0.0518296574077591,34,24,-0.19586686657760558,-0.31467739191427113,-0.07061374334034738,0.006039879202415952,MONTE_CARLO_CLUSTER_SIGN_FLIP_50000,ADEQUATE,0.053150936981260374,1.0,FAVORS_MTL,True,False,False,False
W00/S3_PARENT/MTL_FULL_minus_STL_FULL/NOEC_Accumulation,W00/S3_PARENT/MTL_FULL_minus_STL_FULL,W00,S3_PARENT,neg_log10_mol_l,MTL_FULL_minus_STL_FULL,MTL_FULL,STL_FULL,NOEC_Accumulation,FORMAL_MACRO_NA,-0.0518296574077591,31,16,-0.19185423565117213,-0.3744726965812097,-0.0012910099718061764,0.07830810546875,EXACT_CLUSTER_SIGN_FLIP,LIMITED,0.22970377604166667,1.0,FAVORS_MTL,True,False,False,False
W00/S3_PARENT/MTL_FULL_minus_STL_FULL/NOEC_Behavior,W00/S3_PARENT/MTL_FULL_minus_STL_FULL,W00,S3_PARENT,neg_log10_mol_l,MTL_FULL_minus_STL_FULL,MTL_FULL,STL_FULL,NOEC_Behavior,FORMAL_MACRO_NA,-0.0518296574077591,434,113,-0.07133025124792777,-0.13884968278012452,0.0072843064995350626,0.10807783844323114,MONTE_CARLO_CLUSTER_SIGN_FLIP_50000,HIGH,0.27792777477783775,1.0,FAVORS_MTL,False,False,False,False
W00/S3_PARENT/MTL_FULL_minus_STL_FULL/NOEC_Biochemical,W00/S3_PARENT/MTL_FULL_minus_STL_FULL,W00,S3_PARENT,neg_log10_mol_l,MTL_FULL_minus_STL_FULL,MTL_FULL,STL_FULL,NOEC_Biochemical,FORMAL_MACRO_NA,-0.0518296574077591,1258,158,-0.04315581806035548,-0.1357912059074909,0.03745513145080556,0.3277734445311094,MONTE_CARLO_CLUSTER_SIGN_FLIP_50000,HIGH,0.5866340188419118,1.0,FAVORS_MTL,False,False,False,False
W00/S3_PARENT/MTL_FULL_minus_STL_FULL/NOEC_Development,W00/S3_PARENT/MTL_FULL_minus_STL_FULL,W00,S3_PARENT,neg_log10_mol_l,MTL_FULL_minus_STL_FULL,MTL_FULL,STL_FULL,NOEC_Development,FORMAL_MACRO_NA,-0.0518296574077591,593,146,-0.03560522260138308,-0.12061557840998306,0.06321522832261167,0.5283894322113558,MONTE_CARLO_CLUSTER_SIGN_FLIP_50000,HIGH,0.749972097332247,1.0,FAVORS_MTL,False,False,False,False
W00/S3_PARENT/MTL_FULL_minus_STL_FULL/NOEC_Feeding,W00/S3_PARENT/MTL_FULL_minus_STL_FULL,W00,S3_PARENT,neg_log10_mol_l,MTL_FULL_minus_STL_FULL,MTL_FULL,STL_FULL,NOEC_Feeding,FORMAL_MACRO_NA,-0.0518296574077591,74,23,-0.24975567065583973,-0.3731627564945364,-0.06004086608830733,0.03107937841243175,MONTE_CARLO_CLUSTER_SIGN_FLIP_50000,ADEQUATE,0.1367492650146997,1.0,FAVORS_MTL,True,False,False,False
W00/S3_PARENT/MTL_FULL_minus_STL_FULL/NOEC_GeneticDamage,W00/S3_PARENT/MTL_FULL_minus_STL_FULL,W00,S3_PARENT,neg_log10_mol_l,MTL_FULL_minus_STL_FULL,MTL_FULL,STL_FULL,NOEC_GeneticDamage,FORMAL_MACRO_NA,-0.0518296574077591,838,118,-0.07324789822703505,-0.140355340585504,-0.0028939089634502898,0.07623847523049539,MONTE_CARLO_CLUSTER_SIGN_FLIP_50000,HIGH,0.22970377604166667,1.0,FAVORS_MTL,True,False,False,False
W00/S3_PARENT/MTL_FULL_minus_STL_FULL/NOEC_Growth,W00/S3_PARENT/MTL_FULL_minus_STL_FULL,W00,S3_PARENT,neg_log10_mol_l,MTL_FULL_minus_STL_FULL,MTL_FULL,STL_FULL,NOEC_Growth,FORMAL_MACRO_NA,-0.0518296574077591,1168,194,-0.08003680051350272,-0.13168309630956496,-0.033855973424777655,0.0010999780004399913,MONTE_CARLO_CLUSTER_SIGN_FLIP_50000,HIGH,0.01935961280774385,0.254094918101638,FAVORS_MTL,True,True,False,False
W00/S3_PARENT/MTL_FULL_minus_STL_FULL/NOEC_Immobilization,W00/S3_PARENT/MTL_FULL_minus_STL_FULL,W00,S3_PARENT,neg_log10_mol_l,MTL_FULL_minus_STL_FULL,MTL_FULL,STL_FULL,NOEC_Immobilization,FORMAL_MACRO_NA,-0.0518296574077591,275,139,-0.07599741525641104,-0.17687944216967005,0.020127009087272437,0.1388772224555509,MONTE_CARLO_CLUSTER_SIGN_FLIP_50000,HIGH,0.32161040989706524,1.0,FAVORS_MTL,False,False,False,False
W00/S3_PARENT/MTL_FULL_minus_STL_FULL/NOEC_Injury,W00/S3_PARENT/MTL_FULL_minus_STL_FULL,W00,S3_PARENT,neg_log10_mol_l,MTL_FULL_minus_STL_FULL,MTL_FULL,STL_FULL,NOEC_Injury,FORMAL_MACRO_NA,-0.0518296574077591,155,79,-0.09729904982062551,-0.1971282989513717,0.00507260106728989,0.06715865682686346,MONTE_CARLO_CLUSTER_SIGN_FLIP_50000,HIGH,0.2273062231063071,1.0,FAVORS_MTL,False,False,False,False
W00/S3_PARENT/MTL_FULL_minus_STL_FULL/NOEC_Molting,W00/S3_PARENT/MTL_FULL_minus_STL_FULL,W00,S3_PARENT,neg_log10_mol_l,MTL_FULL_minus_STL_FULL,MTL_FULL,STL_FULL,NOEC_Molting,FORMAL_MACRO_NA,-0.0518296574077591,47,26,-0.27235588217455137,-0.4497978939452572,-0.08543283399108788,0.009859802803943921,MONTE_CARLO_CLUSTER_SIGN_FLIP_50000,ADEQUATE,0.07230522056225543,1.0,FAVORS_MTL,True,False,False,False
W00/S3_PARENT/MTL_FULL_minus_STL_FULL/NOEC_Morphology,W00/S3_PARENT/MTL_FULL_minus_STL_FULL,W00,S3_PARENT,neg_log10_mol_l,MTL_FULL_minus_STL_FULL,MTL_FULL,STL_FULL,NOEC_Morphology,FORMAL_MACRO_NA,-0.0518296574077591,281,75,-0.11614648523587309,-0.21205020429935736,-0.025805394743423908,0.024479510409791804,MONTE_CARLO_CLUSTER_SIGN_FLIP_50000,HIGH,0.12671746565068698,1.0,FAVORS_MTL,True,False,False,False
W00/S3_PARENT/MTL_FULL_minus_STL_FULL/NOEC_Mortality,W00/S3_PARENT/MTL_FULL_minus_STL_FULL,W00,S3_PARENT,neg_log10_mol_l,MTL_FULL_minus_STL_FULL,MTL_FULL,STL_FULL,NOEC_Mortality,FORMAL_MACRO_NA,-0.0518296574077591,1793,289,-0.021838154112256626,-0.059278748453349205,0.019529112055183852,0.28997420051598966,MONTE_CARLO_CLUSTER_SIGN_FLIP_50000,HIGH,0.5670606587868242,1.0,FAVORS_MTL,False,False,False,False
W00/S3_PARENT/MTL_FULL_minus_STL_FULL/NOEC_Physiology,W00/S3_PARENT/MTL_FULL_minus_STL_FULL,W00,S3_PARENT,neg_log10_mol_l,MTL_FULL_minus_STL_FULL,MTL_FULL,STL_FULL,NOEC_Physiology,FORMAL_MACRO_NA,-0.0518296574077591,798,151,-0.016294511878833236,-0.08212661635616292,0.03900794070957237,0.6219075618487631,MONTE_CARLO_CLUSTER_SIGN_FLIP_50000,HIGH,0.7818266491813021,1.0,FAVORS_MTL,False,False,False,False
W00/S3_PARENT/MTL_FULL_minus_STL_FULL/NOEC_Population,W00/S3_PARENT/MTL_FULL_minus_STL_FULL,W00,S3_PARENT,neg_log10_mol_l,MTL_FULL_minus_STL_FULL,MTL_FULL,STL_FULL,NOEC_Population,FORMAL_MACRO_NA,-0.0518296574077591,1386,176,-0.12355205038270282,-0.2320569885362942,-0.007674431276844868,0.0371792564148717,MONTE_CARLO_CLUSTER_SIGN_FLIP_50000,HIGH,0.15579878878612904,1.0,FAVORS_MTL,True,False,False,False
W00/S3_PARENT/MTL_FULL_minus_STL_FULL/NOEC_Reproduction,W00/S3_PARENT/MTL_FULL_minus_STL_FULL,W00,S3_PARENT,neg_log10_mol_l,MTL_FULL_minus_STL_FULL,MTL_FULL,STL_FULL,NOEC_Reproduction,FORMAL_MACRO_NA,-0.0518296574077591,620,161,-0.11930566896135844,-0.20048992946038213,-0.030413557575427127,0.012359752804943901,MONTE_CARLO_CLUSTER_SIGN_FLIP_50000,HIGH,0.08366601898731256,1.0,FAVORS_MTL,True,False,False,False
